address,pointer
0x000000FC,08060fad
0x0000041D,08228220
0x000005CA,0820e583
0x0000073B,08060a00
0x0000076B,08140a00
0x00000916,08000000
0x00000961,08041e10
0x0000099B,080c0602
0x000009D0,08060605
0x000009ED,08060401
0x000009EE,08080604
0x00000A0F,080a0603
0x00000A69,08060101
0x00000A96,08010100
0x00000A97,08080101
0x00000ADF,08020100
0x00000B20,08020100
0x00000B63,08060605
0x00000B85,08060605
0x00000BAF,080a1304
0x00000BD0,08020100
0x00000BD1,08080201
0x00000C37,08060100
0x00000C68,08004881
0x00000C6F,08060100
0x00000CA8,08090601
0x00000CCB,08090601
0x00000D2D,08060100
0x00000DA1,08060100
0x00000EF3,08060100
0x00000F5F,08060100
0x00000FCB,08060100
0x00001037,08060100
0x0000106B,08060100
0x000012FE,08070101
0x0000132A,08060101
0x00001395,08050101
0x000013C7,08060101
0x0000142B,08010100
0x0000149F,080a030a
0x000014B5,08000048
0x000014BF,08050101
0x000014C1,080a0805
0x000014C6,08010102
0x0000152D,08060101
0x0000152E,08080601
0x0000152F,08080806
0x00001534,08020102
0x000015C7,08020100
0x000015F7,08000048
0x0000162C,08004881
0x0000167C,08020205
0x000016AC,08020205
0x000016F1,08020100
0x000017B2,08000048
0x000017C5,08101e04
0x00001A02,08070101
0x00001B1B,08070b02
0x00001B1D,080a0807
0x00001B82,080b0201
0x00001B84,0808080b
0x00001B85,08080808
0x00001C21,08010004
0x00001C23,08020801
0x00001C28,08050004
0x00001C5D,08030004
0x000042BB,081e0c00
0x00005215,08100607
0x0000527A,08090401
0x0000529B,08060401
0x00005316,08090401
0x0000533B,08060401
0x000053B6,08090401
0x000053DB,08070401
0x00005402,08070401
0x000057FC,08005814
0x00005804,0800583c
0x0000580C,080059e9
0x00005814,080058fc
0x0000581C,0800582c
0x00005824,080059e9
0x0000582C,080059e9
0x00005834,08005a33
0x0000583C,08005d24
0x00005844,08005997
0x0000584C,08005a33
0x00005854,0800586c
0x0000585C,08005894
0x00005864,08005b04
0x0000586C,08005a89
0x00005874,08005884
0x0000587C,08005b2d
0x00005884,08005b2d
0x0000588C,08005b60
0x00005894,08005d24
0x0000589C,08005b04
0x000058A4,08005b60
0x000058AC,080058c4
0x000058B4,080058ec
0x000058BC,08005b93
0x000058C4,08005b93
0x000058CC,080058dc
0x000058D4,08005cb6
0x000058DC,08005be9
0x000058E4,08005c95
0x000058EC,08005d04
0x000058F4,08005cdb
0x000058FC,08005c3d
0x00005902,08020302
0x00005928,08007681
0x00005969,08020201
0x0000599C,08020100
0x000059EE,08020200
0x00005A38,08020300
0x00005A8F,08020202
0x00005AB3,08007681
0x00005B09,08020100
0x00005B32,08020200
0x00005B65,08020300
0x00005B99,08000201
0x00005BBD,08007681
0x00005BEF,08000300
0x00005C0F,08007681
0x00005C67,08007681
0x00005C9A,08010300
0x00005CE0,08010100
0x00005D80,08005d98
0x00005D88,08005dc0
0x00005D90,08005f73
0x00005D98,08005ed8
0x00005DA0,08005db0
0x00005DA8,08005fc5
0x00005DB0,08005fc5
0x00005DB8,0800600f
0x00005DC0,080062df
0x00005DC8,08005f73
0x00005DD0,0800600f
0x00005DD8,08005df0
0x00005DE0,08005e18
0x00005DE8,080060d3
0x00005DF0,08006065
0x00005DF5,08020000
0x00005DF8,08005e08
0x00005E00,080060fc
0x00005E08,080060fc
0x00005E10,0800612f
0x00005E18,080062df
0x00005E20,080060d3
0x00005E28,0800612f
0x00005E30,08005e48
0x00005E38,08005e70
0x00005E40,08006162
0x00005E48,08006162
0x00005E50,08005e60
0x00005E58,0800618b
0x00005E60,0800618b
0x00005E68,080061b0
0x00005E70,080062bf
0x00005E78,08006162
0x00005E80,080061b0
0x00005E88,08005ea0
0x00005E90,08005ec8
0x00005E98,080061d1
0x00005EA0,080061d1
0x00005EA8,08005eb8
0x00005EB0,0800621f
0x00005EB8,0800621f
0x00005EC0,08006277
0x00005EC8,08006332
0x00005ED0,080061d1
0x00005ED8,08006277
0x00005EDE,08020302
0x00005F04,08007681
0x00005F45,08020201
0x00005F78,08020100
0x00005FCA,08020200
0x00006014,08020300
0x0000606B,08020302
0x00006099,08007681
0x000060AF,08020100
0x000060D8,08020100
0x00006101,08020200
0x00006134,08020300
0x00006167,08010100
0x000061B5,08010300
0x000061D6,08010100
0x0000627C,08010300
0x0000636B,08006383
0x00006373,080063ab
0x0000637B,0800655e
0x00006383,080064c3
0x0000638B,0800639b
0x00006393,080065b0
0x0000639B,080065b0
0x000063A3,080065fa
0x000063AB,08006918
0x000063B3,0800655e
0x000063BB,080065fa
0x000063C3,080063db
0x000063CB,08006403
0x000063D3,080066be
0x000063DB,08006650
0x000063E3,080063f3
0x000063EB,080066e7
0x000063F3,080066e7
0x000063FB,0800671a
0x00006403,08006918
0x0000640B,080066be
0x00006413,0800671a
0x0000641B,08006433
0x00006423,0800645b
0x0000642B,0800674d
0x00006433,0800674d
0x0000643B,0800644b
0x00006443,0800678d
0x0000644B,0800678d
0x00006453,080067c6
0x0000645B,080068f0
0x00006463,0800674d
0x0000646B,080067c6
0x00006473,0800648b
0x0000647B,080064b3
0x00006483,08006802
0x0000648B,08006802
0x00006493,080064a3
0x0000649B,08006850
0x000064A3,08006850
0x000064AB,080068a8
0x000064B3,0800696b
0x000064BB,08006802
0x000064C3,080068a8
0x000064C9,08020302
0x000064EF,08007681
0x00006530,08020201
0x00006563,08020100
0x000065B5,08020200
0x000065FF,08020300
0x00006656,08020302
0x00006684,08007681
0x0000669A,08020100
0x000066C3,08020100
0x000066EC,08020200
0x0000671F,08020300
0x00006752,08010100
0x000067CB,08010300
0x00006807,08010100
0x000068AD,08010300
0x000069A2,08002c01
0x000069C9,0812001d
0x000069F9,08007681
0x00006A27,0807021d
0x00006A45,08007681
0x00006A6F,08007681
0x00006AB4,08007681
0x00006AFB,08010100
0x00006B29,08001e00
0x00006B53,08007681
0x00007CEC,08100a07
0x0000998D,08000b01
0x0000998F,08140800
0x000099ED,08050b01
0x000099EF,080a0805
0x00009A5F,08001601
0x00009A61,080e0800
0x00009AAC,08090501
0x00009AAF,08040c08
0x00009AD3,080c1400
0x00009AE1,08030201
0x00009AF8,080a1e04
0x00009B90,08000201
0x00009BFB,08100b04
0x00009D02,08000100
0x00009D2C,08000201
0x00009D69,08500018
0x00009D6B,080f0850
0x00009D70,08010000
0x00009D94,08010201
0x00009DA0,08004881
0x00009DF0,08071300
0x00009E39,08010201
0x00009E86,08009e8a
0x00009E8A,08009ea9
0x00009E8F,08010100
0x00009EA9,08009eb8
0x00009EAE,08009f12
0x00009EB3,08009f2e
0x00009EB8,08009eb8
0x00009EBD,08000201
0x00009EDE,08009ef0
0x00009EF0,08009f01
0x00009F19,08020100
0x00009F34,0800b158
0x00009F3C,08010100
0x00009FE7,08009feb
0x00009FEB,0800a073
0x00009FEC,080800a0
0x0000A016,08040301
0x0000A04D,08007681
0x0000A078,08010100
0x0000A0AA,08007681
0x0000A0CC,08000201
0x0000A0FE,08006a81
0x0000A147,08007681
0x0000A179,08001f01
0x0000A1C4,08020100
0x0000A1D6,08010701
0x0000A21F,08007681
0x0000A264,08001f01
0x0000A299,08007681
0x0000A2FE,0800a302
0x0000A302,0800a5b8
0x0000A303,080800a5
0x0000A33E,08007681
0x0000A389,08007681
0x0000A3B3,08007681
0x0000A416,08040100
0x0000A43A,08007681
0x0000A489,08007681
0x0000A4DE,08007681
0x0000A508,08020100
0x0000A514,08007681
0x0000A53C,08007681
0x0000A54E,08007681
0x0000A58E,08040100
0x0000A5B8,0800ab76
0x0000A5BD,08000100
0x0000A5D9,08006a81
0x0000A62E,08007681
0x0000A671,08006a81
0x0000A6E2,08000201
0x0000A700,08007681
0x0000A73F,08001f01
0x0000A7A6,08000201
0x0000A7B4,08007681
0x0000A7D0,08007681
0x0000A87E,08007681
0x0000A88C,08007681
0x0000A8DD,08007681
0x0000A8EF,08000201
0x0000A928,08001f01
0x0000A94A,08007681
0x0000A958,08007681
0x0000A98F,08007681
0x0000A9A1,08020301
0x0000A9DE,08001f01
0x0000A9FC,08007681
0x0000AA0A,08007681
0x0000AAA5,08007681
0x0000AAB7,08001f01
0x0000AB02,08010100
0x0000AB2E,08007681
0x0000AB7B,08000300
0x0000ABA5,08007681
0x0000ABB5,08007681
0x0000ABEE,08007681
0x0000AC12,08007681
0x0000AC83,08010701
0x0000ACCE,08010300
0x0000AD13,08007681
0x0000AD37,08001f01
0x0000AD43,08007681
0x0000AD78,08020200
0x0000AD88,08020301
0x0000AD9A,08000100
0x0000ADEC,08000700
0x0000AE48,08030301
0x0000AE66,08020100
0x0000AEB4,08020100
0x0000AF00,08000700
0x0000AF2E,08007681
0x0000AF92,08010300
0x0000AFBE,08000201
0x0000AFE4,08000101
0x0000B037,08001f01
0x0000B069,08020101
0x0000B09D,08007681
0x0000B0AB,08006a81
0x0000B0D1,08006a81
0x0000B126,08007681
0x0000B160,08000700
0x0000B17C,08001f01
0x0000B19A,08007681
0x0000B1C0,08007681
0x0000B201,08007681
0x0000B22F,08007681
0x0000B290,08007681
0x0000B2E1,08007681
0x0000B340,08007681
0x0000B362,08007681
0x0000B392,08007681
0x0000B3D5,08007681
0x0000B424,08007681
0x0000B432,08007681
0x0000B493,08007681
0x0000B4EE,08007681
0x0000B537,08007681
0x0000B584,08000300
0x0000B5D5,08000700
0x0000B5F3,08007681
0x0000B601,08007681
0x0000B62F,08007681
0x0000B68E,08007681
0x0000B6D3,08007681
0x0000B6FF,08007681
0x0000B73A,08007681
0x0000B779,08007681
0x0000B799,08007681
0x0000B845,0800b899
0x0000B849,0800b849
0x0000B84A,080800b8
0x0000B899,0800bbf4
0x0000B89A,080800bb
0x0000B8BA,08006a81
0x0000B917,08007681
0x0000B966,08007681
0x0000B9A7,08000700
0x0000B9C7,08007681
0x0000BA0A,08007681
0x0000BA4F,08007681
0x0000BA9E,08007681
0x0000BB01,08000300
0x0000BB50,08000101
0x0000BB7C,08006a81
0x0000BBF9,08000700
0x0000BC4B,0800bc4f
0x0000BC52,080e0a00
0x0000BC9F,08007681
0x0000BCFA,08007681
0x0000BD55,08000300
0x0000BD6D,08007681
0x0000BD9D,08007681
0x0000BDF6,08000700
0x0000BE04,08007681
0x0000BE67,08007681
0x0000BE7B,08007681
0x0000BECA,08007681
0x0000BEDC,08010700
0x0000BF00,08007681
0x0000BF43,08007681
0x0000BF59,08006a81
0x0000BF90,08007681
0x0000BFD1,0800c85d
0x0000BFD7,0800c85d
0x0000BFDF,08001f01
0x0000C032,08000700
0x0000C048,08007681
0x0000C09F,08006a81
0x0000C0B9,08000100
0x0000C0CF,08006a81
0x0000C137,08007681
0x0000C147,08020100
0x0000C168,08040301
0x0000C194,08007681
0x0000C1C6,08000201
0x0000C1E2,08040301
0x0000C1F2,08007681
0x0000C204,08000100
0x0000C22C,08007681
0x0000C2E4,08001f01
0x0000C31F,08007681
0x0000C345,08020100
0x0000C3A8,0800c3ac
0x0000C3AC,0800c536
0x0000C3E6,08040301
0x0000C40E,08000100
0x0000C457,08007681
0x0000C512,08020100
0x0000C536,0800c6a1
0x0000C537,080800c6
0x0000C599,08000100
0x0000C5D5,08007681
0x0000C5FF,08007681
0x0000C611,08020201
0x0000C6A6,08000700
0x0000C6F3,08006a81
0x0000C73E,08007681
0x0000C756,08020100
0x0000C791,08020200
0x0000C7BB,08000100
0x0000C7E5,08000201
0x0000C819,08000300
0x0000C865,08020200
0x0000C897,08020101
0x0000C8B9,08020301
0x0000C927,08007681
0x0000C97E,0800c982
0x0000C982,0800c9ef
0x0000C983,080800c9
0x0000C9F0,08000303
0x0000CA20,08006a81
0x0000CA71,08000100
0x0000CACA,08000300
0x0000CB00,08000201
0x0000CB2B,08000300
0x0000CB70,08000201
0x0000CB82,08010100
0x0000CBC6,08007681
0x0000CBE0,08007681
0x0000CBF5,08020100
0x0000CC3D,08020201
0x0000CC4F,08020300
0x0000CC71,08001f01
0x0000CC86,08000100
0x0000CCD9,08020300
0x0000CD2C,08000700
0x0000CD4E,08000100
0x0000CDA1,08000700
0x0000CDE6,08007681
0x0000CE1F,08000100
0x0000CE43,08000700
0x0000CE98,08007681
0x0000CEFD,08020200
0x0000CF13,08000700
0x0000CF62,08010700
0x0000CFAC,08008f1b
0x0000CFE0,08020201
0x0000CFF2,08000101
0x0000D018,08001401
0x0000D05D,08007681
0x0000D0B6,08001f00
0x0000D0C2,08007681
0x0000D148,08000100
0x0000D16A,08020701
0x0000D1E7,08020200
0x0000D228,08007681
0x0000D242,08020700
0x0000D272,08010001
0x0000D280,08007681
0x0000D2D3,08007681
0x0000D2ED,08007681
0x0000D334,08020701
0x0000D368,08007681
0x0000D381,08010001
0x0000D397,08020100
0x0000D3AF,08020300
0x0000D3E1,08020201
0x0000D439,08020700
0x0000D47A,08001401
0x0000D4D3,08004981
0x0000D4EB,08007681
0x0000D532,08007681
0x0000D589,08006a81
0x0000D611,08020100
0x0000D647,08020200
0x0000D659,08020700
0x0000D6BD,0800d6c1
0x0000D6C1,0800d8a6
0x0000D6C2,080800d8
0x0000D70B,08020100
0x0000D72D,08007681
0x0000D73D,08007681
0x0000D76F,08007681
0x0000D7CE,08000201
0x0000D7E4,08001f01
0x0000D831,08007681
0x0000D882,08000201
0x0000D8A6,0800db4b
0x0000D8AB,08020100
0x0000D8F8,08006a81
0x0000D926,08020200
0x0000D96B,08020701
0x0000D9A8,08007681
0x0000D9F9,08007681
0x0000DA4C,08007681
0x0000DA9F,08000100
0x0000DAB1,08000300
0x0000DAD3,08020200
0x0000DB16,08007681
0x0000DB56,08010300
0x0000DB84,08001401
0x0000DBC3,08020700
0x0000DBFE,08007681
0x0000DC0A,08007681
0x0000DC4B,08007681
0x0000DC5F,08007681
0x0000DCA2,08007681
0x0000DD54,08020300
0x0000DD6E,08001f01
0x0000DD84,08020200
0x0000DD92,08007681
0x0000DDCF,08001401
0x0000DE0E,08020700
0x0000DE26,08007681
0x0000DE99,08004981
0x0000DEE0,08007681
0x0000DF12,08010001
0x0000DF28,08007681
0x0000DF63,08007681
0x0000DFAB,08010001
0x0000DFBF,08010300
0x0000DFD9,08000100
0x0000E058,08020100
0x0000E068,08020300
0x0000E078,08020200
0x0000E088,08020700
0x0000E0AA,08006a81
0x0000E10B,08007681
0x0000E156,08000300
0x0000E166,08007681
0x0000E1C1,08020700
0x0000E220,08020100
0x0000E257,08007681
0x0000E265,08020700
0x0000E293,08020100
0x0000E2B9,08007681
0x0000E310,08007681
0x0000E332,08020700
0x0000E377,08007681
0x0000E3C6,08020100
0x0000E3E6,08007681
0x0000E423,08007681
0x0000E47E,08020101
0x0000E4A0,08020700
0x0000E4B6,08000700
0x0000E517,08001f01
0x0000E59C,08007681
0x0000E5B5,08020301
0x0000E5E9,08020101
0x0000E615,08001100
0x0000E65E,08001f00
0x0000E6D2,0800fd42
0x0000E6DA,0800fa06
0x0000E6E2,0800f42d
0x0000E6EA,0800f19b
0x0000E6F2,0800e712
0x0000E6FA,0800fee5
0x0000E702,0800f6e4
0x0000E70A,0800f988
0x0000E712,0800f3c5
0x0000E71A,08010100
0x0000E7B1,08000300
0x0000E7DB,08011700
0x0000E7E3,08020100
0x0000E82A,08000100
0x0000E840,08021501
0x0000E87D,08007681
0x0000E8BA,08007681
0x0000E8F9,0800e8fd
0x0000E8FD,0800ea9f
0x0000E902,08010100
0x0000E932,08000100
0x0000E973,08007681
0x0000E9B6,08007681
0x0000E9E9,08010100
0x0000EA22,08007681
0x0000EA6B,08000100
0x0000EA9F,0800eb55
0x0000EAA0,080800eb
0x0000EACA,08007681
0x0000EAFF,08006a81
0x0000EB36,08007681
0x0000EB56,08007681
0x0000EB62,08007681
0x0000EBA7,08010100
0x0000EBD9,08007681
0x0000EC07,08007681
0x0000EC17,08007681
0x0000EC45,08000100
0x0000EC71,08007681
0x0000ECB8,08007681
0x0000ECF9,08007681
0x0000ED23,08007681
0x0000ED80,08007681
0x0000EDC7,08007681
0x0000EE10,08007681
0x0000EE22,08007681
0x0000EE38,08020100
0x0000EE6C,08007681
0x0000EEA4,08000100
0x0000EEE5,08006a81
0x0000EEF3,08007681
0x0000EF03,08006a81
0x0000EF4A,08007681
0x0000EF76,08007681
0x0000EF88,08010100
0x0000EFBC,08007681
0x0000EFFD,08007681
0x0000F00B,08007681
0x0000F041,08040100
0x0000F0A4,08007681
0x0000F0D2,08000100
0x0000F117,08040301
0x0000F170,08007681
0x0000F1A3,08020200
0x0000F1E8,08020101
0x0000F1F8,08020301
0x0000F218,08007681
0x0000F25D,08007681
0x0000F2A0,08007681
0x0000F2E1,0800f353
0x0000F2E5,0800f2e5
0x0000F2E6,080800f2
0x0000F323,08020101
0x0000F354,08000016
0x0000F433,0800f7da
0x0000F43D,08010100
0x0000F47C,08000201
0x0000F490,08000100
0x0000F4DE,08020201
0x0000F510,08020100
0x0000F520,08020301
0x0000F544,08020200
0x0000F589,08007681
0x0000F5CC,08007681
0x0000F60D,0800f67f
0x0000F611,0800f611
0x0000F612,080800f6
0x0000F64F,08020101
0x0000F680,08000016
0x0000F6EA,0800f988
0x0000F6F2,08000201
0x0000F720,08000100
0x0000F761,08000100
0x0000F7B8,08000201
0x0000F7E4,08020200
0x0000F846,08007681
0x0000F872,08007681
0x0000F8B3,0800f923
0x0000F8B7,0800f8b7
0x0000F8B8,080800f8
0x0000F8F3,08020101
0x0000F924,08000016
0x0000F9E4,08007681
0x0000FA0E,08020100
0x0000FA3C,08000100
0x0000FA6E,08007681
0x0000FAB1,08007681
0x0000FAD4,08020100
0x0000FB13,08007681
0x0000FBA5,0800fba9
0x0000FBA9,0800fc86
0x0000FBAA,080800fc
0x0000FBF1,08000100
0x0000FC50,08010100
0x0000FC86,0800fd3a
0x0000FC8B,08000100
0x0000FCCA,08020100
0x0000FD17,08007681
0x0000FD86,08020100
0x0000FE02,08007681
0x0000FE66,0800ff43
0x0000FE6A,0800fe6a
0x0000FE6B,080800fe
0x0000FEED,08020100
0x0000FF1F,08007681
0x0000FF44,08000076
0x0000FF9B,08045027
0x0000FFA5,0801122d
0x0000FFAD,080107b5
0x0000FFB5,08000300
0x0000FFE9,08000201
0x00010001,08010100
0x00010025,08001f01
0x00010068,08000100
0x000100B5,08007681
0x000100F4,08040300
0x00010131,08006a81
0x0001015B,08007681
0x000101A8,08007681
0x000101D6,08000300
0x000101E4,08007681
0x0001023F,08007681
0x0001028E,08010292
0x00010292,080103f1
0x00010297,08010300
0x000102BD,08007681
0x000102D5,08000300
0x00010322,08007681
0x00010344,08010300
0x0001039F,08007681
0x000103F1,0801051a
0x000103F2,08080105
0x00010406,08007681
0x0001043D,08007681
0x0001048C,08007681
0x000104AA,08007681
0x000104BC,08007681
0x000104CA,08007681
0x0001051B,08006a81
0x00010558,08007681
0x000105B1,08010100
0x000105DB,08007681
0x00010649,08001f01
0x0001067F,08000300
0x0001068D,08007681
0x000106C8,08007681
0x00010709,08000100
0x00010737,08007681
0x00010778,08006a81
0x000107BD,08001f01
0x00010804,08000300
0x0001084D,08007681
0x00010877,08000700
0x000108B4,08010700
0x000108ED,08007681
0x0001092A,08000700
0x00010973,08007681
0x00010981,08020200
0x00010999,08007681
0x000109E8,08007681
0x00010A0E,08000700
0x00010A81,08007681
0x00010AC4,08007681
0x00010B05,08007681
0x00010B25,08007681
0x00010B82,08010b86
0x00010B86,08010d6a
0x00010B87,0808010d
0x00010BB9,08040301
0x00010BFA,08006a81
0x00010C64,08007681
0x00010C98,08040301
0x00010CC6,08007681
0x00010CF9,0828001d
0x00010D6A,08010f35
0x00010D6B,0808010f
0x00010D85,08007681
0x00010DC2,08007681
0x00010E13,08007681
0x00010E3F,08030200
0x00010E6F,08000700
0x00010F0A,08020301
0x00010F49,08011347
0x00010F51,08020300
0x00010F7F,08020201
0x00010FEC,08000101
0x0001101A,08000300
0x0001103C,08020200
0x0001106C,08020101
0x000110BB,08040300
0x000110F2,08020200
0x00011114,08003201
0x00011157,08007681
0x000111BA,08000300
0x00011235,08020300
0x000112A1,08020200
0x000112EA,080113af
0x000112EE,080112ee
0x000112EF,08080112
0x00011315,08020101
0x000113B0,08000076
0x00011420,08013a14
0x00011428,08013599
0x00011430,080127ad
0x00011438,080121fb
0x00011440,08011440
0x00011448,08000100
0x00011496,08000700
0x000114BE,08007681
0x000114D3,08020200
0x000114F3,08001401
0x0001153A,08007681
0x00011571,08007681
0x00011597,08007681
0x00011633,08010000
0x00011652,08001f00
0x00011672,08020200
0x000116A2,08007681
0x000116ED,08011501
0x00011709,08000700
0x0001174C,08020100
0x0001176E,08000700
0x000117B3,08020200
0x000117CF,08040300
0x0001180E,08020200
0x0001182E,08000300
0x0001183E,08020200
0x0001188F,08000300
0x0001192E,08011932
0x00011932,08011a1b
0x00011933,0808011a
0x00011986,08040300
0x000119B4,08007681
0x00011A1B,08011b73
0x00011A20,08020101
0x00011A67,08040300
0x00011AA4,08007681
0x00011AEB,08007681
0x00011B17,08000101
0x00011B7A,08011500
0x00011BB5,08001401
0x00011BDB,08007681
0x00011C0B,08007681
0x00011C33,08007681
0x00011C6E,08007681
0x00011CA9,08007681
0x00011CBB,08000700
0x00011CFA,08007681
0x00011D62,08011501
0x00011DC9,08020200
0x00011DDF,08020100
0x00011E01,08007681
0x00011E1B,08007681
0x00011E31,08020200
0x00011E61,08007681
0x00011EC3,08004981
0x00011EF7,08020101
0x00011F3E,08000700
0x00011F85,08001401
0x00011FE0,08007681
0x00011FF8,08011501
0x0001201E,08020200
0x0001202E,08020100
0x00012047,08012d65
0x0001204F,08001401
0x00012090,08000700
0x000120D3,08006a81
0x00012105,08006a81
0x0001214E,08007681
0x0001217E,08020300
0x000121A2,08007681
0x000121C6,08001f01
0x00012203,08000300
0x0001223E,08006a81
0x0001227F,08000100
0x000122D0,08011501
0x000122F8,08020200
0x00012309,08000d1b
0x00012339,08020100
0x00012371,08020201
0x00012397,08007681
0x000123CE,08006a81
0x000123F8,08006a81
0x00012406,08007681
0x00012441,08007681
0x0001247E,08007681
0x000124A8,08007681
0x000124C4,08007681
0x000124DA,08007681
0x00012522,0801170a
0x0001252A,08011500
0x00012542,08020201
0x0001258F,08000100
0x0001259B,08007681
0x000125C7,08011501
0x000125FC,08007681
0x0001261A,08006a81
0x00012643,08020201
0x00012665,08007681
0x00012693,08007681
0x000126E4,08007681
0x000126F0,08007681
0x0001272B,08007681
0x00012756,08020100
0x0001276C,08007681
0x000127A3,08011900
0x000127A4,08080119
0x000127B6,08020202
0x000127F1,08007681
0x00012807,08007681
0x0001284F,0801170a
0x00012857,08011500
0x0001286F,08020201
0x000128B8,08000100
0x000128C4,08007681
0x000128F0,08011501
0x00012925,08007681
0x00012947,08020100
0x00012970,08020201
0x00012992,08007681
0x000129C0,08007681
0x00012A11,08007681
0x00012A1D,08007681
0x00012A5C,08007681
0x00012A83,08100501
0x00012A9D,08020100
0x00012AD2,08007681
0x00012AF8,08011501
0x00012B33,08007681
0x00012B65,08000100
0x00012B73,08007681
0x00012BA3,08020100
0x00012BB9,08007681
0x00012BD9,08007681
0x00012C14,08006a81
0x00012C22,08007681
0x00012C3A,08007681
0x00012C49,08000d1b
0x00012CA5,08004981
0x00012CE4,08006a81
0x00012D15,08008c1b
0x00012D39,08007681
0x00012D6D,08020100
0x00012D87,08031501
0x00012DB7,08006a81
0x00012DC3,08007681
0x00012E05,08000100
0x00012E35,08007681
0x00012E43,08007681
0x00012E77,08007681
0x00012E83,08007681
0x00012EE4,08007681
0x00012F00,08007681
0x00012F4F,08007681
0x00012F71,08007681
0x00012FAA,08007681
0x00012FEB,08020100
0x0001301D,08007681
0x0001305E,08007681
0x000130AF,08000100
0x000130BD,08007681
0x00013102,08007681
0x00013157,08007681
0x00013171,08007681
0x000131CA,08006a81
0x000131FC,08007681
0x00013208,08007681
0x0001323A,08020100
0x00013260,08007681
0x000132B7,08007681
0x00013316,08007681
0x00013363,08007681
0x00013387,08000100
0x00013393,08007681
0x000133CE,08007681
0x00013407,08007681
0x00013413,08007681
0x00013443,08020100
0x0001347B,08000100
0x000134C8,08007681
0x000134E0,08007681
0x000134EC,08007681
0x0001350E,08007681
0x0001351A,08007681
0x00013559,08007681
0x0001356C,08100501
0x00013580,08007681
0x00013590,08011900
0x00013591,08080119
0x000135A1,08000300
0x000135CD,08007681
0x000135ED,08001f01
0x0001360E,08020300
0x00013624,08007681
0x00013632,08007681
0x000136CA,080136ce
0x000136CE,0801382a
0x000136D3,08030300
0x000136ED,08007681
0x00013703,08007681
0x0001374A,08007681
0x00013758,08007681
0x00013772,08007681
0x0001378C,08007681
0x000137AC,08007681
0x000137BA,08007681
0x000137D4,08007681
0x000137F8,08000201
0x0001382A,080139f6
0x0001382F,08000300
0x0001387A,08007681
0x00013890,08007681
0x000138F1,08030300
0x0001394C,08007681
0x00013966,08007681
0x0001399F,08006a81
0x000139C3,08007681
0x000139D5,08000201
0x000139F7,08007681
0x00013A0B,08011900
0x00013A0C,08080119
0x00013A1C,08030300
0x00013A67,08000201
0x00013A8D,08000300
0x00013AB1,08000100
0x00013AEA,08007681
0x00013B3B,08020300
0x00013B9D,08000300
0x00013BD3,08001f01
0x00013BFD,08010300
0x00013C54,08020201
0x00013C66,08007681
0x00013C98,08010700
0x00013CEF,08001f01
0x00013D72,08014a74
0x00013D7A,08014583
0x00013D82,08001401
0x00013DAE,08000700
0x00013E24,080f0f01
0x00013E4C,08007681
0x00013E97,08007681
0x00013EB7,08007681
0x00013F00,08007681
0x00013F0C,08007681
0x00013F51,08007681
0x00013F9E,08007681
0x00013FAA,08007681
0x00013FEC,08004981
0x00013FFA,08006a81
0x00014059,08006a81
0x000140B5,08001401
0x000140CB,08020700
0x00014102,08007681
0x0001414B,08007681
0x00014179,08007681
0x000141C2,08007681
0x0001421D,08007681
0x0001422B,08007681
0x00014282,08007681
0x000142A8,08007681
0x000142BE,08007681
0x00014305,08007681
0x0001433C,08007681
0x0001439D,08007681
0x000143E4,08007681
0x00014410,08007681
0x00014448,08000d1b
0x00014454,08007681
0x0001447E,08007681
0x000144D3,08007681
0x00014512,08007681
0x0001457E,08001907
0x0001457F,08080019
0x0001458B,08020700
0x000145B7,08001401
0x000145C9,08007681
0x00014614,08007681
0x00014649,08004981
0x0001468A,08007681
0x000146BC,08007681
0x000146D5,08011c10
0x000146D8,08001c08
0x000146DD,08011c1e
0x000146E0,08001c08
0x000146E5,08011c0a
0x000146E8,08001c08
0x000146F9,08010001
0x0001470B,08020700
0x0001471B,08007681
0x0001474C,08100501
0x00014782,08001401
0x000147CC,08020101
0x000147EA,08007681
0x0001480C,08007681
0x00014840,08007681
0x0001488B,08000101
0x000148A7,08000300
0x000148CB,08001f00
0x00014908,08007681
0x00014934,08000300
0x00014977,08007681
0x00014987,08030101
0x00014999,08040300
0x000149DE,08007681
0x000149F0,08000300
0x000149FA,08007681
0x00014A18,08007681
0x00014A50,08001f01
0x00014A6C,08001907
0x00014A6D,08080019
0x00014A7C,08001400
0x00014AC1,08000101
0x00014ACD,08007681
0x00014B10,08020101
0x00014B44,08020701
0x00014B99,08007681
0x00014BB4,08003201
0x00014BF3,08007681
0x00014C7C,08020100
0x00014CBB,08003201
0x00014D16,08007681
0x00014D4E,08001400
0x00014D66,08007681
0x00014DC5,08007681
0x00014E12,08007681
0x00014E20,08007681
0x00014EB2,08007681
0x00014EEB,08007681
0x00014F4E,08020701
0x00014F70,08000101
0x00014F80,08003201
0x00014FE5,08020100
0x00015019,08007681
0x00015056,08001401
0x00015088,08007681
0x000150C5,08007681
0x00015114,08007681
0x0001513A,08007681
0x00015181,08007681
0x000151BE,08020701
0x0001520D,08007681
0x00015241,08007681
0x0001527E,08007681
0x000152B0,08001401
0x000152BE,08007681
0x0001531D,08007681
0x00015364,08030100
0x00015397,08011401
0x000153CB,08007681
0x000153DD,08020700
0x000153EB,08007681
0x00015432,08007681
0x00015489,08000100
0x0001549B,08007681
0x000154E8,08007681
0x00015527,08007681
0x0001553C,08001401
0x0001557D,08100401
0x000155BE,08007681
0x000155F7,08007681
0x0001563F,08010000
0x00015693,08007681
0x000156DA,08020701
0x00015746,081e0f00
0x00015797,08001400
0x000157F2,08007681
0x00015800,08007681
0x0001584F,081e0f10
0x0001586B,08001400
0x00015883,08011400
0x000158AB,08000101
0x000158CD,08007681
0x00015923,08030100
0x00015931,08007681
0x0001596C,08007681
0x000159A0,08006a81
0x000159B4,08007681
0x000159EA,08000100
0x00015A02,08007681
0x00015A13,0810ff03
0x00015A43,08000100
0x00015A93,08001907
0x00015A94,08080019
0x00015AA1,08016364
0x00015AA9,08015aa9
0x00015AAF,0801619a
0x00015AB7,08020100
0x00015B67,08007681
0x00015BC8,08007681
0x00015C0D,08000300
0x00015C5E,08007681
0x00015CC1,08007681
0x00015D12,08007681
0x00015D5F,08010100
0x00015DA4,08010701
0x00015E66,08000300
0x00015E9C,08020100
0x00015F06,08010100
0x00015F4F,08000700
0x00015FB1,08020100
0x00016008,08000d1b
0x0001602C,08040301
0x0001605E,08000100
0x00016119,08020300
0x0001613F,08000201
0x00016155,08000700
0x000161A2,08000300
0x0001621C,08040300
0x00016280,08000300
0x000162DB,08000201
0x0001637E,08010301
0x000163A4,08007681
0x00016403,08007681
0x00016433,08020301
0x0001643F,08006a81
0x0001645B,08006a81
0x0001649E,08007681
0x000164DF,08040301
0x000164F9,08000300
0x00016580,08010100
0x000165D1,08007681
0x000165DD,08007681
0x0001665C,08000100
0x000166A8,08006a81
0x00016702,08020100
0x00016740,081b0076
0x0001674B,08100401
0x0001679A,08007681
0x000167C8,08000100
0x000167EE,08007681
0x00016845,08007681
0x0001686D,08007681
0x00016891,08007681
0x000168CC,08010100
0x000168F2,08007681
0x00016949,08007681
0x00016977,08000100
0x000169C2,08040301
0x000169F6,08007681
0x00016A06,08007681
0x00016A14,08007681
0x00016A34,08007681
0x00016A64,08001e00
0x00016AA5,08010100
0x00016AE4,08001e00
0x00016B3B,08006a81
0x00016B82,08000100
0x00016B92,08001e00
0x00016BD1,08010100
0x00016C12,08007681
0x00016C41,08040100
0x00016C61,08001e00
0x00016C77,08007681
0x00016C91,08007681
0x00016CD6,08007681
0x00016CF1,08010000
0x00016D0D,08010301
0x00016D58,08030100
0x00016D6E,08001e00
0x00016DC5,08007681
0x00016DE5,08040100
0x00016E09,08007681
0x00016E2D,08001e00
0x00016E72,08040100
0x00016E99,08010000
0x00016EA9,08007681
0x00016EDA,08000f01
0x00016EF8,08001001
0x00016F06,08007681
0x00016F16,08000100
0x00016F2E,08000f01
0x00016F54,08001e01
0x00016F6C,08001001
0x00016FA2,08000300
0x00016FD2,08007681
0x00016FFC,08020100
0x00017032,08000f01
0x0001706D,08006a81
0x000170B2,08001e01
0x000170CA,08007681
0x0001710B,08000f01
0x00017127,08007681
0x00017144,08010000
0x0001715E,08000100
0x00017176,08006a81
0x000171B5,08020300
0x00017206,08001e01
0x0001722E,08020100
0x0001728D,08020300
0x000172CE,08000f01
0x0001731F,08007681
0x00017376,08001e01
0x0001738C,08020100
0x000173A0,08001001
0x000173CC,08020300
0x000173F4,08000f01
0x00017433,08020100
0x00017450,08010001
0x00017468,08001e01
0x0001747A,08000f01
0x000174E4,08010301
0x00017506,08000f01
0x0001753E,08001001
0x00017574,08000f01
0x000175A4,08007681
0x000175B6,08010301
0x000175DE,08001e00
0x00017610,08000101
0x0001765B,08007681
0x0001766B,08020101
0x000176BE,08000f01
0x00017700,08007681
0x00017755,08001001
0x000177EA,08000f01
0x00017808,08000e01
0x0001782C,08020200
0x00017881,08006a81
0x000178BE,08007681
0x00017905,08000f00
0x00017954,08007681
0x00017972,08007681
0x000179A2,08001000
0x000179CE,08020200
0x00017A02,08006a81
0x00017A20,08007681
0x00017A71,08006a81
0x00017ABC,08000f00
0x00017ADC,08020300
0x00017AFA,08001001
0x00017B0A,08007681
0x00017B51,08007681
0x00017BB0,08007681
0x00017C15,08007681
0x00017C68,08007681
0x00017CCF,08007681
0x00017D16,08007681
0x00017D4B,08000100
0x00017D86,08007681
0x00017DCF,08007681
0x00017E2C,08007681
0x00017E79,08001e00
0x00017ECA,08010100
0x00017EFE,08007681
0x00017F94,08007681
0x00017FB6,08007681
0x00017FE6,08007681
0x00017FF8,08000e01
0x00018020,08007681
0x0001805B,08007681
0x00018077,08007681
0x00018085,08007681
0x00018097,08010100
0x000180C7,08007681
0x000180F1,08000f01
0x0001811D,08001001
0x0001815F,08020200
0x0001818F,08000100
0x000181C5,08001e01
0x000181F5,08040100
0x00018227,08000201
0x00018288,08000100
0x000182A8,08040300
0x000182E5,08007681
0x0001831A,08007681
0x0001836D,08000300
0x0001838F,08000100
0x000183AF,08010701
0x000183C9,08010100
0x0001841F,08010300
0x00018468,08007681
0x0001847F,081e0f10
0x000184E6,08020100
0x0001852B,08007681
0x00018549,08000201
0x00018559,08010100
0x00018592,08006a81
0x000185D9,08010201
0x000185EF,08000300
0x00018654,08018658
0x00018658,080189ed
0x0001865D,08040300
0x0001869C,08010300
0x000186FB,08010101
0x0001875C,08040300
0x0001879D,08020101
0x000187F2,08007681
0x00018831,08007681
0x0001889E,08040300
0x000188FF,08007681
0x0001895E,08030101
0x0001898A,08007681
0x000189ED,08018da8
0x000189EE,0808018d
0x00018A51,08006a81
0x00018AA4,08000201
0x00018AD2,08010101
0x00018B1D,08007681
0x00018B4B,08000201
0x00018B9C,08007681
0x00018BD4,08020100
0x00018BE2,08007681
0x00018C41,08007681
0x00018C94,08000300
0x00018CAC,08006a81
0x00018CC6,08010300
0x00018D27,08000101
0x00018D6A,08007681
0x00018DAE,08018db2
0x00018DB5,080e0a00
0x00018E6E,08007681
0x00018ED6,08020100
0x00018F45,081b0076
0x00018F49,08010200
0x00018F94,08000100
0x00018FC9,08007681
0x00019006,08006a81
0x00019043,08006a81
0x00019044,0808006a
0x0001909C,08020100
0x0001911E,08000100
0x00019152,08006a81
0x0001919D,08000700
0x00019231,08007681
0x0001927E,08007681
0x000192AE,08010200
0x000192B0,08010801
0x000192B1,08080108
0x000192FD,08007681
0x00019346,08007681
0x00019347,08080076
0x00019387,08020100
0x00019415,08000100
0x00019449,08006a81
0x0001949E,08010200
0x000194A0,08010801
0x000194A1,08080108
0x000194B8,08007681
0x000194B9,08080076
0x00019522,08007681
0x00019523,08080076
0x00019587,08020100
0x000195AB,08007681
0x000195AC,08080076
0x000195F0,08007681
0x000195F1,08080076
0x00019635,08007681
0x00019651,08020301
0x0001967B,08000100
0x000196E2,080196e6
0x000196E6,08019a54
0x000196E7,0808019a
0x0001976B,08007681
0x000197B8,08000a01
0x000197D0,08040301
0x0001981D,08007681
0x0001984D,08000a01
0x00019865,08040301
0x000198A0,08007681
0x000198CA,08000a01
0x000198E0,08007681
0x00019906,08007681
0x0001994D,08007681
0x000199A4,08000a01
0x00019A54,08019c74
0x00019A55,0808019c
0x00019A90,08000a01
0x00019AAA,08040301
0x00019AE9,08000a01
0x00019B30,08007681
0x00019B52,08010200
0x00019B54,08010801
0x00019B55,08080108
0x00019B9E,08006a81
0x00019BBA,08007681
0x00019BBB,08080076
0x00019BEE,08007681
0x00019C14,08007681
0x00019C15,08080076
0x00019C2E,08007681
0x00019C7A,08019c7e
0x00019C7D,08010208
0x00019C7F,08010801
0x00019C80,08080108
0x00019CD4,08007681
0x00019CD5,08080076
0x00019D2A,08019d2e
0x00019D37,08020100
0x00019D57,08002e01
0x00019DB6,08010200
0x00019DB8,08010801
0x00019DB9,08080108
0x00019E50,08000100
0x00019E83,08000201
0x00019EAB,08020100
0x00019EFA,08040100
0x00019F4D,08020301
0x00019FC0,08000901
0x00019FE8,08010200
0x00019FEA,08010801
0x00019FEB,08080108
0x0001A00E,08007681
0x0001A00F,08080076
0x0001A051,08020100
0x0001A09E,08040100
0x0001A0E1,08000901
0x0001A1D0,08007681
0x0001A217,08000100
0x0001A27F,08040100
0x0001A2B3,08020301
0x0001A2FC,08010200
0x0001A2FE,08010801
0x0001A2FF,08080108
0x0001A31C,08007681
0x0001A31D,08080076
0x0001A37F,08000100
0x0001A3DD,08000901
0x0001A420,08010200
0x0001A422,08010801
0x0001A423,08080108
0x0001A47D,08007681
0x0001A47E,08080076
0x0001A4E0,08007681
0x0001A4E1,08080076
0x0001A51D,08010200
0x0001A51F,08010801
0x0001A520,08080108
0x0001A568,08020100
0x0001A5A3,08007681
0x0001A5A4,08080076
0x0001A5C5,08002300
0x0001A5DF,08007681
0x0001A609,08000901
0x0001A631,08020100
0x0001A665,08010200
0x0001A667,08010801
0x0001A668,08080108
0x0001A679,08007681
0x0001A67A,08080076
0x0001A6CC,08010100
0x0001A70F,08000a01
0x0001A71F,08010200
0x0001A721,08010801
0x0001A722,08080108
0x0001A747,08000300
0x0001A7EB,08007681
0x0001A80F,08000900
0x0001A85C,08007681
0x0001A87A,08007681
0x0001A8C5,08002e01
0x0001A91D,08020300
0x0001A96E,08010300
0x0001A992,08000201
0x0001AA00,08020300
0x0001AA24,08020100
0x0001AA6D,08000201
0x0001AA91,08007681
0x0001AAD8,08000100
0x0001AB00,08020100
0x0001AB38,08020300
0x0001ABBE,08020100
0x0001ABE2,08020201
0x0001AC71,08010200
0x0001AC73,08010801
0x0001AC74,08080108
0x0001AC9B,08007681
0x0001ACB7,08002e00
0x0001ADC0,08000900
0x0001AE62,08020300
0x0001AEB1,08007681
0x0001AF2D,08000700
0x0001AFE2,08040100
0x0001B132,08000700
0x0001B187,08000a01
0x0001B1DE,08020100
0x0001B200,08007681
0x0001B245,08040301
0x0001B2A6,08000700
0x0001B2F1,08007681
0x0001B34E,08007681
0x0001B3A9,08007681
0x0001B404,08010700
0x0001B434,08020101
0x0001B471,08000300
0x0001B4A1,08000101
0x0001B4D9,08002e01
0x0001B52E,08007681
0x0001B558,08010200
0x0001B55A,08010801
0x0001B55B,08080108
0x0001B59F,08020100
0x0001B5CB,08000a01
0x0001B5FF,08000901
0x0001B64A,08000100
0x0001B6B9,08007681
0x0001B71A,08010100
0x0001B769,08040301
0x0001B7BA,08000100
0x0001B7EC,08000300
0x0001B831,08011700
0x0001B839,08030200
0x0001B893,08006a81
0x0001B8F6,08000700
0x0001B961,08020100
0x0001B982,08000d1b
0x0001B9A0,08020300
0x0001BA1F,08020100
0x0001BA54,081b0076
0x0001BA5A,08003601
0x0001BA9F,08000100
0x0001BABF,08000700
0x0001BAEF,08007681
0x0001BB42,08000100
0x0001BB89,08007681
0x0001BBE2,08020100
0x0001BC33,08007681
0x0001BC72,08000700
0x0001BCBF,08000300
0x0001BD06,08007681
0x0001BD4F,08007681
0x0001BDAE,08000700
0x0001BDD0,08020101
0x0001BE56,08010301
0x0001BEAB,08000100
0x0001BEFE,08040301
0x0001BF3D,08007681
0x0001BF6B,08000700
0x0001BFBE,08000201
0x0001C000,08000300
0x0001C072,08000201
0x0001C0B9,08007681
0x0001C149,08020100
0x0001C1EB,08007681
0x0001C24A,08000100
0x0001C285,0801c289
0x0001C289,0801c447
0x0001C28E,08020100
0x0001C2B6,08007681
0x0001C2F9,08007681
0x0001C315,08040301
0x0001C39D,08000700
0x0001C447,0801c609
0x0001C448,080801c6
0x0001C497,08000201
0x0001C50B,08020100
0x0001C566,08020300
0x0001C5BD,08000700
0x0001C65E,08020100
0x0001C66E,08020200
0x0001C67E,08000300
0x0001C6AC,08000700
0x0001C70B,08000300
0x0001C72F,08040300
0x0001C770,08010100
0x0001C7B1,08000201
0x0001C80C,08000100
0x0001C836,08007681
0x0001C887,08007681
0x0001C8B3,08000300
0x0001C900,08007681
0x0001C941,08000700
0x0001C96D,08040100
0x0001C987,08000201
0x0001C9A7,08000700
0x0001CA00,08007681
0x0001CA4F,08010100
0x0001CAA7,08007681
0x0001CB95,08000100
0x0001CBCC,08040301
0x0001CC09,0801d236
0x0001CC11,08010100
0x0001CC2B,08001e01
0x0001CC6E,08007681
0x0001CCA6,08020100
0x0001CCE9,08007681
0x0001CD0B,08007681
0x0001CD43,08000100
0x0001CD9A,08007681
0x0001CDE5,08010100
0x0001CE30,08007681
0x0001CE46,08000300
0x0001CE7C,08000201
0x0001CE96,08010200
0x0001CEE1,08007681
0x0001CF15,08007681
0x0001CF74,08000300
0x0001CF8E,08007681
0x0001CFC6,08000700
0x0001D015,08006a81
0x0001D054,08000100
0x0001D088,08001e01
0x0001D0D6,08010701
0x0001D123,08000300
0x0001D170,08006a81
0x0001D1A4,08001e01
0x0001D1ED,08000100
0x0001D23E,08010100
0x0001D295,08001e01
0x0001D2A5,08007681
0x0001D2D1,08020100
0x0001D2F9,08007681
0x0001D34A,08007681
0x0001D378,08010100
0x0001D39C,08007681
0x0001D432,08000700
0x0001D45C,08001e01
0x0001D4B1,08010100
0x0001D4F8,08007681
0x0001D53B,08000100
0x0001D594,08007681
0x0001D5AD,08000d1b
0x0001D5F8,08040100
0x0001D62A,08020200
0x0001D65C,08020301
0x0001D6A5,08000700
0x0001D6EC,08006a81
0x0001D73B,08040301
0x0001D78A,08000100
0x0001D7B2,08001e01
0x0001D7DE,08000300
0x0001D819,08007681
0x0001D837,08020100
0x0001D84F,08000201
0x0001D885,08000700
0x0001D8E5,08000700
0x0001D91B,08001e01
0x0001D935,08000100
0x0001D976,08007681
0x0001D9A0,08000300
0x0001DA12,08020200
0x0001DA22,08020100
0x0001DA46,08000700
0x0001DA7F,08007681
0x0001DAD0,08020300
0x0001DAFC,08000700
0x0001DB45,08001e01
0x0001DB71,08010100
0x0001DBA3,08003001
0x0001DBDC,08001e00
0x0001DC19,08007681
0x0001DC66,08007681
0x0001DCB1,08007681
0x0001DCD5,08000700
0x0001DCF5,08007681
0x0001DD36,08007681
0x0001DD6A,08001e00
0x0001DD84,08020100
0x0001DDCB,08007681
0x0001DE1A,08007681
0x0001DE77,08007681
0x0001DE87,08006a81
0x0001DEAF,08001e00
0x0001DEC5,08020100
0x0001DF0E,08001e01
0x0001DF3E,08003001
0x0001DF89,08020100
0x0001DFBC,08004981
0x0001DFD7,0800891b
0x0001DFF5,08001e01
0x0001E02E,08000100
0x0001E058,08040300
0x0001E09F,08030201
0x0001E0C1,08000700
0x0001E0FC,08006a81
0x0001E137,08001e01
0x0001E163,08010100
0x0001E189,08040301
0x0001E1C6,08000100
0x0001E1F0,08001e01
0x0001E226,08010100
0x0001E258,08002b01
0x0001E26C,08007681
0x0001E2C3,08001e00
0x0001E2F9,08000100
0x0001E321,08007681
0x0001E353,08001e00
0x0001E38C,08007681
0x0001E3C7,08000700
0x0001E406,08007681
0x0001E45B,08007681
0x0001E475,08007681
0x0001E4C4,08040300
0x0001E50B,08006a81
0x0001E562,08001e01
0x0001E58C,08007681
0x0001E5E7,08000100
0x0001E62C,08010700
0x0001E662,08000100
0x0001E6B7,08000700
0x0001E6E5,08000300
0x0001E72E,083c0f00
0x0001E781,08002b01
0x0001E803,08002301
0x0001E81F,08020100
0x0001E849,08020200
0x0001E898,0801e89c
0x0001E899,080801e8
0x0001E89C,0801e908
0x0001E89D,080801e9
0x0001E8F0,08007681
0x0001E90D,08020300
0x0001E933,08020200
0x0001E95D,08000100
0x0001E9D6,08020100
0x0001EA86,08007681
0x0001EAE2,08020100
0x0001EB3F,0801eb43
0x0001EB43,0801efdd
0x0001EB4C,080f7800
0x0001EB68,08000100
0x0001EB8C,08010300
0x0001EBD2,08000000
0x0001EBEE,08010301
0x0001EC35,08000100
0x0001EC7B,08010100
0x0001ED2B,08000100
0x0001ED81,08000000
0x0001EDEA,08000100
0x0001EE67,08040100
0x0001EE99,08020301
0x0001EEAF,08007681
0x0001EEE8,08000201
0x0001EFAD,08020201
0x0001EFDD,0801f433
0x0001EFE6,080f7800
0x0001EFFE,08007681
0x0001F022,08000100
0x0001F055,08010100
0x0001F0AD,08000100
0x0001F0EC,08020301
0x0001F125,08020201
0x0001F168,08020100
0x0001F1F0,08007681
0x0001F25E,08020201
0x0001F2A5,08007681
0x0001F325,08006a81
0x0001F35E,08006a81
0x0001F3AB,08020100
0x0001F403,08020201
0x0001F45A,08000100
0x0001F4F9,08007681
0x0001F547,08040301
0x0001F5E7,08020100
0x0001F61E,08020201
0x0001F646,08020300
0x0001F66A,08007681
0x0001F6BC,08000101
0x0001F6F0,08000700
0x0001F743,08040301
0x0001F782,08006a81
0x0001F7C3,08007681
0x0001F820,08007681
0x0001F86B,08007681
0x0001F8C6,08000201
0x0001F8E2,08020201
0x0001F8F4,08007681
0x0001F937,08002b01
0x0001F969,08007681
0x0001F97F,08007681
0x0001F9CA,08007681
0x0001FA13,08007681
0x0001FAA4,08010100
0x0001FAE4,08000700
0x0001FB3C,08010201
0x0001FB72,08030200
0x0001FB9C,08007681
0x0001FBD0,08007681
0x0001FC13,08010301
0x0001FC2D,08007681
0x0001FC3F,08010100
0x0001FC84,08007681
0x0001FCD1,08040301
0x0001FD22,08040100
0x0001FD3E,08000700
0x0001FDB1,08020100
0x0001FE04,08020201
0x0001FE2E,08020301
0x0001FE54,08000700
0x0001FE82,08007681
0x0001FEC5,08007681
0x0001FEF7,08020101
0x0001FFB6,08000700
0x0001FFD8,08010700
0x00020040,08020a88
0x00020048,08010700
0x00020096,081b0076
0x000200D3,08010201
0x000200FF,08030200
0x00020125,08000300
0x00020176,08007681
0x000201C7,08040300
0x000201FF,08010301
0x0002023C,08000100
0x00020281,08007681
0x000202AB,08006a81
0x0002038A,08000501
0x000203AE,08007681
0x000203D6,08006a81
0x00020415,08006a81
0x00020458,08007681
0x0002051D,08000700
0x00020533,08010100
0x00020567,08007681
0x00020589,08000700
0x000205BF,08000501
0x000205ED,08002d01
0x00020644,08000501
0x000206EC,08007681
0x00020710,08007681
0x0002074F,08007681
0x0002079C,08007681
0x000207CA,08000101
0x000207F6,08006a81
0x0002082F,08002d01
0x0002085D,08007681
0x000208B8,08000500
0x0002091C,08040300
0x00020959,08007681
0x00020987,08000601
0x000209D2,08000500
0x00020A60,08007681
0x00020A8E,08020f67
0x00020AC8,08040300
0x00020B28,08000601
0x00020B77,08002d01
0x00020BAF,08000601
0x00020BDF,08000501
0x00020C3E,08010100
0x00020C79,08007681
0x00020CC4,08002d01
0x00020CFD,08007681
0x00020D2F,08000601
0x00020D57,08000501
0x00020DD0,08000700
0x00020DFC,08040301
0x00020E34,08010700
0x00020E66,08007681
0x00020EBA,08010101
0x00020F13,08010201
0x00020F29,08000700
0x00020F6F,08030300
0x00020FE4,08007681
0x0002102F,08040300
0x0002105F,08000601
0x000210B4,08000501
0x000210F9,08002d01
0x00021146,08007681
0x0002117A,08000601
0x000211CB,08000100
0x000211FF,08000501
0x00021234,08007681
0x00021279,08007681
0x000212A1,08020200
0x000212E9,08030200
0x00021330,08007681
0x00021364,08040300
0x0002138C,08007681
0x000213CF,08007681
0x00021403,08007681
0x00021427,08007681
0x0002147C,08007681
0x000214AE,083c0f01
0x00021531,08006a81
0x0002155F,08007681
0x000215B4,08007681
0x000215C2,08006a81
0x0002160F,08020200
0x00021643,08010701
0x00021684,08000100
0x000216BD,08007681
0x0002173C,08000300
0x00021795,08007681
0x000217BF,08007681
0x00021810,08007681
0x00021878,08020101
0x000218D2,08000300
0x00021913,08000201
0x00021946,08020100
0x00021A0A,08007681
0x00021A9E,08020101
0x00021ACA,08007681
0x00021B42,08020100
0x00021B8B,08040301
0x00021BDE,08000100
0x00021C00,08000201
0x00021C60,08002301
0x00021C7E,08020300
0x00021CA0,08020200
0x00021CF3,08020101
0x00021D46,08010300
0x00021D6A,08000201
0x00021D86,08007681
0x00021E20,08007681
0x00021E38,08000100
0x00021E75,08007681
0x00021EC0,08000700
0x00021EEA,08020301
0x00021F4E,08007681
0x00021FAF,08020200
0x00021FE8,08002301
0x00022006,08020100
0x00022032,08000300
0x00022083,08040300
0x000220C0,08010100
0x000220F4,08010201
0x0002210A,08010701
0x00022138,08010300
0x000221A9,08000300
0x000221C7,08007681
0x00022202,08000100
0x0002225F,08022263
0x00022263,080223b0
0x00022264,08080223
0x00022280,08010100
0x000222DC,08000300
0x0002230A,08007681
0x00022345,08000100
0x00022357,08020100
0x000223B0,080225bc
0x000223B1,08080225
0x000223F4,08006a81
0x0002244D,08006a81
0x00022486,08007681
0x00022498,08010100
0x000224F0,08000100
0x00022522,08040300
0x00022554,08010300
0x0002256E,08000300
0x000225C1,08010701
0x00022607,0802260b
0x0002260E,080e0a00
0x00022620,08000300
0x0002265C,08007681
0x000226AB,08007681
0x000226CD,08040200
0x000226E7,08040100
0x00022709,08040300
0x0002272B,08007681
0x000227D1,08007681
0x0002280C,08007681
0x00022869,08007681
0x00022895,08007681
0x000228F0,08000300
0x0002291C,08010701
0x0002295F,08030200
0x000229BC,08010100
0x000229F9,08007681
0x00022A3A,08000300
0x00022A8B,0802491f
0x00022A93,08024398
0x00022A9B,08020300
0x00022ACD,08020101
0x00022AF1,08003301
0x00022B3A,08007681
0x00022B78,08007681
0x00022BCF,08000100
0x00022C28,08020100
0x00022C69,08007681
0x00022CA6,08040100
0x00022CBA,08010301
0x00022D21,08030100
0x00022D76,08020300
0x00022DB1,08006a81
0x00022E12,08000300
0x00022E2C,08007681
0x00022E81,08007681
0x00022EE4,08040300
0x00022F06,08006a81
0x00022F65,08004081
0x00022FB6,08000500
0x00022FEF,08006a81
0x0002303E,08007681
0x0002309B,08007681
0x000230CD,08007681
0x00023104,08007681
0x0002313A,08000100
0x00023168,08006a81
0x000231BB,08007681
0x0002320E,08007681
0x00023236,08000300
0x00023248,08007681
0x000232A5,08007681
0x000232E4,08007681
0x000232F2,08007681
0x00023353,08007681
0x000233B0,08007681
0x000233F6,08007681
0x00023459,08000300
0x000234B2,08007681
0x00023519,08000600
0x0002353B,08007681
0x00023592,08007681
0x000235DF,08007681
0x0002362F,08000b01
0x0002367E,08000c00
0x000236B7,08007681
0x0002371C,08000201
0x00023767,08003301
0x000237C4,08007681
0x0002380B,08000500
0x0002383F,08007681
0x000238A4,08007681
0x000238CE,08007681
0x00023931,08000100
0x00023957,08007681
0x00023989,08007681
0x00023993,08007681
0x000239DE,08007681
0x00023A00,08007681
0x00023A53,08007681
0x00023A9A,08000300
0x00023AA8,08007681
0x00023AD6,08007681
0x00023AEC,08040300
0x00023B55,08007681
0x00023B90,08007681
0x00023C21,08003301
0x00023C64,08006a81
0x00023CC7,08007681
0x00023CFB,08007681
0x00023D40,08000900
0x00023D5E,08010200
0x00023D60,08010801
0x00023D61,08080108
0x00023DE3,08003301
0x00023E6C,08000501
0x00023ECD,08000601
0x00023F01,08007681
0x00023F21,08003301
0x00023F90,08001101
0x00023FC4,08001200
0x0002402B,08003301
0x0002405B,08003d00
0x00024079,08000300
0x000240AF,08001000
0x000240D1,08000e01
0x000240E3,08000f00
0x00024134,08003301
0x00024164,08000c00
0x00024192,08006a81
0x000241BC,08000d01
0x000241EC,08000b00
0x00024202,08003301
0x0002425B,08000300
0x00024273,08020101
0x000242E2,08003301
0x00024341,08000300
0x00024373,08010101
0x0002439C,0800051b
0x000243E5,08000300
0x00024426,08010101
0x0002444A,08000201
0x00024491,08007681
0x000244CC,08007681
0x000244FE,08007681
0x0002455B,08007681
0x000245B0,08007681
0x000245C8,08010101
0x0002460D,08040300
0x00024670,08000300
0x0002469C,08000101
0x000246E1,08020300
0x00024738,08000201
0x0002474D,08020101
0x000247A0,08040300
0x000247E3,08020201
0x0002482C,08007681
0x00024856,08024af1
0x0002485E,08000300
0x00024892,08020201
0x000248E9,08007681
0x0002495A,08020301
0x00024982,08020100
0x000249AC,08020200
0x000249F5,080249f9
0x000249F9,08024a79
0x000249FA,0808024a
0x00024A7E,08020200
0x00024AA8,08040301
0x00024AF1,0802484d
0x00024AF9,08000100
0x00024B29,08000201
0x00024B80,08020100
0x00024BDB,08007681
0x00024C22,08000100
0x00024C58,08000201
0x00024C80,08007681
0x00024CDF,08024ce3
0x00024CE3,080255d8
0x00024CE4,08080255
0x00024D21,08006a81
0x00024D78,08040301
0x00024DBF,08007681
0x00024E08,08000201
0x00024E6B,08007681
0x00024EDE,08007681
0x00024F1F,08010100
0x00024F64,08007681
0x00024FCB,08020201
0x00025016,08020100
0x00025046,08020301
0x0002507F,08000501
0x000250E3,08000601
0x0002510B,08010100
0x00025143,08000501
0x000251C2,08007681
0x00025209,08040300
0x0002523F,08000501
0x000252B2,08007681
0x00025301,08007681
0x0002535C,08007681
0x000253D7,08000501
0x00025449,08040300
0x0002548C,08000501
0x000254E1,08000601
0x0002550B,08007681
0x0002554C,08020100
0x00025599,08020200
0x000255D8,08025b8c
0x000255DD,08010100
0x00025632,08007681
0x00025659,081b0076
0x0002565F,08000601
0x0002568B,08040100
0x000256EB,08020100
0x00025738,08000501
0x0002579F,08020200
0x000257E6,08007681
0x0002582F,08020100
0x0002588A,08000601
0x000258B0,08000100
0x000258D2,08000501
0x00025904,08000601
0x0002593F,08007681
0x00025974,08000d1b
0x000259A2,08007681
0x000259EF,08040100
0x00025A3C,08040300
0x00025A6A,08006a81
0x00025ABB,08000501
0x00025B36,08000600
0x00025B97,08000300
0x00025C42,08000501
0x00025C83,08020200
0x00025CB5,08007681
0x00025D14,08040100
0x00025D79,08007681
0x00025DA3,08000100
0x00025DDB,08000601
0x00025E1E,08000501
0x00025E57,08007681
0x00025EA6,08007681
0x00025ECA,08000601
0x00025EFC,08000501
0x00025F59,08007681
0x00025FD2,08007681
0x00026000,08010300
0x00026014,08007681
0x0002606B,08000101
0x000260DC,080260e2
0x000260E2,080260e6
0x000260F3,08000100
0x00026159,08020200
0x00026178,081b0076
0x0002617C,08010200
0x0002617E,08010801
0x0002617F,08080108
0x000261C3,08007681
0x000261D7,08000100
0x0002620F,08000901
0x00026272,08010200
0x00026274,08010801
0x00026275,08080108
0x000262C1,08000300
0x000262E5,08007681
0x000262E6,08080076
0x00026346,08007681
0x00026347,08080076
0x0002637A,08020100
0x000263DC,08000d1b
0x000263DD,0808000d
0x00026429,08007681
0x0002642A,08080076
0x0002647A,08007681
0x00026494,08000901
0x000264CA,08020200
0x0002652D,08010200
0x0002652F,08010801
0x00026530,08080108
0x0002658C,08020100
0x000265BE,08020301
0x00026603,08007681
0x0002664C,08010200
0x0002664E,08010801
0x0002664F,08080108
0x000266C9,08007681
0x00026724,08000900
0x0002677E,08007681
0x0002677F,08080076
0x000267DD,08007681
0x000267DE,08080076
0x00026879,08007681
0x0002687A,08080076
0x000268E5,08000900
0x00026932,08000a01
0x00026954,08007681
0x00026995,08020200
0x000269EC,08020101
0x00026A24,08000300
0x00026A7D,08010200
0x00026A7F,08010801
0x00026A80,08080108
0x00026AA7,08020100
0x00026AE4,08007681
0x00026AE5,08080076
0x00026B3F,08007681
0x00026B40,08080076
0x00026B96,08000100
0x00026BF5,08007681
0x00026BF6,08080076
0x00026C13,08007681
0x00026C6A,08007681
0x00026CBF,08007681
0x00026CFE,08007681
0x00026CFF,08080076
0x00026D8A,08000201
0x00026DAC,08010200
0x00026DAE,08010801
0x00026DAF,08080108
0x00026DFB,08000900
0x00026E69,08007681
0x00026E6A,08080076
0x00026E9B,08007681
0x00026E9C,08080076
0x00026EDE,08007681
0x00026EDF,08080076
0x00026F2E,08006a81
0x00026F5E,08007681
0x00026F5F,08080076
0x00026F72,08007681
0x00026FBD,08006a81
0x00026FBE,0808006a
0x00027014,08007681
0x00027015,08080076
0x0002704A,08000901
0x00027078,08000300
0x000270B0,08040100
0x000270DE,08010200
0x000270E0,08010801
0x000270E1,08080108
0x0002715D,08000901
0x000271BB,08080108
0x000271EA,08000a01
0x00027202,08007681
0x0002725F,08000100
0x00027295,08000201
0x0002730F,08027313
0x00027313,08027569
0x00027318,08020100
0x0002736D,08007681
0x000273B2,08007681
0x000273C8,08040301
0x0002740F,08007681
0x0002741D,08007681
0x00027455,08000201
0x0002747F,08007681
0x000274A1,08000a01
0x000274F4,08006a81
0x0002753B,081e0f00
0x00027549,08007681
0x00027569,0802792e
0x0002756E,08020100
0x000275A0,08007681
0x000275B2,08000100
0x0002762F,08006a81
0x00027647,08000a01
0x00027661,08007681
0x00027681,08007681
0x000276AB,08007681
0x000276E1,08010100
0x00027719,08080108
0x00027759,08007681
0x00027779,08007681
0x0002777A,08080076
0x000277A3,08007681
0x000277B5,08006a81
0x000277DD,08000900
0x000277F0,08080108
0x00027844,08007681
0x0002789A,08020101
0x000278C9,08000a01
0x000278FB,08006a81
0x0002793A,08027940
0x00027940,08027944
0x00027951,08000300
0x0002797F,08000101
0x000279D2,08007681
0x00027A25,08020200
0x00027A8C,08020101
0x00027ABA,08020301
0x00027B01,08007681
0x00027B5C,08027b60
0x00027B60,08027f07
0x00027B61,0808027f
0x00027B85,08007681
0x00027BA4,08000d01
0x00027BD2,08000c00
0x00027C21,08000b01
0x00027C66,08007681
0x00027CAB,08000d01
0x00027CCD,08007681
0x00027D18,08007681
0x00027D4A,08000b01
0x00027D91,08007681
0x00027DBB,08007681
0x00027DE6,08010000
0x00027E08,08000b01
0x00027E1A,08000d01
0x00027E52,08000c01
0x00027E7C,08020100
0x00027EAE,08007681
0x00027F07,08028120
0x00027F08,08080281
0x00027F2A,08007681
0x00027F49,08000c00
0x00027F79,08000d01
0x00027FC0,08007681
0x0002800B,08007681
0x0002801D,08000b00
0x0002803B,08007681
0x0002805B,08007681
0x0002807E,08007681
0x000280B9,08007681
0x000280FB,08000c01
0x00028126,0802812a
0x0002812D,080e0a00
0x00028161,08007681
0x00028193,08000b01
0x000281D9,08007681
0x000281EB,08020200
0x00028232,08020300
0x00028273,08000c01
0x0002828B,08040300
0x000282B9,08006a81
0x00028302,08007681
0x00028367,08007681
0x0002839F,08000d01
0x000283FC,08007681
0x00028443,08000b01
0x0002844F,08007681
0x0002847B,08000d01
0x000284A7,08010100
0x000284D7,08000b01
0x00028530,08040100
0x0002855F,08020200
0x0002857B,08007681
0x000285AB,08000d01
0x0002860E,08000c01
0x00028645,08007681
0x00028661,08020300
0x000286B4,08007681
0x000286FF,08000b01
0x00028740,08000100
0x0002879F,08007681
0x000287C1,08007681
0x000287D9,08007681
0x00028828,08020100
0x0002883A,08007681
0x00028899,08007681
0x000288E8,08007681
0x00028914,08040300
0x0002897B,08020100
0x000289A3,08007681
0x000289C9,08007681
0x000289ED,08040300
0x00028A1F,08000c01
0x00028A7E,08006a81
0x00028AE1,08006a81
0x00028B24,08020200
0x00028B4E,08000b01
0x00028B82,08020100
0x00028BA0,08007681
0x00028C01,08000100
0x00028C60,08007681
0x00028CA3,08007681
0x00028CB5,08000c01
0x00028D12,08007681
0x00028D67,08040300
0x00028DCF,08000d01
0x00028E05,08040200
0x00028E17,08040300
0x00028E66,08020100
0x00028F0E,08000b01
0x00028F3A,08007681
0x00028F89,08000d01
0x00028FB3,08000c01
0x00029014,08007681
0x00029059,08040300
0x000290B6,08000201
0x000290D4,08020100
0x00029139,08000300
0x0002916B,08000201
0x000291C8,08000101
0x000291E0,08010101
0x00029212,08040300
0x00029269,08000101
0x00029295,08000300
0x000292F4,08010101
0x00029324,08040300
0x00029373,08030101
0x000293DA,08020101
0x00029400,08007681
0x00029438,08000101
0x0002946A,08007681
0x000294B3,08007681
0x000294BF,08007681
0x00029576,08020300
0x00029582,08007681
0x000295B0,08020200
0x000295E6,08010001
0x000295F8,08007681
0x00029641,08020300
0x00029661,08007681
0x000296BE,08006a81
0x0002971D,08020200
0x00029737,08000101
0x00029795,08006a81
0x000297F4,08007681
0x0002983E,08007681
0x00029899,08007681
0x000298CB,08007681
0x000298FB,08007681
0x00029929,08007681
0x00029972,08007681
0x000299C1,08007681
0x00029A14,08007681
0x00029A3A,08000100
0x00029AAD,08029ab1
0x00029AB1,0802a13f
0x00029AB6,08020100
0x00029AF9,08006a81
0x00029B27,08000100
0x00029B59,08007681
0x00029BA4,08010100
0x00029BBE,08040301
0x00029C6E,08007681
0x00029C90,08000100
0x00029CC2,08007681
0x00029D1F,08040301
0x00029D53,08020100
0x00029D87,08007681
0x00029DB9,08030100
0x00029E27,0810001c
0x00029E80,08030100
0x00029EB4,08007681
0x00029EEF,08000100
0x00029F11,08007681
0x00029F60,08007681
0x00029FB9,08007681
0x00029FE7,08010301
0x0002A026,08010100
0x0002A06D,08007681
0x0002A0C0,08007681
0x0002A0F2,08000201
0x0002A13F,0802a269
0x0002A140,080802a2
0x0002A181,08006a81
0x0002A1A3,08007681
0x0002A1D5,08007681
0x0002A212,08007681
0x0002A24A,08000201
0x0002A279,08020100
0x0002A2A0,08020301
0x0002A2D0,08020201
0x0002A2E8,08020100
0x0002A32F,08007681
0x0002A3C9,08020200
0x0002A3D5,08007681
0x0002A418,08007681
0x0002A430,08007681
0x0002A47F,08007681
0x0002A4D2,08007681
0x0002A4E4,08020101
0x0002A51C,08020300
0x0002A552,08000101
0x0002A56E,08007681
0x0002A5BD,08007681
0x0002A614,08010300
0x0002A64F,08020200
0x0002A686,08020101
0x0002A6DD,08020300
0x0002A726,08020200
0x0002A76D,08020300
0x0002A79B,08007681
0x0002A7AF,08007681
0x0002A831,0802a87c
0x0002A832,080802a8
0x0002A87D,08007681
0x0002A8CE,08007681
0x0002A8FA,08007681
0x0002A95D,08020300
0x0002A98F,08000300
0x0002A9DE,08006a81
0x0002AA2D,08007681
0x0002AA6E,08007681
0x0002AA8F,08020300
0x0002AAAA,08020200
0x0002AAB6,08007681
0x0002AB0D,08006a81
0x0002AB1B,08007681
0x0002AB7E,08006a81
0x0002ABA2,08006a81
0x0002ABBC,08030300
0x0002ABDA,08020200
0x0002AC35,08006a81
0x0002AC7F,08000101
0x0002ACDE,08000300
0x0002ACFE,08020200
0x0002AD55,08007681
0x0002AD83,08020101
0x0002ADE0,08007681
0x0002AE84,08007681
0x0002AE94,08007681
0x0002AEF7,08001d01
0x0002AF1D,08007681
0x0002AF70,08007681
0x0002AFBB,08007681
0x0002AFDD,08020101
0x0002AFF3,08007681
0x0002B025,08007681
0x0002B072,08007681
0x0002B093,08020200
0x0002B0D6,08010301
0x0002B129,08007681
0x0002B151,08007681
0x0002B185,08007681
0x0002B1E8,08007681
0x0002B241,08007681
0x0002B2A2,08007681
0x0002B2B6,08001d01
0x0002B2E4,08007681
0x0002B329,08007681
0x0002B38E,08006a81
0x0002B3DD,08006a81
0x0002B430,08020101
0x0002B45E,08007681
0x0002B49F,08007681
0x0002B4B1,08000101
0x0002B4FC,08001d01
0x0002B547,08006a81
0x0002B573,08020100
0x0002B5B2,08020200
0x0002B5F5,08020100
0x0002B607,08020300
0x0002B61F,08001d01
0x0002B662,08007681
0x0002B6B1,08007681
0x0002B6E1,08020200
0x0002B6F5,08020100
0x0002B738,08007681
0x0002B764,08006a81
0x0002B7A3,08006a81
0x0002B7F9,08030100
0x0002B813,08000300
0x0002B85A,08020300
0x0002B870,08020200
0x0002B88C,08007681
0x0002B90C,08020200
0x0002B92B,08030300
0x0002B93D,08020200
0x0002B971,08006a81
0x0002B9D0,08007681
0x0002B9F6,08020300
0x0002BA2A,08007681
0x0002BA6F,08007681
0x0002BA9B,08020200
0x0002BACB,08010000
0x0002BB12,08006a81
0x0002BB64,08010000
0x0002BB98,08020300
0x0002BBCA,08007681
0x0002BC32,08010001
0x0002BC42,08007681
0x0002BC5F,08010001
0x0002BC87,08007681
0x0002BCB0,08010001
0x0002BCDC,08030300
0x0002BD10,08007681
0x0002BD40,08007681
0x0002BD9A,0802d69f
0x0002BDA2,08000300
0x0002BDFB,08006a81
0x0002BE50,08006a81
0x0002BE60,08000300
0x0002BE76,08020300
0x0002BEA2,08000300
0x0002BEF5,08006a81
0x0002BF5A,08006a81
0x0002BF6A,08000300
0x0002BF80,08020300
0x0002BFD8,08001201
0x0002C004,08000300
0x0002C014,08020300
0x0002C028,08001301
0x0002C03E,08001101
0x0002C066,08001201
0x0002C0A5,08007681
0x0002C0D5,08007681
0x0002C109,08007681
0x0002C12D,08001101
0x0002C161,08007681
0x0002C177,08001201
0x0002C1C8,08001101
0x0002C1F4,08020300
0x0002C251,08006a81
0x0002C26B,08001301
0x0002C2C6,08007681
0x0002C31D,08007681
0x0002C362,08007681
0x0002C3A2,08010001
0x0002C3BA,08001201
0x0002C3DC,08000c00
0x0002C451,08007681
0x0002C492,08007681
0x0002C4C2,08007681
0x0002C50B,08007681
0x0002C519,08007681
0x0002C558,08001201
0x0002C5A7,08006a81
0x0002C5E8,08007681
0x0002C63C,08001201
0x0002C69B,08001101
0x0002C6EE,08020300
0x0002C71E,08000c00
0x0002C77D,08001201
0x0002C7A5,08020300
0x0002C7DE,08001201
0x0002C81A,08000300
0x0002C82C,08007681
0x0002C879,08000601
0x0002C8D4,08000501
0x0002C900,08007681
0x0002C97A,08007681
0x0002C9CD,08000501
0x0002C9F5,08001201
0x0002CA83,08001301
0x0002CAA3,08001101
0x0002CADB,08000b00
0x0002CB1E,08000300
0x0002CB4C,08000c00
0x0002CB5E,08000b00
0x0002CBDD,08001201
0x0002CC1E,08006a81
0x0002CC40,08006a81
0x0002CC8B,08007681
0x0002CCCC,08007681
0x0002CCE4,08000300
0x0002CD41,08020300
0x0002CD75,08020201
0x0002CDA5,08000300
0x0002CDC1,08001301
0x0002CDD5,08001201
0x0002CE12,08006a81
0x0002CE46,08020300
0x0002CE74,08020200
0x0002CEB7,08007681
0x0002CEFC,08006a81
0x0002CF57,08007681
0x0002CFB2,08007681
0x0002D041,08006a81
0x0002D065,08006a81
0x0002D08F,08001101
0x0002D0D2,08001201
0x0002D0FE,08001101
0x0002D10E,08001201
0x0002D142,08001101
0x0002D158,08001201
0x0002D1A9,08007681
0x0002D20A,08001101
0x0002D23C,08001201
0x0002D2A1,08006a81
0x0002D302,08006a81
0x0002D32A,08001301
0x0002D383,08000c00
0x0002D3AD,08000b01
0x0002D3EC,08006a81
0x0002D440,08010000
0x0002D4A4,08010000
0x0002D4B8,08007681
0x0002D4DA,08020301
0x0002D4F6,08000501
0x0002D545,08007681
0x0002D563,08030100
0x0002D57F,08010100
0x0002D5B1,08007681
0x0002D604,08000600
0x0002D649,08007681
0x0002D6A7,08000501
0x0002D6EE,08000601
0x0002D70A,08007681
0x0002D729,08040100
0x0002D741,08000100
0x0002D753,08020100
0x0002D77F,08006a81
0x0002D826,08000501
0x0002D852,08007681
0x0002D85E,08007681
0x0002D88A,08000100
0x0002D8D5,08007681
0x0002D97B,08000d01
0x0002D9B3,08000c00
0x0002D9CF,08007681
0x0002DA0A,08007681
0x0002DA3E,08007681
0x0002DA6E,08007681
0x0002DAA2,08020101
0x0002DACC,08007681
0x0002DADC,08040300
0x0002DB24,08040101
0x0002DB3E,08010300
0x0002DBA9,08000501
0x0002DBDB,08000300
0x0002DC5D,0802dc61
0x0002DC61,0802de1a
0x0002DC66,08010300
0x0002DC86,08000c01
0x0002DC92,08007681
0x0002DCF1,08007681
0x0002DD09,08006a81
0x0002DD4E,08007681
0x0002DDAD,08007681
0x0002DDC5,08020100
0x0002DE1A,0802e1d7
0x0002DE1B,080802e1
0x0002DE35,08000c01
0x0002DE5B,08007681
0x0002DEB2,08007681
0x0002DED4,08010100
0x0002DEFE,08007681
0x0002DF45,08000d01
0x0002DF84,08007681
0x0002DFB8,08000c01
0x0002DFD8,08000300
0x0002DFF4,08000d01
0x0002E028,08000c01
0x0002E07A,080f011d
0x0002E096,08007681
0x0002E0B8,08020300
0x0002E0E8,08000d01
0x0002E147,08000c01
0x0002E17F,08040300
0x0002E1D8,08006a81
0x0002E1FE,08000d01
0x0002E236,08000b00
0x0002E283,08000501
0x0002E2E8,08000601
0x0002E308,08000300
0x0002E379,08040300
0x0002E3B8,08007681
0x0002E467,08000100
0x0002E4D4,08030176
0x0002E4DC,08020100
0x0002E597,08007681
0x0002E5F2,08007681
0x0002E651,08007681
0x0002E665,08007681
0x0002E68D,08000300
0x0002E69F,08000100
0x0002E6BB,08007681
0x0002E6CF,08007681
0x0002E71C,08007681
0x0002E742,08010100
0x0002E764,08000100
0x0002E7A1,08007681
0x0002E7EA,08007681
0x0002E82D,08007681
0x0002E84F,08007681
0x0002E85B,08007681
0x0002E8A8,08040301
0x0002E8E7,08007681
0x0002E946,08007681
0x0002E986,08007681
0x0002E9E5,08007681
0x0002EA09,08007681
0x0002EA60,08040301
0x0002EA90,08007681
0x0002EAE3,08006a81
0x0002EB27,08007681
0x0002EB43,08007681
0x0002EB61,08007681
0x0002EB95,08040301
0x0002EBBC,08040100
0x0002EBCE,08007681
0x0002EBFE,08007681
0x0002EC5F,08000100
0x0002ECA3,08007681
0x0002ECD1,08007681
0x0002ECEA,08003d01
0x0002ED02,08007681
0x0002ED0E,08007681
0x0002ED38,08020300
0x0002ED48,08020200
0x0002ED8F,0800051b
0x0002EDB5,08000300
0x0002EDD5,08007681
0x0002EE3A,08007681
0x0002EE7D,08007681
0x0002EEBC,08007681
0x0002EEC8,08007681
0x0002EF7C,08007681
0x0002EFC1,08007681
0x0002F016,08007681
0x0002F046,08007681
0x0002F097,08020200
0x0002F0A7,08006a81
0x0002F108,08007681
0x0002F128,08007681
0x0002F15E,08006a81
0x0002F16C,08007681
0x0002F1CF,0802f1d3
0x0002F1D3,0802f663
0x0002F1D7,08000d1b
0x0002F1F1,08007681
0x0002F1FD,08007681
0x0002F247,08020101
0x0002F27F,08003d01
0x0002F297,08007681
0x0002F2DE,08020101
0x0002F36E,08007681
0x0002F386,08007681
0x0002F3A2,08040101
0x0002F3CA,08003d01
0x0002F3D8,08007681
0x0002F3F6,08007681
0x0002F441,08007681
0x0002F451,08007681
0x0002F461,08000100
0x0002F477,08007681
0x0002F4BE,08020200
0x0002F4CE,08007681
0x0002F51B,08007681
0x0002F54F,08007681
0x0002F5AE,08007681
0x0002F5C4,08007681
0x0002F5D6,08000100
0x0002F5FA,08006a81
0x0002F663,0802fa1a
0x0002F66B,08020100
0x0002F69F,08007681
0x0002F6C3,08020301
0x0002F71C,08000100
0x0002F7C1,08007681
0x0002F7E3,08020200
0x0002F82E,08007681
0x0002F87F,08007681
0x0002F8B3,08003d01
0x0002F900,08007681
0x0002F939,08010100
0x0002F981,08007681
0x0002F9BC,08000300
0x0002F9D2,08007681
0x0002FA20,0802fa24
0x0002FA27,080e0a00
0x0002FA51,08007681
0x0002FA8C,08007681
0x0002FA9B,0800051b
0x0002FAE6,08007681
0x0002FB2B,08000300
0x0002FB41,08007681
0x0002FB9E,08007681
0x0002FBFB,08007681
0x0002FC2B,08010300
0x0002FC5B,08000101
0x0002FC6B,08007681
0x0002FCC8,08007681
0x0002FD0D,08010101
0x0002FD35,08003d01
0x0002FD5B,08000300
0x0002FD67,08007681
0x0002FDA8,08007681
0x0002FDF7,08000100
0x0002FE54,08020100
0x0002FE91,08007681
0x0002FEEE,08007681
0x0002FF26,08000300
0x0002FF5A,08007681
0x0002FFA7,08007681
0x0002FFBB,08007681
0x00030059,08007681
0x00030069,08007681
0x000300A6,08007681
0x000300BC,08007681
0x00030113,08007681
0x00030147,08007681
0x0003017E,08003d01
0x000301B0,08000300
0x0003022B,08020100
0x0003026E,08007681
0x000302C5,08020200
0x000302E1,08007681
0x0003031C,08007681
0x0003036F,08007681
0x0003038F,08007681
0x000303B6,08001701
0x000303E2,08007681
0x0003046E,08020100
0x000304A0,08020200
0x000304C4,08001701
0x00030513,08007681
0x00030545,08007681
0x000305C4,08001601
0x000305D9,08020300
0x000305FF,08020200
0x00030615,08003d00
0x00030634,08010000
0x0003064A,08020101
0x0003065E,08007681
0x00030696,08020201
0x000306DB,08006a81
0x00030722,08007681
0x00030740,08001701
0x0003075A,08020300
0x00030786,08020100
0x000307B6,08003d00
0x00030809,08020100
0x00030860,08001701
0x00030876,08020200
0x000308A6,08007681
0x000308E6,08010100
0x00030937,08010301
0x0003096F,08010201
0x00030983,08007681
0x000309B1,08000100
0x000309F7,08000201
0x00030A0B,08000100
0x00030A71,08000201
0x00030A99,08007681
0x00030B0C,08007681
0x00030B4A,08003d00
0x00030B85,08007681
0x00030BE0,08007681
0x00030BFC,08001d01
0x00030C1C,08007681
0x00030C3E,08007681
0x00030C85,08007681
0x00030CE0,08007681
0x00030D12,08007681
0x00030D6F,08007681
0x00030D9D,08007681
0x00030DEE,08007681
0x00030E19,081e0f10
0x00030E76,08006a81
0x00030EBB,08006a81
0x00030F1C,08006a81
0x00030F54,0803eff4
0x00031028,08031074
0x00031030,08031058
0x00031038,0803105c
0x00031040,08031060
0x00031048,08031064
0x00031050,0803106c
0x00031058,08031070
0x0003107C,08000100
0x000310EB,080310ef
0x000310EF,08031144
0x000310F0,08080311
0x00031116,08007681
0x00031145,08000076
0x00031192,08007681
0x000311A8,08007681
0x000311DE,08010100
0x000311FA,08000300
0x000312AB,08010100
0x00031328,08000100
0x000313BB,08010100
0x000313CF,08007681
0x00031438,08000100
0x00031464,08002c01
0x000314A1,08007681
0x000314EE,08007681
0x00031506,08007681
0x00031563,08007681
0x000315B4,08007681
0x000315DD,08002c01
0x00031603,08007681
0x00031648,08007681
0x00031656,08007681
0x00031699,08010100
0x000316CD,08007681
0x00031716,08007681
0x00031755,08000100
0x0003177B,08007681
0x000317B1,08010100
0x000317E5,08002c01
0x0003181E,08007681
0x00031852,08007681
0x00031895,08007681
0x000318FA,08000100
0x0003191A,08007681
0x0003195B,08007681
0x00031997,081e0f10
0x000319C7,08007681
0x00031A1A,08031feb
0x00031A22,08000100
0x00031A4D,0800081b
0x00031AA6,08020100
0x00031ADE,08000100
0x00031B00,08007681
0x00031B2A,08007681
0x00031B69,08007681
0x00031BB8,08007681
0x00031BF7,08020100
0x00031C5A,08007681
0x00031CB3,08006a81
0x00031D02,08006a81
0x00031D2A,08007681
0x00031D62,081b0000
0x00031D68,08001e01
0x00031D8C,08000100
0x00031DC7,08007681
0x00031E1A,08007681
0x00031E55,08007681
0x00031E8D,08010100
0x00031EBD,08007681
0x00031F18,08000300
0x00031F34,08011700
0x00031F41,08001e01
0x00031F73,08000100
0x00031FB6,08010100
0x00031FF3,08001e01
0x00032027,08000100
0x0003206C,08007681
0x00032086,08007681
0x000320C7,08007681
0x000320D6,0800071b
0x00032133,08007681
0x00032170,08007681
0x000321A2,08007681
0x000321AE,08007681
0x00032201,08007681
0x0003224A,08007681
0x00032285,08007681
0x000322C6,08007681
0x000322D2,08007681
0x0003230F,08007681
0x0003231F,08007681
0x00032364,08007681
0x00032384,08020100
0x000323B0,08007681
0x000323C5,08010100
0x0003240C,08007681
0x00032430,08003000
0x00032464,08007681
0x0003249D,08007681
0x000324CD,08007681
0x0003250A,08007681
0x00032540,08020101
0x0003254E,08006a81
0x000325AD,08007681
0x000325D1,08010100
0x000325EF,08020101
0x00032627,08010300
0x0003266E,08007681
0x000326B5,08007681
0x000326FA,08007681
0x00032729,08010000
0x00032745,08000101
0x00032766,0800891b
0x00032786,08001e00
0x000327B4,08007681
0x000327DA,08007681
0x00032823,08007681
0x0003287A,08007681
0x000328A2,08007681
0x000328F9,08007681
0x0003293E,08007681
0x00032964,08007681
0x0003297A,08007681
0x000329C3,08007681
0x000329FC,08007681
0x00032A0A,08007681
0x00032A47,08007681
0x00032A55,08007681
0x00032A81,08007681
0x00032AA7,08007681
0x00032AB9,08010101
0x00032AC9,08007681
0x00032ADF,08000101
0x00032B26,08007681
0x00032B4E,08007681
0x00032B62,08007681
0x00032B6E,08007681
0x00032BA0,08002b01
0x00032BE1,08007681
0x00032BFB,08007681
0x00032C58,08006a81
0x00032C95,08006a81
0x00032CEA,08007681
0x00032D29,08000101
0x00032D53,08002b01
0x00032D79,08007681
0x00032DCD,08000100
0x00032E28,08002c01
0x00032E8B,08000100
0x00032EBD,08006a81
0x00032EFA,08007681
0x00032F18,08007681
0x00032F5F,08007681
0x00032FC2,08007681
0x00032FD2,08007681
0x00033006,08007681
0x00033057,08007681
0x00033065,08007681
0x0003309C,08007681
0x000330FB,08007681
0x00033109,08007681
0x00033133,08002c01
0x00033161,08010100
0x00033189,08000100
0x000331B8,0803011d
0x000331FD,08007681
0x00033246,08007681
0x0003328D,08010100
0x000332BD,08007681
0x00033318,08007681
0x00033371,08000100
0x000333A3,08002c01
0x000333EC,08010100
0x0003341C,08007681
0x0003344E,08007681
0x00033489,08000100
0x000334BB,08007681
0x000334FE,08007681
0x0003354B,08007681
0x0003356F,08007681
0x000335AE,08007681
0x00033653,08007681
0x00033696,08007681
0x000336BC,08002c01
0x000336DC,08010100
0x00033719,08007681
0x00033774,08000100
0x00033796,08007681
0x000337E3,08007681
0x000337FF,08007681
0x00033866,08000100
0x000338BE,08007681
0x000338F6,08000201
0x00033915,08020100
0x000339CD,08000300
0x000339FB,08007681
0x00033A2B,08020100
0x00033A6E,08007681
0x00033AC9,08040100
0x00033AF9,08000300
0x00033B40,08007681
0x00033B9D,08010701
0x00033BB9,08000100
0x00033C12,08000300
0x00033C83,08007681
0x00033CE4,08007681
0x00033D10,08040300
0x00033D57,08007681
0x00033D81,08010100
0x00033DD6,08000100
0x00033E25,08007681
0x00033E59,08007681
0x00033E87,08006a81
0x00033EB9,08007681
0x00033F0C,08007681
0x00033F49,08006a81
0x00033F6D,08007681
0x00033F85,08006a81
0x00033FF0,08007681
0x00034043,08007681
0x00034086,08007681
0x000340BA,08020101
0x000340FA,08006a81
0x0003412C,08000300
0x0003417B,08007681
0x00034195,08000201
0x000341A7,08010200
0x000341F4,08010300
0x00034236,08040300
0x0003425E,08040101
0x0003428A,08000300
0x000342AA,08010300
0x000342C4,08030201
0x00034319,08006a81
0x00034368,08000100
0x0003438A,080f0f01
0x000343D5,08007681
0x00034432,08007681
0x00034464,08007681
0x000344A5,08007681
0x000344CF,08010701
0x000344F1,08020100
0x00034575,08000201
0x00034587,08007681
0x0003462B,08007681
0x0003465F,08000100
0x0003467B,08007681
0x000346CE,08020200
0x000346E8,08007681
0x00034743,08007681
0x0003476B,08000100
0x0003477F,08020200
0x00034791,08020300
0x000347A9,08007681
0x000347D7,08000300
0x0003481E,08006a81
0x0003486D,08007681
0x00034895,08006a81
0x000348C7,08007681
0x00034924,08020100
0x00034981,08007681
0x00034999,08007681
0x000349CB,08000100
0x000349E1,08007681
0x00034A2E,08000300
0x00034A5C,08007681
0x00034ABB,08007681
0x00034B1A,08000100
0x00034B83,08007681
0x00034BE1,08007681
0x00034C2A,08000100
0x00034CCA,08007681
0x00034D1D,08000201
0x00034D52,0800711b
0x00034D6A,08000300
0x00034DCD,08007681
0x00034E24,08007681
0x00034E4A,08007681
0x00034EA3,08010701
0x00034EC9,08000100
0x00034F19,08007681
0x00034F41,08007681
0x00034FA0,08010100
0x0003505D,08010100
0x000350F1,08020300
0x00035105,08001d01
0x00035139,08020100
0x0003515F,08020200
0x0003516B,08007681
0x000351C8,08007681
0x000351EA,08007681
0x00035247,08007681
0x00035292,08007681
0x000352B3,08010000
0x000352C7,08020300
0x000352DB,08007681
0x00035307,08007681
0x0003534A,08007681
0x00035380,08020100
0x000353C1,08007681
0x000353F1,08020200
0x0003544E,08020100
0x00035497,08007681
0x000354B9,08007681
0x00035504,08006a81
0x0003555B,08007681
0x0003559A,08007681
0x000355CE,08007681
0x00035617,08007681
0x0003563D,08000100
0x0003564F,08020100
0x000356A0,08007681
0x000356C0,08007681
0x000356DE,08007681
0x0003572B,0803572f
0x0003572F,080358c5
0x00035734,08020200
0x00035746,08000101
0x000357B9,08007681
0x000357FC,08010200
0x00035828,08010101
0x0003583C,08010301
0x00035850,08001d01
0x000358A1,08006a81
0x000358C5,08035cee
0x000358CA,08020200
0x000358FE,08006a81
0x0003591E,08020101
0x00035932,08020301
0x0003594A,08001d01
0x0003599F,08007681
0x00035A01,08020101
0x00035A44,08020301
0x00035A97,08007681
0x00035AE6,08006a81
0x00035B5D,08020200
0x00035B8B,08000101
0x00035BC3,08020101
0x00035C46,08007681
0x00035C6E,08001d01
0x00035C9A,08006a81
0x00035CEF,08006a81
0x00035D3E,08001d01
0x00035D5E,08000100
0x00035DB3,08007681
0x00035DEE,08020300
0x00035E33,08040300
0x00035E5F,08006a81
0x00035F09,08020200
0x00035F4E,08007681
0x00035F91,08007681
0x00035FF4,08007681
0x00036026,0800051b
0x0003603E,08020301
0x0003605E,08020100
0x000360A3,08040301
0x00036122,08007681
0x000361C0,080000c2
0x0003621B,08040cf8
0x00036223,0803d5d5
0x0003622B,0803d5d5
0x00036233,0803cd02
0x0003623B,0803c11d
0x00036243,0803b911
0x0003624B,0803fc0d
0x00036253,0803b232
0x0003625B,0803a83f
0x00036263,080393cb
0x0003626B,08037bc0
0x00036273,08036fde
0x0003627B,0803627b
0x000362C3,08007681
0x00036312,08007681
0x0003634D,08007681
0x00036396,08010100
0x000363EB,08007681
0x0003647B,08020100
0x00036499,08010300
0x000364AD,08001e01
0x000364C7,08007681
0x000364D5,08007681
0x00036503,08003001
0x0003656C,08001e01
0x00036596,08040100
0x000365C0,08007681
0x00036613,08007681
0x00036664,08007681
0x0003669A,08003001
0x000366DF,08007681
0x00036722,08001e01
0x00036746,08000100
0x00036791,08003001
0x000367EA,08006a81
0x0003681C,08007681
0x0003687D,08002b01
0x000368BC,08001e00
0x0003691B,08003001
0x00036951,08011700
0x0003695C,08002b01
0x000369BB,08007681
0x00036A0A,08002c00
0x00036A2C,08007681
0x00036A50,08007681
0x00036A91,08007681
0x00036AC3,08007681
0x00036B1F,0800071b
0x00036B5E,08007681
0x00036B6A,08007681
0x00036BAB,08007681
0x00036BEA,08007681
0x00036BFC,08007681
0x00036C2E,08007681
0x00036C73,08007681
0x00036CBE,08007681
0x00036D11,08007681
0x00036D45,08007681
0x00036D57,08007681
0x00036DB0,08007681
0x00036DF1,08007681
0x00036E32,08007681
0x00036E8B,08007681
0x00036EBD,08007681
0x00036EE7,08007681
0x00036F19,08007681
0x00036F5E,08007681
0x00036FE6,08000100
0x00037062,08010100
0x00037088,08007681
0x000370C9,08006a81
0x00037110,08006a81
0x0003716F,08040301
0x00037198,08040100
0x000371AD,08050017
0x000371B8,08010301
0x00037211,08000101
0x00037264,08006a81
0x0003729C,08020101
0x000372BE,08007681
0x000372CE,08007681
0x00037302,08007681
0x00037325,08040101
0x00037338,08050117
0x00037343,08010201
0x00037377,08007681
0x00037389,08010301
0x000373B9,08006a81
0x0003740A,08002c01
0x00037453,08007681
0x000374A6,08007681
0x000374FB,08000100
0x0003754A,08006a81
0x0003759F,08007681
0x000375F6,08007681
0x000376A2,08010300
0x000376DA,08000100
0x00037727,08007681
0x00037770,08040100
0x00037790,08007681
0x000377C5,0810001c
0x000377E1,08007681
0x00037811,08006a81
0x0003783F,08007681
0x00037857,08010100
0x00037883,08040300
0x00037897,08006a81
0x000378B7,08010300
0x000378E3,08030100
0x000378FB,08000201
0x0003790D,08020100
0x00037974,08002c01
0x000379C3,08007681
0x00037A63,08007681
0x00037A77,08020101
0x00037A95,08010201
0x00037ABB,08040300
0x00037AEB,08002c01
0x00037B34,08006a81
0x00037B91,08007681
0x00037BC6,080390db
0x00037BCC,08038d42
0x00037BD7,08000700
0x00037BF1,08002b01
0x00037C38,08000100
0x00037C7B,08002c01
0x00037CBA,08000300
0x00037CD4,08002b01
0x00037D21,08000100
0x00037D84,08037d88
0x00037D88,08038450
0x00037D89,08080384
0x00037DB5,08006a81
0x00037DDD,08007681
0x00037E2C,08007681
0x00037E85,08007681
0x00037EE4,08010100
0x00037F31,08006a81
0x00037F84,08007681
0x00037FBF,08007681
0x00037FEB,08002c01
0x00038076,08002c01
0x000380D1,08000300
0x000380FB,08007681
0x0003816A,08007681
0x000381D3,08002b01
0x0003821C,08007681
0x00038244,08007681
0x000382A7,08007681
0x000382D9,08020100
0x0003831C,08006a81
0x0003835F,08007681
0x00038393,08000100
0x000383B7,08007681
0x000383E7,08000300
0x00038420,08007681
0x00038450,0803847e
0x00038451,08080384
0x0003847F,08007681
0x000384CF,080384d3
0x000384D6,080e0a00
0x000384EA,08006a81
0x0003850E,08020100
0x000385B0,08000100
0x000385F3,08002c01
0x0003862A,08007681
0x000386C3,08010300
0x000386FE,08000100
0x00038754,08006a81
0x0003879D,08007681
0x000387F0,08000100
0x0003883F,08000300
0x00038875,08002b01
0x000388D0,08000700
0x000388E6,08007681
0x0003893B,08003601
0x00038998,08020200
0x000389D9,08006a81
0x00038A2E,08000100
0x00038A84,08007681
0x00038ADD,08020200
0x00038B03,08000100
0x00038B33,08006a81
0x00038B96,08000700
0x00038BBA,08007681
0x00038BDC,08007681
0x00038C1F,08007681
0x00038C64,08007681
0x00038C90,08007681
0x00038CCB,08007681
0x00038D03,08010100
0x00038D4D,08000700
0x00038DA6,08003601
0x00038DDA,08007681
0x00038DF6,08007681
0x00038E31,08020300
0x00038E63,08000700
0x00038E8D,08002b01
0x00038EDA,08007681
0x00038F1B,08007681
0x00038F3D,08007681
0x00038F96,08030100
0x00039024,08000100
0x00039036,08007681
0x00039068,08020100
0x000390A3,08007681
0x000390E6,08000300
0x0003911E,08003601
0x000391A4,08007681
0x000391FF,08002b01
0x00039244,08007681
0x00039287,08010100
0x000392D4,08002c01
0x0003933B,08000100
0x000393A8,08007681
0x000393D6,08000700
0x00039431,08000100
0x00039476,08020100
0x000394C4,081b0076
0x000394C6,0800081b
0x00039519,08040100
0x00039541,08002b01
0x00039571,08003001
0x0003959F,08001e01
0x000395D5,08000100
0x00039654,08000300
0x0003967A,08003001
0x000396CD,08001e01
0x000396F1,08010300
0x0003973C,08040300
0x0003976E,08002b01
0x000397A0,08010100
0x000397CA,08002c01
0x00039819,08000100
0x00039837,08010100
0x0003986B,08007681
0x000398B0,08002b01
0x000398ED,08007681
0x00039938,08000100
0x00039962,08000300
0x000399C2,08020100
0x00039A13,08007681
0x00039A5A,08002c01
0x00039A76,08003001
0x00039A82,08007681
0x00039AAC,08000100
0x00039AC4,080a0f01
0x00039B05,08007681
0x00039B23,08007681
0x00039B6C,08010100
0x00039BAB,08007681
0x00039BD5,08007681
0x00039C26,08000100
0x00039C76,08006a81
0x00039CC7,08007681
0x00039D0C,08002b01
0x00039D3E,08001e01
0x00039D7B,08007681
0x00039DB6,08002b01
0x00039E09,08000700
0x00039E2D,08007681
0x00039E82,08007681
0x00039ECD,08040100
0x00039F10,08001e01
0x00039F5F,08002b01
0x00039FB2,08000300
0x0003A005,08007681
0x0003A046,08001e01
0x0003A091,08007681
0x0003A0BF,08002b01
0x0003A10C,08007681
0x0003A155,08007681
0x0003A171,08010100
0x0003A1BE,08001e01
0x0003A20F,08007681
0x0003A256,08007681
0x0003A29F,08007681
0x0003A2EE,08000100
0x0003A337,08007681
0x0003A38C,08007681
0x0003A3BA,08007681
0x0003A3F5,08007681
0x0003A41B,08003001
0x0003A478,08020100
0x0003A4BD,08007681
0x0003A502,08000100
0x0003A54B,08001e01
0x0003A56D,08003001
0x0003A5BE,08007681
0x0003A60B,08000700
0x0003A62D,08002b01
0x0003A655,08001e01
0x0003A6B3,08000100
0x0003A6DD,08001700
0x0003A6E5,08003000
0x0003A732,08001700
0x0003A73A,08000300
0x0003A779,08000201
0x0003A7C2,08007681
0x0003A80F,08010700
0x0003A84A,08000700
0x0003A864,08002b01
0x0003A882,08000100
0x0003A8BA,08002c01
0x0003A8E2,08007681
0x0003A906,08040100
0x0003A949,08007681
0x0003A98E,08007681
0x0003A9EF,08002b01
0x0003AA2E,08007681
0x0003AA77,08000100
0x0003AAE8,08006a81
0x0003AB4D,0803ab51
0x0003AB51,0803acc1
0x0003AB56,08010701
0x0003AB8A,08010100
0x0003ABBE,08007681
0x0003ABFF,08007681
0x0003AC27,08000100
0x0003ACC1,0803ae00
0x0003ACF8,08002b01
0x0003AD37,08010701
0x0003AD88,08020100
0x0003ADDF,08007681
0x0003AE05,08002b01
0x0003AE37,08002c01
0x0003AE71,08000300
0x0003AE93,08007681
0x0003AED7,08007681
0x0003AF1C,08000100
0x0003AF48,08007681
0x0003AF7C,08002b01
0x0003AF9C,08000700
0x0003B052,08010301
0x0003B088,08030200
0x0003B0B5,08011700
0x0003B0BE,08000101
0x0003B0FD,08020101
0x0003B129,08007681
0x0003B13B,08002c00
0x0003B155,08007681
0x0003B167,08000101
0x0003B1BB,083c0f01
0x0003B1DF,08002b01
0x0003B23D,08000700
0x0003B257,08002b01
0x0003B275,08000100
0x0003B2A9,08007681
0x0003B2C5,08007681
0x0003B31C,08007681
0x0003B375,08000700
0x0003B39D,08007681
0x0003B3E4,08000300
0x0003B3FE,08020100
0x0003B41E,08007681
0x0003B461,08007681
0x0003B4A8,08007681
0x0003B4D6,08002c01
0x0003B52D,08007681
0x0003B572,08040301
0x0003B5A0,08007681
0x0003B5DF,08007681
0x0003B62E,08007681
0x0003B6FB,08020101
0x0003B72D,08000700
0x0003B749,08002b01
0x0003B765,08000100
0x0003B7D4,08000700
0x0003B800,08002c00
0x0003B834,08002b01
0x0003B873,08007681
0x0003B8AE,08007681
0x0003B91F,08000700
0x0003B939,08002b01
0x0003B97C,08010100
0x0003B9D1,08002c01
0x0003BA1C,08000100
0x0003BA57,08007681
0x0003BA6F,08002b01
0x0003BAB4,08007681
0x0003BAD6,08007681
0x0003BB06,08007681
0x0003BB51,08007681
0x0003BBB2,08000300
0x0003BBF3,08002c01
0x0003BC6A,08012b01
0x0003BC96,08000700
0x0003BCE7,08010100
0x0003BD0F,08000100
0x0003BD5C,08040300
0x0003BDE5,08002c01
0x0003BE2C,08007681
0x0003BE46,08002b01
0x0003BEA1,08007681
0x0003BEEE,08040100
0x0003BF47,08007681
0x0003BF67,08007681
0x0003BFC2,08007681
0x0003C008,08000100
0x0003C01A,08000300
0x0003C04A,08007681
0x0003C078,08040300
0x0003C0BD,08006a81
0x0003C0F1,08007681
0x0003C12B,08000700
0x0003C145,08010100
0x0003C16D,08002c01
0x0003C195,08002b01
0x0003C1C7,08000100
0x0003C1E1,08007681
0x0003C1EF,08007681
0x0003C23E,08000300
0x0003C279,08006a81
0x0003C2B8,08006a81
0x0003C2EF,08000100
0x0003C334,08007681
0x0003C346,08040300
0x0003C38F,08006a81
0x0003C3DD,08003601
0x0003C411,08010300
0x0003C433,08000100
0x0003C463,08000300
0x0003C49E,08007681
0x0003C4E9,08007681
0x0003C57B,08007681
0x0003C5C6,08007681
0x0003C5DC,08020100
0x0003C63F,08006a81
0x0003C68E,08000300
0x0003C6B2,08000700
0x0003C6E6,08007681
0x0003C72B,08007681
0x0003C768,08007681
0x0003C7B9,08007681
0x0003C7E1,08007681
0x0003C816,08007681
0x0003C857,08007681
0x0003C88F,08020300
0x0003C8C7,08002c00
0x0003C928,08007681
0x0003C942,08007681
0x0003C968,08002b01
0x0003C9AB,08007681
0x0003C9DB,08000700
0x0003CA01,08003601
0x0003CA42,08000300
0x0003CABD,0803cac1
0x0003CAC1,0803cb3f
0x0003CAC2,080803cb
0x0003CAF4,08007681
0x0003CB3F,0803cbf2
0x0003CB40,080803cb
0x0003CB6C,08007681
0x0003CBA3,08007681
0x0003CBB9,08007681
0x0003CC32,08007681
0x0003CC54,08040300
0x0003CD10,08000700
0x0003CD2A,08002b01
0x0003CD87,08007681
0x0003CDCC,08020100
0x0003CE19,08007681
0x0003CE84,08000100
0x0003CED1,08040301
0x0003CF1C,08007681
0x0003CF50,08007681
0x0003CF6E,08000201
0x0003CFC9,08002b01
0x0003D049,08000100
0x0003D07B,08002c01
0x0003D08D,08040100
0x0003D11F,08007681
0x0003D16A,08007681
0x0003D19E,08020100
0x0003D1DF,08000201
0x0003D1F1,08000100
0x0003D26D,08002c01
0x0003D2BE,08007681
0x0003D327,08010100
0x0003D33D,08007681
0x0003D38E,08000201
0x0003D3C4,08002b01
0x0003D3FD,08007681
0x0003D456,08007681
0x0003D4AB,08000100
0x0003D4C7,08020100
0x0003D51A,08002c01
0x0003D563,08007681
0x0003D5DE,0803e5ed
0x0003D5E6,08020100
0x0003D625,08002b01
0x0003D63F,08007681
0x0003D67A,08000100
0x0003D6A6,08002c01
0x0003D6F1,08002b01
0x0003D727,08000700
0x0003D745,08007681
0x0003D792,08007681
0x0003D7A2,08010100
0x0003D7CC,08007681
0x0003D837,08000100
0x0003D878,08000201
0x0003D8A7,08000300
0x0003D8B3,08007681
0x0003D8D3,08001700
0x0003D8DB,08000100
0x0003D8E7,08007681
0x0003D90F,08001700
0x0003D917,08002b01
0x0003D944,08002e00
0x0003D96C,08002d00
0x0003D99E,08007681
0x0003D9E9,08007681
0x0003DA2A,08000700
0x0003DA54,08002d00
0x0003DAB1,08002e00
0x0003DAC7,08007681
0x0003DAEB,08000700
0x0003DB0B,08007681
0x0003DB3C,0800031b
0x0003DB87,08002c00
0x0003DBE8,08006a81
0x0003DC10,08007681
0x0003DC59,08000700
0x0003DC69,08002e00
0x0003DC79,08002d00
0x0003DC87,08007681
0x0003DCCE,08007681
0x0003DD15,08000700
0x0003DD23,08007681
0x0003DD82,08007681
0x0003DDC5,08002e00
0x0003DDD3,08007681
0x0003DE2A,08002d00
0x0003DE3C,08002c01
0x0003DE7B,08002b01
0x0003DE9F,08000700
0x0003DEC3,08007681
0x0003DF1E,08007681
0x0003DF4E,08002c01
0x0003DF62,08002e00
0x0003DFB1,08007681
0x0003DFF4,08002d00
0x0003E039,08007681
0x0003E090,08002b01
0x0003E0C2,08002c00
0x0003E0E6,08007681
0x0003E100,08007681
0x0003E130,08007681
0x0003E14A,08007681
0x0003E19F,08004081
0x0003E1EE,08007681
0x0003E24B,08007681
0x0003E28A,08000700
0x0003E2D7,08002c01
0x0003E328,08007681
0x0003E34E,08007681
0x0003E38B,08007681
0x0003E3E6,08007681
0x0003E404,08007681
0x0003E441,08007681
0x0003E453,08007681
0x0003E4A4,08002e00
0x0003E4D4,08000700
0x0003E517,08007681
0x0003E53F,08007681
0x0003E551,08002d00
0x0003E583,08002b01
0x0003E5D4,08002c00
0x0003E5F8,08010100
0x0003E620,08010301
0x0003E6A5,08000100
0x0003E6F0,08007681
0x0003E710,08020100
0x0003E74F,08006a81
0x0003E798,08010100
0x0003E7DA,081b0076
0x0003E81D,08040100
0x0003E860,08006a81
0x0003E892,08007681
0x0003E8C6,08000300
0x0003E8E6,08007681
0x0003E931,08007681
0x0003E964,08007681
0x0003E97C,08010100
0x0003E9D5,08007681
0x0003EA11,0800051b
0x0003EA27,08007681
0x0003EA53,08007681
0x0003EA73,08007681
0x0003EAA3,08007681
0x0003EAC9,08007681
0x0003EB1E,08007681
0x0003EB6D,08007681
0x0003EB85,08020300
0x0003EBA9,08006a81
0x0003EBB7,08007681
0x0003EC0C,08007681
0x0003EC3F,08040300
0x0003EC67,08007681
0x0003EC93,08020100
0x0003ED15,08020200
0x0003ED56,08007681
0x0003ED6B,08020100
0x0003ED77,08007681
0x0003EDBC,08007681
0x0003EDF9,08007681
0x0003EE58,08010000
0x0003EE6C,08030100
0x0003EE88,08020300
0x0003EEA2,08007681
0x0003EEE3,08007681
0x0003EF2E,08020200
0x0003EF50,08020300
0x0003EFA1,08020200
0x0003EFC3,08020300
0x0003EFD9,08007681
0x0003EFFC,08000c01
0x0003F026,08020200
0x0003F06F,08000c01
0x0003F0B2,081b1004
0x0003F106,08040200
0x0003F118,08040300
0x0003F12A,08040100
0x0003F181,08040300
0x0003F1AD,08040100
0x0003F1F8,08000c00
0x0003F241,08007681
0x0003F24F,08007681
0x0003F263,08007681
0x0003F29E,08040100
0x0003F2D0,08007681
0x0003F306,08000c00
0x0003F343,08007681
0x0003F388,08010200
0x0003F39E,08040300
0x0003F3B6,08007681
0x0003F3E8,08000c00
0x0003F400,08010100
0x0003F42E,08040300
0x0003F462,08007681
0x0003F4AF,08000c00
0x0003F4D7,08007681
0x0003F534,08007681
0x0003F585,08007681
0x0003F59B,08000300
0x0003F5AF,08007681
0x0003F5E0,08000c00
0x0003F5FD,08000d01
0x0003F69D,08007681
0x0003F6EE,08007681
0x0003F70C,08007681
0x0003F720,08007681
0x0003F732,08040301
0x0003F756,08006a81
0x0003F780,08000d01
0x0003F7A6,08000b01
0x0003F7DC,08006a81
0x0003F800,08010100
0x0003F826,08007681
0x0003F86A,08007681
0x0003F88C,08020100
0x0003F907,08007681
0x0003F937,08007681
0x0003F95D,08007681
0x0003F96F,08007681
0x0003F995,08000d01
0x0003F9E2,08000c01
0x0003FA3D,08007681
0x0003FA4B,08007681
0x0003FA6F,08020300
0x0003FA8D,08006a81
0x0003FAAC,08040300
0x0003FAD0,08007681
0x0003FB26,081e0f10
0x0003FB4C,08000201
0x0003FBA1,08010300
0x0003FBB3,08020101
0x0003FC18,08002b01
0x0003FC57,08000100
0x0003FC8E,08007681
0x0003FCC2,08007681
0x0003FD15,0803fd19
0x0003FD19,08040593
0x0003FD1E,08010100
0x0003FD53,080a0f00
0x0003FD6D,08002d01
0x0003FDA8,08000700
0x0003FDC0,08000100
0x0003FDE4,08000501
0x0003FEA8,08030200
0x0003FECE,08040300
0x0003FF04,08010301
0x0003FF28,08007681
0x0003FF50,08000601
0x0003FFAF,08007681
0x0003FFF4,08006a81
0x0004002C,08002c00
0x00040087,08000601
0x000400D2,08000501
0x0004015D,08007681
0x000401BC,08007681
0x000401E4,08000501
0x0004021F,08000601
0x00040257,08002d01
0x000402FB,08030200
0x0004032B,08040300
0x00040370,08000501
0x000403DD,08007681
0x00040403,0800041b
0x0004042D,08000700
0x00040461,08002c01
0x000404B4,08000100
0x000404F7,08007681
0x00040515,08002b01
0x0004055E,08007681
0x00040593,080408e8
0x00040594,08080408
0x000405CB,08007681
0x00040606,08000201
0x00040620,08040301
0x0004067D,08002c01
0x000406B6,08007681
0x0004070F,08020100
0x0004075A,08002b01
0x00040799,08000100
0x000407E0,08007681
0x0004082B,08020100
0x00040851,08007681
0x0004089E,08006a81
0x000408E9,08007681
0x00040913,08010100
0x00040921,08007681
0x00040960,08007681
0x00040991,08007681
0x000409C7,080a0f01
0x00040A04,08001f01
0x00040A3D,08007681
0x00040A67,08010100
0x00040AA6,08000300
0x00040ACE,08007681
0x00040AFA,08040100
0x00040B22,08000700
0x00040B5F,08007681
0x00040BA4,08007681
0x00040BFD,08007681
0x00040C1F,08002b01
0x00040C62,08010100
0x00040CBB,08000700
0x00040D01,08002b00
0x00040D35,08007681
0x00040D7E,08007681
0x00040DDB,08007681
0x00040E03,08007681
0x00040E3E,08007681
0x00040E9B,08007681
0x00040EDC,08007681
0x00040F3B,08007681
0x00040F72,08007681
0x00040FCF,08007681
0x00040FFB,08007681
0x0004103A,08007681
0x00041093,08007681
0x000410C7,08001e00
0x0004111C,08007681
0x00041150,08002c00
0x00041195,08007681
0x000411E2,08007681
0x0004122D,08007681
0x00041251,08007681
0x000412A2,08007681
0x000412F3,08007681
0x00041325,08007681
0x00041359,08007681
0x00041394,08007681
0x000413E2,080452ef
0x000413EA,08044965
0x000413F2,08043777
0x000413FA,08043097
0x00041402,08041402
0x0004140A,08001f00
0x00041441,08007681
0x00041480,08003801
0x000414B0,08007681
0x00041503,08000700
0x00041560,08007681
0x00041586,08000300
0x000415E3,08001f01
0x00041642,08007681
0x000416B3,08007681
0x000416F0,08007681
0x00041708,08007681
0x00041749,08007681
0x00041794,08007681
0x000417E3,08007681
0x0004184A,08007681
0x0004188F,08004081
0x000418E6,08000300
0x00041927,08007681
0x0004198C,08007681
0x000419CB,08007681
0x000419D9,08007681
0x00041A30,08006a81
0x00041A87,08000100
0x00041AAD,08007681
0x00041AC5,08007681
0x00041B22,08007681
0x00041B48,08007681
0x00041B87,08007681
0x00041BCE,08041bd2
0x00041BD2,08041c72
0x00041C07,08040301
0x00041C72,08041cb1
0x00041C79,08020100
0x00041CB7,08041cbb
0x00041D0D,08007681
0x00041D60,08000100
0x00041DA5,08006a81
0x00041DFA,08007681
0x00041E4B,08007681
0x00041E8A,08041e8e
0x00041E8E,08041ec5
0x00041E94,08041e96
0x00041EC5,08041f36
0x00041EF6,08000201
0x00041F3C,08041f40
0x00041F9A,08007681
0x00041FFF,08020200
0x00042017,08007681
0x00042041,08000300
0x0004204F,08000100
0x00042059,08007681
0x00042089,08007681
0x000420DC,08007681
0x00042125,08007681
0x00042182,08007681
0x000421D1,080421d5
0x000421D5,08042297
0x00042202,08040301
0x00042297,080422c3
0x0004229D,0804229f
0x000422A4,08020100
0x000422C9,080422cd
0x0004230F,08000100
0x0004234E,08007681
0x000423AB,08007681
0x0004240E,08007681
0x0004245B,08007681
0x0004248D,08007681
0x000424DA,080424de
0x000424DE,080425df
0x00042511,08007681
0x0004251F,08007681
0x000425AD,08020201
0x000425DF,08042611
0x000425E5,080425e7
0x000425EC,08020100
0x00042616,08020301
0x00042626,08001f01
0x00042664,08001f00
0x000426BF,08000300
0x00042714,08007681
0x0004276B,08007681
0x000427C4,08007681
0x000427E6,08007681
0x00042843,08007681
0x000428A7,08042975
0x000428A8,08080429
0x000428FD,08007681
0x00042975,080429cc
0x00042976,08080429
0x000429CD,08007681
0x00042A28,08007681
0x00042A4C,08007681
0x00042A99,08007681
0x00042AD1,08020100
0x00042B1E,08003101
0x00042B58,08000300
0x00042B68,08020100
0x00042B8A,08003801
0x00042BC7,08001f01
0x00042BFD,08003101
0x00042C3E,08007681
0x00042C74,08003801
0x00042CB5,08003101
0x00042CF2,08001f01
0x00042D00,08007681
0x00042D1E,08040301
0x00042D57,08007681
0x00042D85,08000100
0x00042DD0,08020100
0x00042E2B,08003101
0x00042E3D,08007681
0x00042E84,08007681
0x00042EA6,08040301
0x00042EC6,08003101
0x00042F05,08001f00
0x00042F27,08007681
0x00042F55,08020100
0x00042F75,08001f01
0x00042F9F,08007681
0x00043035,08007681
0x0004309F,08001f00
0x000430C7,08003801
0x000430FA,08007681
0x00043141,08010100
0x000431A4,08003101
0x000431B6,08000100
0x000431D4,08001f01
0x00043213,08000201
0x00043231,08020100
0x000432A9,08040300
0x000432D7,08000201
0x000432F3,08000100
0x000433A1,08001f00
0x000433EC,08007681
0x00043449,08007681
0x00043488,08000100
0x000434DB,08006a81
0x0004353E,08007681
0x00043576,08001f00
0x00043588,08000100
0x000435BA,08007681
0x0004361D,08010100
0x00043641,08007681
0x0004366F,08003101
0x0004369D,08000100
0x000436EA,08007681
0x0004372F,08010100
0x00043795,08000100
0x000437B9,08010701
0x0004384D,08001f01
0x000438A8,08020100
0x000438ED,08000100
0x0004393C,08000201
0x00043983,08020100
0x000439A5,08040300
0x000439CB,08003101
0x000439E3,08000300
0x000439F8,0800051b
0x00043A59,08007681
0x00043A96,08007681
0x00043AD3,08007681
0x00043B46,08043b4a
0x00043B4A,08043d73
0x00043B4B,0808043d
0x00043B7F,08007681
0x00043BA9,08007681
0x00043BF0,08007681
0x00043C4B,08007681
0x00043CA4,08007681
0x00043CB8,08020100
0x00043CFB,08007681
0x00043D19,08003800
0x00043D3F,08020301
0x00043D73,08044172
0x00043D74,08080441
0x00043DA2,08040301
0x00043DC6,08007681
0x00043DFC,08007681
0x00043E45,08007681
0x00043E69,08007681
0x00043E9D,08020100
0x00043EC5,08007681
0x00043F12,08003101
0x00043F5B,08007681
0x00043F92,08007681
0x00043FA8,08007681
0x00043FEF,08007681
0x0004404A,08007681
0x000440A3,08020100
0x000440E6,08007681
0x00044102,08003800
0x00044128,08020301
0x00044177,08000100
0x0004418B,08001f01
0x000441A6,0800071b
0x000441FD,08003801
0x00044221,08001f01
0x0004422F,08007681
0x0004426C,08007681
0x0004427C,08000700
0x00044288,08007681
0x000442D1,08007681
0x0004432C,08007681
0x0004434C,08007681
0x00044369,0810001c
0x000443B6,08007681
0x000443C6,08007681
0x0004441F,08007681
0x0004442D,08007681
0x00044464,08007681
0x000444B1,08007681
0x0004450E,08007681
0x00044520,08007681
0x0004457D,08007681
0x000445B4,08007681
0x000445C2,08007681
0x0004460D,08007681
0x00044619,08007681
0x00044647,08007681
0x00044690,08007681
0x000446A2,08010701
0x000446FA,08001f00
0x00044730,08003101
0x0004475C,081e0f01
0x000447B6,08007681
0x000447E8,08007681
0x00044804,08010701
0x00044836,08007681
0x00044864,0800041b
0x00044882,08000100
0x000448A0,08020100
0x000448DD,08000100
0x0004492E,08020100
0x0004494A,08003101
0x0004496D,08003800
0x00044985,08001b01
0x000449AF,08001c01
0x000449D9,08007681
0x000449F5,08003100
0x00044A0F,08001b01
0x00044A25,08007681
0x00044A35,08003800
0x00044A63,08007681
0x00044A87,08001c01
0x00044AB1,08003100
0x00044ADD,08006a81
0x00044AF1,08007681
0x00044B0F,08001b01
0x00044B37,08007681
0x00044B90,08006a81
0x00044BD1,08001c01
0x00044C05,08007681
0x00044C66,08006a81
0x00044C9A,08006a81
0x00044CFB,08006a81
0x00044D4A,08001b01
0x00044D91,08003800
0x00044DA1,08001c01
0x00044DBF,08003100
0x00044DD7,08001b01
0x00044DE5,08007681
0x00044E17,08007681
0x00044E3F,08007681
0x00044E69,08001c01
0x00044E8D,08001b01
0x00044EC6,08020100
0x00044EF4,08003101
0x00044F1A,08000100
0x00044F36,08007681
0x00044F79,08001c01
0x00044FC6,08001b01
0x00044FE6,08007681
0x0004502F,08000100
0x0004507C,08003101
0x0004509E,08007681
0x000450C6,08007681
0x000450D2,08007681
0x00045121,08007681
0x00045137,08010100
0x00045153,08007681
0x0004516F,08000100
0x000451C4,08007681
0x00045207,08007681
0x0004523B,08007681
0x00045294,08007681
0x000452AA,08010100
0x0004531E,08000700
0x00045355,08001f01
0x000453A4,08010100
0x000453ED,08003101
0x0004540D,08000100
0x0004541B,08007681
0x00045474,08007681
0x000454F8,080454fc
0x000454FC,08045a58
0x000454FD,0808045a
0x00045524,081e0f10
0x00045534,08001f01
0x00045564,08010700
0x00045596,08007681
0x000455F8,08000700
0x00045645,08007681
0x0004567E,08007681
0x000456C7,08003801
0x000456F5,08010700
0x00045736,08010300
0x00045760,08010700
0x00045784,08001f01
0x000457D1,08010300
0x0004580F,081e0f10
0x00045831,08003100
0x00045851,08007681
0x0004588A,08007681
0x000458AC,08007681
0x000458E0,08007681
0x00045925,08007681
0x00045959,08007681
0x0004597B,08007681
0x000459A3,08007681
0x000459C3,08007681
0x000459FE,08030101
0x00045A28,08000300
0x00045A58,0804617e
0x00045A5C,0800071b
0x00045A7E,08030100
0x00045AAA,08010200
0x00045AEA,08001f00
0x00045B3B,08000100
0x00045B86,08003801
0x00045BB4,08003101
0x00045BF6,0801011d
0x00045C1A,08007681
0x00045C5B,08030100
0x00045C87,08010200
0x00045CC8,08000201
0x00045D0F,08010700
0x00045D33,08001f01
0x00045D7E,08010300
0x00045DBC,081e0f10
0x00045DDE,08003100
0x00045DFE,08007681
0x00045E3B,08007681
0x00045E5D,08007681
0x00045E91,08007681
0x00045ED6,08007681
0x00045F0A,08007681
0x00045F2C,08007681
0x00045F58,08003800
0x00045F7E,08003100
0x00045FB9,08007681
0x00045FE7,08007681
0x00046032,08007681
0x00046079,08007681
0x000460CE,08007681
0x00046122,08030101
0x00046142,08000300
0x0004617F,08006a81
0x000461B3,08007681
0x00046200,08007681
0x00046241,08007681
0x00046284,08007681
0x000462B4,08000100
0x00046305,08020100
0x0004633C,08007681
0x00046382,08007681
0x000463D7,08007681
0x00046405,08000100
0x0004642F,08007681
0x00046466,08007681
0x0004648C,08010100
0x000464B8,08007681
0x00046507,08010301
0x00046590,08010100
0x000465C4,08040301
0x000465EC,08000700
0x0004661A,08010700
0x000466E9,08007681
0x00046704,081b0076
0x0004672C,08007681
0x0004673C,08010201
0x00046783,08007681
0x000467AF,08030200
0x000467C1,08040300
0x000467F7,08010301
0x00046844,08007681
0x00046864,08007681
0x0004687A,08007681
0x00046898,08000501
0x000468E3,08000100
0x00046903,08007681
0x00046929,08000600
0x00046962,08007681
0x000469A3,08010200
0x000469A5,08010801
0x000469A6,08080108
0x000469C5,08000a01
0x000469E7,08000901
0x000469F7,08010200
0x000469F9,08010801
0x000469FA,08080108
0x00046A2D,08000500
0x00046A59,08007681
0x00046A5A,08080076
0x00046AB2,08007681
0x00046AB3,08080076
0x00046B27,08007681
0x00046B28,08080076
0x00046B72,08020100
0x00046BCB,08000a01
0x00046C20,08000100
0x00046C46,08007681
0x00046C54,08007681
0x00046C6B,08080108
0x00046CA1,08000601
0x00046D9C,08007681
0x00046E23,08007681
0x00046E6E,08000300
0x00046EA9,08020300
0x00046EE1,08003d01
0x00046F30,08007681
0x00046F8F,08000100
0x00047006,08006a81
0x00047067,08006a81
0x0004709F,08020100
0x000470EC,08007681
0x0004713C,08040301
0x00047179,08010100
0x000471AB,08000201
0x000471BB,08003d01
0x000471CD,08040301
0x000471F9,08000100
0x0004722F,08010200
0x00047231,08010801
0x00047232,08080108
0x0004726E,08000500
0x00047318,08020100
0x000473B8,08000100
0x000473EC,08006a81
0x00047447,08007681
0x00047473,08007681
0x00047499,08040100
0x000474FB,08000a01
0x0004752B,08000500
0x0004756A,08000c01
0x00047610,08003401
0x00047653,08020100
0x000476B2,08000a01
0x000476FB,08006a81
0x00047713,08006a81
0x00047754,08030100
0x000477AD,08006a81
0x000477F4,08003401
0x0004781E,08007681
0x0004785F,08007681
0x0004788F,08007681
0x000478DC,08000300
0x00047906,08007681
0x0004794D,08010100
0x00047998,08007681
0x000479EF,08007681
0x00047A42,08007681
0x00047A89,08020200
0x00047AAB,08007681
0x00047B00,08003401
0x00047B3D,08010100
0x00047B5D,08010301
0x00047B91,08000201
0x00047BB9,08000a01
0x00047BEF,08000100
0x00047C1D,08000201
0x00047C60,08003401
0x00047C9F,08007681
0x00047CC9,08010100
0x00047CF3,08007681
0x00047D17,08006a81
0x00047DA2,08020300
0x00047DB4,08000101
0x00047DCA,08003301
0x00047E03,08007681
0x00047E40,08000100
0x00047E54,08003400
0x00047E80,08007681
0x00047E90,08007681
0x00047EDF,08007681
0x00047F4A,08010100
0x00047F78,08010201
0x00047FA4,08010301
0x00047FD2,08007681
0x00048035,08006a81
0x00048093,08010100
0x000480B5,08007681
0x000480C7,08000100
0x00048113,08007681
0x00048152,08020301
0x000481A7,08020100
0x000481EA,08007681
0x00048255,08000100
0x00048267,08007681
0x000482EA,08007681
0x00048312,08007681
0x00048367,08000100
0x00048385,08007681
0x000483B5,08007681
0x000483D9,08020100
0x00048411,08040301
0x00048443,08000100
0x000484E2,08016a1b
0x000484F4,08020100
0x0004853F,08007681
0x00048594,08020200
0x000485C6,08006a81
0x000485FA,08007681
0x00048621,08020100
0x00048653,08020301
0x0004867D,08020200
0x000486AA,08180401
0x000486B6,08007681
0x000486F5,08040100
0x00048729,08000300
0x0004874D,08007681
0x0004877F,08000100
0x000487CA,08007681
0x0004882B,08007681
0x00048886,08000300
0x000488A4,08007681
0x000488F9,08007681
0x0004892B,08007681
0x00048972,08010100
0x0004899E,08007681
0x000489DD,08007681
0x00048A34,08007681
0x00048A4A,08000201
0x00048ACB,08007681
0x00048AFD,08040301
0x00048B15,08002c01
0x00048B70,08007681
0x00048BB9,08007681
0x00048BE5,08007681
0x00048C38,08007681
0x00048C9B,08007681
0x00048D00,08000300
0x00048D24,08007681
0x00048D7D,08007681
0x00048DEB,08040101
0x00048E21,08040300
0x00048E4D,08000300
0x00048E8C,08007681
0x00048EF3,08010101
0x00048F4C,08002c01
0x00048F9D,08007681
0x00048FE0,08000100
0x00048FF8,08007681
0x00049045,08007681
0x00049084,08007681
0x00049092,08007681
0x000490B2,08007681
0x000490FB,08006a81
0x00049146,08006a81
0x0004917F,08006a81
0x000491BA,08040100
0x000491E8,08007681
0x00049243,08007681
0x00049280,08020100
0x000492B4,08010300
0x000492DA,08007681
0x0004933B,08007681
0x00049394,08000300
0x000493A6,08007681
0x00049409,08007681
0x00049474,08000300
0x000494B5,08007681
0x00049510,08007681
0x00049532,08007681
0x00049591,08006a81
0x000495B7,08000100
0x000495DB,08006a81
0x00049640,08007681
0x00049676,08007681
0x000496C1,08007681
0x0004970A,08007681
0x00049730,08007681
0x00049783,08007681
0x00049791,08007681
0x000497D2,08020100
0x000497E8,08007681
0x00049810,08007681
0x00049848,08000100
0x000498AD,08010100
0x000498D1,08007681
0x000498E3,08000100
0x00049930,08007681
0x0004998F,08007681
0x000499A3,08007681
0x000499BF,08007681
0x000499CD,08007681
0x00049A4E,08007681
0x00049A9D,08000201
0x00049AF6,08007681
0x00049B24,08020100
0x00049B6B,08002c01
0x00049BB4,08006a81
0x00049C07,08006a81
0x00049C5C,08000100
0x00049C6E,08010100
0x00049CA4,08010300
0x00049CD2,08040300
0x00049D39,08010100
0x00049E7E,0804b957
0x00049E86,0804b957
0x00049E8E,0804b5b5
0x00049E96,0804afa7
0x00049E9E,0804a96a
0x00049F14,08002c01
0x00049F6B,08007681
0x00049FC4,08007681
0x00049FF8,08007681
0x0004A05F,08000100
0x0004A0A6,08007681
0x0004A0B6,08007681
0x0004A0E4,08007681
0x0004A12F,08010100
0x0004A186,08007681
0x0004A1A6,08003501
0x0004A1D4,08007681
0x0004A1F0,08000100
0x0004A249,08007681
0x0004A2A8,08007681
0x0004A2DF,08007681
0x0004A30D,08003501
0x0004A33B,08010100
0x0004A384,08002c01
0x0004A3A8,08000100
0x0004A3DC,08007681
0x0004A433,08007681
0x0004A447,08010100
0x0004A4A2,08003501
0x0004A4B6,08002c01
0x0004A50F,08000100
0x0004A55A,08007681
0x0004A5BB,08007681
0x0004A612,08007681
0x0004A634,08003501
0x0004A65C,08010100
0x0004A6A1,08002c01
0x0004A6E6,08006a81
0x0004A749,08000100
0x0004A779,08007681
0x0004A7CF,08003501
0x0004A7F1,08007681
0x0004A805,08010100
0x0004A837,08007681
0x0004A88C,08000100
0x0004A8E1,08006a81
0x0004A930,08010100
0x0004A972,08010100
0x0004A9A8,08003501
0x0004A9C8,08002c01
0x0004A9FE,08000100
0x0004AA1E,08010100
0x0004AA6B,08003501
0x0004AA8D,08010100
0x0004AAD6,08002c01
0x0004AB27,08000100
0x0004AB55,08007681
0x0004AB94,08007681
0x0004ABA4,08006a81
0x0004ABD8,08007681
0x0004AC00,08006a81
0x0004AC30,08007681
0x0004AC79,08007681
0x0004ACC4,08007681
0x0004ACFF,08007681
0x0004AD50,08007681
0x0004ADA9,08007681
0x0004ADF8,08007681
0x0004AE2A,08007681
0x0004AE6D,08010100
0x0004AEBE,08007681
0x0004AED8,08006a81
0x0004AF25,08007681
0x0004AF6C,08040100
0x0004AFB0,08002c00
0x0004AFD2,08010100
0x0004B006,08007681
0x0004B057,08000100
0x0004B0AC,08007681
0x0004B107,08007681
0x0004B14C,08007681
0x0004B1A7,08007681
0x0004B1D3,08007681
0x0004B216,08007681
0x0004B234,08007681
0x0004B289,08007681
0x0004B2C1,08020100
0x0004B304,08007681
0x0004B32A,08007681
0x0004B389,08007681
0x0004B3BD,08007681
0x0004B3D9,08000100
0x0004B42E,08003501
0x0004B458,08007681
0x0004B4A7,08010100
0x0004B4DB,08000300
0x0004B50F,08007681
0x0004B552,08007681
0x0004B5BD,08010100
0x0004B5F1,08003501
0x0004B605,08002c01
0x0004B63B,08010100
0x0004B65B,08003501
0x0004B67F,08010100
0x0004B6A1,08000100
0x0004B6C7,08010100
0x0004B70A,08002c01
0x0004B73E,08000100
0x0004B78D,08007681
0x0004B7E4,08007681
0x0004B836,0805011d
0x0004B860,08007681
0x0004B8AF,08010100
0x0004B8D3,08007681
0x0004B8FF,08000100
0x0004B935,08001700
0x0004B93D,08003501
0x0004B95F,08000100
0x0004B9A4,08003501
0x0004B9B8,08002c01
0x0004BA05,08010100
0x0004BA3D,08003501
0x0004BA5D,08007681
0x0004BA7F,08000100
0x0004BAA5,08010100
0x0004BAF0,08002c01
0x0004BB35,08000100
0x0004BB84,08007681
0x0004BBC9,08020100
0x0004BBF7,08007681
0x0004BC3A,08000100
0x0004BC7F,08007681
0x0004BCAF,08010100
0x0004BCBF,08007681
0x0004BD0F,0811011d
0x0004BD3B,08007681
0x0004BD98,08040100
0x0004BDCE,08000300
0x0004BE13,08011700
0x0004BE19,08003501
0x0004BE39,08010100
0x0004BE6B,08003501
0x0004BE9B,08007681
0x0004BEB1,08000100
0x0004BF08,08007681
0x0004BF69,08010100
0x0004BF9F,08002c01
0x0004BFCB,08007681
0x0004C014,08003501
0x0004C063,08007681
0x0004C09B,08000100
0x0004C0C1,08010100
0x0004C100,08007681
0x0004C141,08007681
0x0004C19C,08007681
0x0004C1E5,08002c01
0x0004C22E,08000100
0x0004C27B,08007681
0x0004C2CC,08007681
0x0004C2F8,08007681
0x0004C31C,08007681
0x0004C35B,08006a81
0x0004C3C6,08000100
0x0004C3EC,08007681
0x0004C433,08007681
0x0004C467,08007681
0x0004C495,08010100
0x0004C4D8,08007681
0x0004C504,08007681
0x0004C555,08000300
0x0004C583,08007681
0x0004C5CC,08007681
0x0004C5F0,08011700
0x0004C5F6,08003501
0x0004C65E,0804c680
0x0004C666,0804c680
0x0004C66E,0804c680
0x0004C676,0804c680
0x0004C67E,0804c680
0x0004C688,0804c6aa
0x0004C690,0804c6aa
0x0004C698,0804c6aa
0x0004C6A0,0804c6aa
0x0004C6A8,0804c6aa
0x0004C6B2,0804c6d4
0x0004C6BA,0804c6d4
0x0004C6C2,0804c6d4
0x0004C6CA,0804c6d4
0x0004C6D2,0804c6d4
0x0004C6DC,0804c6fe
0x0004C6E4,0804c6fe
0x0004C6EC,0804c6fe
0x0004C6F4,0804c6fe
0x0004C6FC,0804c6fe
0x0004C707,0804c713
0x0004C70E,0804c713
0x0004C71C,0804c728
0x0004C723,0804c728
0x0004C731,0804c73d
0x0004C738,0804c73d
0x0004C746,0804c752
0x0004C74D,0804c752
0x0004C752,08330301
0x0004C75B,0804c767
0x0004C762,0804c767
0x0004C770,0804c77c
0x0004C777,0804c77c
0x0004C785,0804c791
0x0004C78C,0804c791
0x0004C79A,0804c7a6
0x0004C7A1,0804c7a6
0x0004C7AF,0804c7bb
0x0004C7B2,08003808
0x0004C7B6,0804c7bb
0x0004C7B9,08013708
0x0004C7C4,0804c7d0
0x0004C7CB,0804c7d0
0x0004C7D9,0804c7e5
0x0004C7E0,0804c7e5
0x0004C800,0804c84b
0x0004C805,0804c92b
0x0004C80A,0804c9f5
0x0004C80F,0804ca8d
0x0004C814,0804caf7
0x0004C819,0804cb5c
0x0004C81E,0804cc75
0x0004C823,0804cd14
0x0004C828,0804cd95
0x0004C82D,0804ce0e
0x0004C832,0804cf0c
0x0004C837,0804cfc5
0x0004C83C,0804d03b
0x0004C841,0804d0f9
0x0004C846,0804d17e
0x0004C84B,0804d218
0x0004C851,08020202
0x0004C882,08007681
0x0004C8BB,08000100
0x0004C8E5,08020300
0x0004C91D,08001f01
0x0004C931,08001a00
0x0004C982,08007681
0x0004C9CD,08020100
0x0004C9FB,08020102
0x0004CA15,08007681
0x0004CA37,08020301
0x0004CA69,08007681
0x0004CA93,08001a00
0x0004CAA9,08007681
0x0004CAC7,08020100
0x0004CAFD,08000100
0x0004CB23,08020101
0x0004CB66,08020300
0x0004CB7A,08020101
0x0004CBA6,08000101
0x0004CBD4,08040300
0x0004CC13,08007681
0x0004CC43,08007681
0x0004CC93,08020201
0x0004CCB9,08007681
0x0004CCD1,08007681
0x0004CD1A,08001f00
0x0004CD3A,08007681
0x0004CD62,08020100
0x0004CD9B,08001f00
0x0004CDDC,08007681
0x0004CDEA,08007681
0x0004CE14,08001f00
0x0004CE5B,08007681
0x0004CE8B,08007681
0x0004CEA7,08007681
0x0004CEF0,08007681
0x0004CF12,08001900
0x0004CF20,08007681
0x0004CF50,08006a81
0x0004CF64,08020100
0x0004CF9D,08007681
0x0004CFAF,08000100
0x0004CFCB,08001900
0x0004CFEB,08007681
0x0004D01D,08007681
0x0004D041,08001900
0x0004D04F,08007681
0x0004D079,08006a81
0x0004D09F,08020300
0x0004D0CB,08000300
0x0004D0FF,08001a00
0x0004D11D,08020100
0x0004D15A,08007681
0x0004D168,08007681
0x0004D184,08001a00
0x0004D1B1,08020200
0x0004D1FA,08007681
0x0004D21E,08001a00
0x0004D22C,08007681
0x0004D254,08006a81
0x0004D262,08007681
0x0004D2A9,08006a81
0x0004D306,08006a81
0x0004D361,08006a81
0x0004D390,0804d392
0x0004D39A,0804d3bc
0x0004D3A2,0804d3bc
0x0004D3AA,0804d3bc
0x0004D3B2,0804d3bc
0x0004D3BA,0804d3bc
0x0004D3C4,0804d3e6
0x0004D3CC,0804d3e6
0x0004D3D4,0804d3e6
0x0004D3DC,0804d3e6
0x0004D3E4,0804d3e6
0x0004D3EF,0804d3fb
0x0004D3F6,0804d3fb
0x0004D404,0804d410
0x0004D40B,0804d410
0x0004D419,0804d425
0x0004D420,0804d425
0x0004D42E,0804d43a
0x0004D435,0804d43a
0x0004D443,0804d44f
0x0004D44A,0804d44f
0x0004D44F,08330401
0x0004D46A,0804d492
0x0004D46F,0804d549
0x0004D474,0804d61a
0x0004D479,0804d707
0x0004D47E,0804d77a
0x0004D483,0804d806
0x0004D488,0804d87a
0x0004D48D,0804d8db
0x0004D492,0804d967
0x0004D512,08020100
0x0004D58E,08007681
0x0004D5B8,08007681
0x0004D620,08000300
0x0004D64A,08007681
0x0004D678,08000201
0x0004D69C,08020100
0x0004D6BC,08000300
0x0004D739,08020100
0x0004D780,08000300
0x0004D7CB,08040301
0x0004D80C,08000300
0x0004D828,08020200
0x0004D84E,08007681
0x0004D880,08002002
0x0004D98E,08040300
0x0004D9B2,08000300
0x0004DA07,08020300
0x0004DA6F,0804da79
0x0004DA77,0804da79
0x0004DA81,0804daab
0x0004DA89,0804daab
0x0004DA91,0804daab
0x0004DA99,0804daab
0x0004DAA1,0804daab
0x0004DAA9,0804daab
0x0004DAB3,0804dac5
0x0004DABB,0804dac5
0x0004DAC3,0804dac5
0x0004DACD,0804dadf
0x0004DAD5,0804dadf
0x0004DADD,0804dadf
0x0004DAE7,0804daf9
0x0004DAEF,0804daf9
0x0004DAF7,0804daf9
0x0004DB01,0804db13
0x0004DB09,0804db13
0x0004DB11,0804db13
0x0004DB1B,0804db30
0x0004DB24,0804db30
0x0004DB2B,0804db30
0x0004DB38,0804db4d
0x0004DB41,0804db4d
0x0004DB48,0804db4d
0x0004DB4D,08330101
0x0004DB55,0804db6a
0x0004DB5E,0804db6a
0x0004DB65,0804db6a
0x0004DB72,0804db87
0x0004DB7B,0804db87
0x0004DB82,0804db87
0x0004DB8F,0804dba4
0x0004DB98,0804dba4
0x0004DB9F,0804dba4
0x0004DBC7,0804dbfe
0x0004DBCC,0804dcec
0x0004DBD1,0804de6d
0x0004DBD6,0804dea9
0x0004DBDB,0804df48
0x0004DBE0,0804df75
0x0004DBE5,0804e010
0x0004DBEA,0804e092
0x0004DBEF,0804e180
0x0004DBF4,0804e233
0x0004DBF9,0804e28b
0x0004DBFE,0804e2fa
0x0004DC08,08001401
0x0004DC36,08007681
0x0004DC91,08007681
0x0004DCAB,08007681
0x0004DCF2,08020702
0x0004DD20,08007681
0x0004DD73,08000100
0x0004DD8F,08001f01
0x0004DDF0,08007681
0x0004DE3B,08020200
0x0004DE72,08020701
0x0004DEAE,08001401
0x0004DEED,08007681
0x0004DF4D,08020701
0x0004DF7A,08001401
0x0004DFCB,08007681
0x0004E016,08020202
0x0004E059,08007681
0x0004E098,08000302
0x0004E0CE,08000100
0x0004E0E0,08007681
0x0004E121,08007681
0x0004E186,08020302
0x0004E1CD,08007681
0x0004E201,08007681
0x0004E239,08001402
0x0004E263,08007681
0x0004E291,08001402
0x0004E2D2,08007681
0x0004E300,08001400
0x0004E33F,08006a81
0x0004E38A,08020300
0x0004E3DE,0804e3e8
0x0004E3E6,0804e3e8
0x0004E3EE,0804e418
0x0004E3F6,0804e418
0x0004E3FE,0804e418
0x0004E406,0804e418
0x0004E40E,0804e418
0x0004E416,0804e418
0x0004E41E,0804e448
0x0004E426,0804e448
0x0004E42E,0804e448
0x0004E436,0804e448
0x0004E43E,0804e448
0x0004E446,0804e448
0x0004E451,0804e45d
0x0004E458,0804e45d
0x0004E466,0804e472
0x0004E46D,0804e472
0x0004E47B,0804e487
0x0004E482,0804e487
0x0004E48D,0804e4a2
0x0004E496,0804e4a2
0x0004E49D,0804e4a2
0x0004E4AB,0804e4b7
0x0004E4B2,0804e4b7
0x0004E4B7,08330401
0x0004E4C0,0804e4cc
0x0004E4C7,0804e4cc
0x0004E4D2,0804e4dc
0x0004E4DA,0804e4dc
0x0004E4E2,0804e4f4
0x0004E4EA,0804e4f4
0x0004E4F2,0804e4f4
0x0004E4FA,0804e50c
0x0004E502,0804e50c
0x0004E50A,0804e50c
0x0004E52D,0804e569
0x0004E532,0804e620
0x0004E537,0804e6f1
0x0004E53C,0804e7de
0x0004E541,0804e851
0x0004E546,0804e8dd
0x0004E54B,0804e951
0x0004E550,0804e9b2
0x0004E555,0804ea3e
0x0004E55A,0804eb3f
0x0004E55F,0804ebc3
0x0004E564,0804ec3a
0x0004E569,0804ecc5
0x0004E5E9,08020100
0x0004E665,08007681
0x0004E68F,08007681
0x0004E6F7,08000300
0x0004E721,08007681
0x0004E74F,08000201
0x0004E773,08020100
0x0004E793,08000300
0x0004E810,08020100
0x0004E857,08000300
0x0004E8A2,08040301
0x0004E8E3,08000300
0x0004E8FF,08020200
0x0004E925,08007681
0x0004E957,08002002
0x0004EA65,08040300
0x0004EA89,08000300
0x0004EAE0,08020300
0x0004EBC9,08002002
0x0004EC8A,08020100
0x0004ED3D,0804ed3f
0x0004ED47,0804ed59
0x0004ED4F,0804ed59
0x0004ED57,0804ed59
0x0004ED61,0804ed73
0x0004ED69,0804ed73
0x0004ED71,0804ed73
0x0004ED7B,0804ed8d
0x0004ED83,0804ed8d
0x0004ED8B,0804ed8d
0x0004ED96,0804eda2
0x0004ED9D,0804eda2
0x0004EDBD,0804edd6
0x0004EDC2,0804ee5d
0x0004EDC7,0804eeeb
0x0004EDCC,0804ef14
0x0004EDD1,0804ef3b
0x0004EDD6,0804efae
0x0004EDDC,08001b00
0x0004EE31,08020100
0x0004EE63,08001c00
0x0004EEB0,08007681
0x0004EEF0,08001b01
0x0004EF19,08001c01
0x0004EF41,08001b00
0x0004EF82,08007681
0x0004EFB4,08001c00
0x0004EFE8,08007681
0x0004F032,0804f03c
0x0004F03A,0804f03c
0x0004F042,0804f064
0x0004F04A,0804f064
0x0004F052,0804f064
0x0004F05A,0804f064
0x0004F062,0804f064
0x0004F06A,0804f08c
0x0004F072,0804f08c
0x0004F07A,0804f08c
0x0004F082,0804f08c
0x0004F08A,0804f08c
0x0004F095,0804f0a1
0x0004F09C,0804f0a1
0x0004F0AA,0804f0b6
0x0004F0B1,0804f0b6
0x0004F0B6,08330101
0x0004F0BF,0804f0cb
0x0004F0C6,0804f0cb
0x0004F0D1,0804f0db
0x0004F0D9,0804f0db
0x0004F0E1,0804f10b
0x0004F0E9,0804f10b
0x0004F0F1,0804f10b
0x0004F0F9,0804f10b
0x0004F101,0804f10b
0x0004F109,0804f10b
0x0004F111,0804f13b
0x0004F119,0804f13b
0x0004F121,0804f13b
0x0004F129,0804f13b
0x0004F131,0804f13b
0x0004F139,0804f13b
0x0004F144,0804f150
0x0004F14B,0804f150
0x0004F159,0804f165
0x0004F160,0804f165
0x0004F180,0804f1b7
0x0004F185,0804f23b
0x0004F18A,0804f2b9
0x0004F18F,0804f4f5
0x0004F194,0804f5ac
0x0004F199,0804f67d
0x0004F19E,0804f315
0x0004F1A3,0804f385
0x0004F1A8,0804f3f8
0x0004F1AD,0804f76a
0x0004F1B2,0804f7dd
0x0004F1B7,0804f86d
0x0004F213,08007681
0x0004F241,08000300
0x0004F259,08007681
0x0004F287,08007681
0x0004F29F,08007681
0x0004F2E9,08007681
0x0004F31B,08000300
0x0004F337,08020200
0x0004F359,08007681
0x0004F3CA,08007681
0x0004F41F,08040300
0x0004F441,08007681
0x0004F496,08020300
0x0004F575,08020100
0x0004F5F1,08007681
0x0004F61B,08007681
0x0004F683,08000300
0x0004F6AD,08007681
0x0004F6DB,08000201
0x0004F6FF,08010100
0x0004F71F,08000300
0x0004F79C,08020100
0x0004F7E3,08000300
0x0004F82E,08040301
0x0004F873,08002002
0x0004F8DF,0804f8e7
0x0004F8E5,0804f8e7
0x0004F8EF,0804f907
0x0004F8F5,0804f907
0x0004F8FD,0804f907
0x0004F905,0804f907
0x0004F90F,0804f927
0x0004F915,0804f927
0x0004F91D,0804f927
0x0004F925,0804f927
0x0004F92F,0804f947
0x0004F935,0804f947
0x0004F93D,0804f947
0x0004F945,0804f947
0x0004F94F,0804f967
0x0004F955,0804f967
0x0004F958,08033408
0x0004F95D,0804f967
0x0004F965,0804f967
0x0004F970,0804f97c
0x0004F977,0804f97c
0x0004F982,0804f99c
0x0004F98B,0804f99c
0x0004F992,0804f99c
0x0004F99C,0804f9e1
0x0004F9A2,0804f9bc
0x0004F9AB,0804f9bc
0x0004F9B2,0804f9bc
0x0004F9BC,0804f9e8
0x0004F9C2,0804f9dc
0x0004F9CB,0804f9dc
0x0004F9D2,0804f9dc
0x0004F9DC,0804f9ef
0x0004F9E1,0804f9f1
0x0004F9E8,0804f9f1
0x0004F9EA,08330804
0x0004F9EF,0804f9f1
0x0004F9FA,0804fa0b
0x0004FA01,0804fa0b
0x0004FA0B,0804fa44
0x0004FA14,0804fa25
0x0004FA1B,0804fa25
0x0004FA25,0804fa4b
0x0004FA2E,0804fa3f
0x0004FA35,0804fa3f
0x0004FA3F,0804fa52
0x0004FA44,0804fa59
0x0004FA4B,0804fa59
0x0004FA52,0804fa59
0x0004FA59,0804fa59
0x0004FA61,0804fa71
0x0004FA67,0804fa71
0x0004FA6F,0804fa71
0x0004FA79,0804fa91
0x0004FA7F,0804fa91
0x0004FA87,0804fa91
0x0004FA8F,0804fa91
0x0004FA99,0804fab1
0x0004FA9F,0804fab1
0x0004FAA7,0804fab1
0x0004FAAF,0804fab1
0x0004FAD2,0804fb1d
0x0004FAD7,0804fc06
0x0004FADC,0804fca8
0x0004FAE1,0804fd41
0x0004FAE6,0804fe0c
0x0004FAEB,0804fee2
0x0004FAF0,0804ff68
0x0004FAF5,0804ffd1
0x0004FAFA,0805001f
0x0004FAFF,08050081
0x0004FB04,080500f4
0x0004FB09,0805016d
0x0004FB0E,080501e4
0x0004FB13,08050244
0x0004FB18,08050274
0x0004FB1D,080502d1
0x0004FB23,08011502
0x0004FB7E,08007681
0x0004FBC7,08007681
0x0004FC0C,08011502
0x0004FC57,08007681
0x0004FCAE,08011502
0x0004FCCC,08007681
0x0004FD11,08007681
0x0004FD47,08011502
0x0004FD88,08007681
0x0004FDC9,08007681
0x0004FE12,08011502
0x0004FE53,08007681
0x0004FEB0,08020100
0x0004FEE8,08020202
0x0004FF2D,08007681
0x0004FF6E,08011502
0x0004FF96,08007681
0x0004FFD7,08011502
0x0004FFF3,08007681
0x00050025,08011502
0x00050051,08007681
0x00050087,08011502
0x000500D4,08007681
0x000500FA,08011502
0x0005013B,08007681
0x00050173,08011502
0x0005019D,08007681
0x000501EA,08011502
0x00050210,08007681
0x0005024A,08011502
0x0005027A,08011502
0x000502D7,08011502
0x000502FD,08007681
0x00050340,08050342
0x0005034A,08050354
0x00050352,08050354
0x0005035C,08050366
0x00050364,08050366
0x0005036E,08050378
0x00050376,08050378
0x0005037B,08033404
0x00050380,0805038a
0x00050388,0805038a
0x00050392,0805039c
0x00050395,08053408
0x0005039A,0805039c
0x000503A5,080503b6
0x000503AC,080503b6
0x000503B6,080503d5
0x000503BF,080503d0
0x000503C6,080503d0
0x000503D0,080503dc
0x000503DE,08330805
0x000503E4,08050407
0x000503E9,0805049d
0x000503EE,08050586
0x000503F3,08050654
0x000503F8,080506e6
0x000503FD,08050798
0x00050402,08050813
0x00050407,08050888
0x0005040D,08001402
0x0005044C,08007681
0x00050460,08007681
0x000504A3,08001402
0x000504E2,08007681
0x000504F2,08007681
0x0005053B,08007681
0x0005058C,08001402
0x000505E9,08007681
0x000505F7,08007681
0x0005065A,08001402
0x00050697,08007681
0x000506EC,08001402
0x00050747,08007681
0x0005079E,08001402
0x000507D0,08007681
0x00050819,08001402
0x0005084B,08007681
0x0005088E,08001402
0x000508DD,08007681
0x00050933,08050945
0x0005093B,08050945
0x00050943,08050945
0x0005094D,08050967
0x00050955,08050967
0x0005095D,08050967
0x00050965,08050967
0x00050970,0805097c
0x00050977,0805097c
0x00050985,08050991
0x0005098C,08050991
0x0005099A,080509a6
0x000509A1,080509a6
0x000509AF,080509bb
0x000509B6,080509bb
0x000509C4,080509d0
0x000509CB,080509d0
0x000509EB,08050a0e
0x000509F0,08050a6f
0x000509F5,08050acc
0x000509FA,08050b28
0x000509FF,08050bee
0x00050A04,08050ca8
0x00050A09,08050ce1
0x00050A0E,08050d1c
0x00050A14,08000302
0x00050A36,08007681
0x00050A75,08020202
0x00050A99,08007681
0x00050AD2,08000202
0x00050AFC,08007681
0x00050B5E,08040301
0x00050BAB,08000100
0x00050BF4,08000300
0x00050C31,08007681
0x00050C7A,08007681
0x00050CAD,08020100
0x00050CCD,08007681
0x00050CE6,08020200
0x00050D08,08007681
0x00050D21,08010300
0x00050D45,08007681
0x00050D5F,08040300
0x00050D8D,08007681
0x00050DB8,08050dba
0x00050DC2,08050dcc
0x00050DCA,08050dcc
0x00050DD4,08050dde
0x00050DDC,08050dde
0x00050DE2,08010036
0x00050DE6,08050df8
0x00050DE9,08033408
0x00050DEE,08050df8
0x00050DF6,08050df8
0x00050DFC,08010036
0x00050E00,08050e12
0x00050E08,08050e12
0x00050E0B,08053408
0x00050E10,08050e12
0x00050E1B,08050e27
0x00050E22,08050e27
0x00050E2C,08010200
0x00050E42,08050e60
0x00050E47,08050fc5
0x00050E4C,0805102a
0x00050E51,080510bf
0x00050E56,08051158
0x00050E5B,08051200
0x00050E60,080512e3
0x00050E64,08020112
0x00050E66,08000802
0x00050E86,08007681
0x00050E87,08080076
0x00050EDB,08020100
0x00050F07,08010200
0x00050F09,08000801
0x00050F0A,08080008
0x00050F48,08007681
0x00050FA3,08007681
0x00051002,08020100
0x00051067,08020100
0x000510C3,08020112
0x000510C5,08000802
0x000510C6,08080008
0x000510FA,08007681
0x0005112C,08007681
0x0005112D,08080076
0x0005115C,08000112
0x0005115E,08000800
0x0005115F,08080008
0x00051180,08007681
0x000511AC,08007681
0x000511AD,08080076
0x000511D4,08020100
0x0005120A,08000100
0x0005125B,08020100
0x000512A4,08000100
0x000512E7,08000112
0x000512E9,08000800
0x000512EA,08080008
0x0005131B,08020100
0x00051337,08007681
0x00051338,08080076
0x00051365,08007681
0x000513B7,080513b9
0x000513C1,080513d3
0x000513C9,080513d3
0x000513D1,080513d3
0x000513DB,080513ed
0x000513E3,080513ed
0x000513EB,080513ed
0x000513F5,08051407
0x000513F8,08033408
0x000513FD,08051407
0x00051405,08051407
0x0005140F,08051429
0x00051417,08051429
0x0005141F,08051429
0x00051422,08053408
0x00051427,08051429
0x00051432,0805143e
0x00051439,0805143e
0x00051447,08051453
0x0005144E,08051453
0x0005145C,08051468
0x00051463,08051468
0x00051468,08330201
0x00051471,0805147d
0x00051478,0805147d
0x00051486,08051492
0x0005148D,08051492
0x000514AD,080514df
0x000514B2,08051555
0x000514B7,080515c8
0x000514BC,0805161f
0x000514C1,0805169d
0x000514C6,080516fd
0x000514CB,08051751
0x000514D0,080517bf
0x000514D5,08051803
0x000514DA,08051852
0x000514DF,080518ae
0x000514E5,08002200
0x0005155B,08002200
0x000515CE,08002200
0x00051625,08002200
0x000516D7,08007681
0x0005173B,08020100
0x00051757,08000300
0x0005178B,08020100
0x000517C5,08000300
0x000517F5,08007681
0x00051809,08002202
0x00051858,08002200
0x000518B4,08002202
0x00051916,08051918
0x00051920,0805193a
0x00051928,0805193a
0x00051930,0805193a
0x00051938,0805193a
0x00051942,0805195c
0x0005194A,0805195c
0x00051952,0805195c
0x0005195A,0805195c
0x00051964,0805197e
0x0005196C,0805197e
0x0005196F,08033408
0x00051974,0805197e
0x0005197C,0805197e
0x00051986,08051998
0x0005198E,08051998
0x00051991,08053408
0x00051996,08051998
0x000519A1,080519ad
0x000519A8,080519ad
0x000519B6,080519c2
0x000519BD,080519c2
0x000519CB,080519d7
0x000519D2,080519d7
0x000519D7,08330201
0x000519E0,080519ec
0x000519E7,080519ec
0x000519F5,08051a01
0x000519FC,08051a01
0x00051A1C,08051a4e
0x00051A21,08051be1
0x00051A26,08051c93
0x00051A2B,08051d8a
0x00051A30,08051df9
0x00051A35,08051e3c
0x00051A3A,08051eb1
0x00051A3F,08051f70
0x00051A44,0805206d
0x00051A49,080520ac
0x00051A4E,080520e9
0x00051A4F,08080520
0x00051A68,08000300
0x00051A9A,08020301
0x00051ADD,08020200
0x00051B1E,08020100
0x00051B46,08007681
0x00051B7C,08000100
0x00051BE7,08000300
0x00051C22,08007681
0x00051C48,08007681
0x00051C94,08000076
0x00051CAD,08000300
0x00051CD9,08007681
0x00051CF3,08007681
0x00051D1D,08007681
0x00051D37,08040301
0x00051D8B,08000076
0x00051DA4,08000202
0x00051DBC,08030201
0x00051DFA,08000076
0x00051E12,08020200
0x00051E76,08007681
0x00051EB7,08000300
0x00051EC5,08007681
0x00051EF5,08010100
0x00051F3C,08040301
0x00051F76,08000300
0x00051FB5,08007681
0x00052008,08007681
0x00052047,08040301
0x0005206E,0800006a
0x00052088,08020100
0x000520AD,08000076
0x000520EE,08000300
0x000520FC,08007681
0x00052116,08020300
0x0005214F,08052161
0x00052157,08052161
0x0005215F,08052161
0x00052169,0805217b
0x00052171,0805217b
0x00052179,0805217b
0x00052183,080521a5
0x0005218B,080521a5
0x00052193,080521a5
0x0005219B,080521a5
0x000521A3,080521a5
0x000521AD,080521bf
0x000521B5,080521bf
0x000521BD,080521bf
0x000521C8,080521d4
0x000521CF,080521d4
0x000521DD,080521e9
0x000521E4,080521e9
0x000521F2,080521fe
0x000521F9,080521fe
0x00052207,08052213
0x0005220E,08052213
0x00052213,08330301
0x0005221C,08052228
0x00052223,08052228
0x00052243,08052270
0x00052248,08052325
0x0005224D,08052374
0x00052252,08052401
0x00052257,0805251e
0x0005225C,080525e4
0x00052261,080526cc
0x00052266,08052766
0x0005226B,080527d3
0x00052270,0805286b
0x00052276,08000300
0x000522AC,08010100
0x000522F3,08040301
0x00052346,08007681
0x000523A8,08020100
0x000523C6,08020301
0x0005245B,08007681
0x000524CD,08007681
0x0005255D,08007681
0x00052589,08020201
0x000525EA,08000300
0x0005262F,08007681
0x00052678,08010100
0x000526A2,08040301
0x000526D2,08000302
0x0005270A,08020301
0x00052722,08007681
0x000527A5,08020100
0x0005284D,08007681
0x000528FC,08020300
0x00052920,08040300
0x00052961,08052963
0x0005296B,0805297d
0x00052973,0805297d
0x0005297B,0805297d
0x00052985,0805299f
0x0005298D,0805299f
0x00052995,0805299f
0x0005299D,0805299f
0x000529A7,080529b9
0x000529AF,080529b9
0x000529B7,080529b9
0x000529C1,080529db
0x000529C9,080529db
0x000529D1,080529db
0x000529D9,080529db
0x000529E4,080529f0
0x000529EB,080529f0
0x000529F9,08052a05
0x00052A00,08052a05
0x00052A0E,08052a1a
0x00052A15,08052a1a
0x00052A1A,08330201
0x00052A23,08052a2f
0x00052A2A,08052a2f
0x00052A38,08052a44
0x00052A3F,08052a44
0x00052A5F,08052a91
0x00052A64,08052b3d
0x00052A69,08052bd2
0x00052A6E,08052c98
0x00052A73,08052cfd
0x00052A78,08052dc3
0x00052A7D,08052e25
0x00052A82,08052e90
0x00052A87,08052f4f
0x00052A8C,08052f9b
0x00052A91,08052fd5
0x00052A97,08040300
0x00052AD4,08007681
0x00052AFC,08000201
0x00052B43,08001e00
0x00052B63,08007681
0x00052BA2,08007681
0x00052BD8,08000300
0x00052C31,08040301
0x00052C6A,08006a81
0x00052C9E,08001e02
0x00052CD3,08007681
0x00052D03,08000302
0x00052D35,08020301
0x00052DF7,08020100
0x00052E2B,08000300
0x00052E5D,08007681
0x00052E96,08000302
0x00052EC6,08007681
0x00052EE0,08007681
0x00052EF2,08020301
0x00052F54,08020100
0x00052FDA,08020300
0x0005301B,08053025
0x00053023,08053025
0x0005302D,0805303f
0x00053035,0805303f
0x0005303D,0805303f
0x00053047,08053059
0x0005304F,08053059
0x00053057,08053059
0x00053061,08053073
0x00053069,08053073
0x00053071,08053073
0x0005307B,0805308d
0x00053083,0805308d
0x0005308B,0805308d
0x00053095,080530a7
0x0005309D,080530a7
0x000530A5,080530a7
0x000530B0,080530bc
0x000530B7,080530bc
0x000530C5,080530d1
0x000530CC,080530d1
0x000530D1,08330101
0x000530DA,080530e6
0x000530E1,080530e6
0x000530EF,080530fb
0x000530F6,080530fb
0x00053104,08053110
0x0005310B,08053110
0x0005312B,08053162
0x00053130,080531dc
0x00053135,0805325b
0x0005313A,080532c1
0x0005313F,0805330f
0x00053144,08053359
0x00053149,0805339b
0x0005314E,080533f1
0x00053153,08053462
0x00053158,080534b0
0x0005315D,080534f6
0x00053162,08053553
0x00053168,08002300
0x000531B8,08001e00
0x000531E2,08002300
0x0005321B,08007681
0x00053239,08001e00
0x00053261,08002300
0x0005328B,08007681
0x000532A9,08001e00
0x000532C7,08002300
0x000532E5,08020100
0x00053315,08002300
0x00053333,08020200
0x0005335F,08002300
0x0005337D,08040300
0x000533A1,08000202
0x000533CF,08007681
0x000533F7,08000300
0x0005342E,08007681
0x00053468,08020300
0x00053494,08007681
0x000534B6,08002302
0x000534DC,08007681
0x000534FC,08002302
0x00053539,08007681
0x00053559,08002302
0x00053575,08007681
0x00053593,08000300
0x000535CE,080535d0
0x000535D8,080535f2
0x000535E0,080535f2
0x000535E8,080535f2
0x000535F0,080535f2
0x000535FA,08053614
0x00053602,08053614
0x0005360A,08053614
0x00053612,08053614
0x0005361C,08053636
0x00053624,08053636
0x00053627,08033408
0x0005362C,08053636
0x00053634,08053636
0x0005363E,08053658
0x00053646,08053658
0x0005364E,08053658
0x00053651,08053408
0x00053656,08053658
0x00053661,0805366d
0x00053668,0805366d
0x00053676,08053682
0x0005367D,08053682
0x0005369D,080536c0
0x000536A2,0805372d
0x000536A7,0805378a
0x000536AC,080537dc
0x000536B1,08053834
0x000536B6,0805387a
0x000536BB,080538d5
0x000536C0,08053946
0x000536C6,08002300
0x000536E0,08007681
0x00053733,08002300
0x00053751,08040300
0x00053790,08002300
0x000537AA,08007681
0x000537E2,08002300
0x00053800,08040300
0x0005383A,08002302
0x00053854,08007681
0x00053880,08002300
0x000538BB,08007681
0x000538DB,08002300
0x0005392C,08007681
0x0005394C,08002302
0x00053968,08007681
0x00053986,08000300
0x000539BF,080539c1
0x000539C9,080539db
0x000539D1,080539db
0x000539D9,080539db
0x000539E3,080539f5
0x000539EB,080539f5
0x000539F3,080539f5
0x000539FD,08053a0f
0x00053A00,08033408
0x00053A05,08053a0f
0x00053A0D,08053a0f
0x00053A17,08053a29
0x00053A1F,08053a29
0x00053A22,08053408
0x00053A27,08053a29
0x00053A32,08053a3e
0x00053A39,08053a3e
0x00053A47,08053a53
0x00053A4E,08053a53
0x00053A5C,08053a68
0x00053A63,08053a68
0x00053A68,08330201
0x00053A71,08053a7d
0x00053A78,08053a7d
0x00053A86,08053a92
0x00053A8D,08053a92
0x00053AAD,08053adf
0x00053AB2,08053c36
0x00053AB7,08053c75
0x00053ABC,08053ccf
0x00053AC1,08053d20
0x00053AC6,08053d6d
0x00053ACB,08053dcf
0x00053AD0,08053e78
0x00053AD5,08053f32
0x00053ADA,08053f75
0x00053ADF,08053fb2
0x00053AE5,08020302
0x00053B05,08007681
0x00053B33,08040100
0x00053B55,08007681
0x00053B73,08030301
0x00053B91,08020200
0x00053BE4,08020100
0x00053C18,08007681
0x00053C37,08000076
0x00053C55,08020300
0x00053C76,08000076
0x00053C94,08020100
0x00053CD0,08000076
0x00053CEE,08020200
0x00053D21,08000076
0x00053D3F,08020100
0x00053D73,08000202
0x00053DA5,08007681
0x00053DD5,08000300
0x00053E09,08007681
0x00053E54,08040301
0x00053E7E,08000302
0x00053ECD,08007681
0x00053F0C,08040301
0x00053F33,0800006a
0x00053F51,08020100
0x00053F76,08000076
0x00053F94,08020200
0x00053FB7,08020300
0x00053FC5,08007681
0x00053FDF,08007681
0x00054005,08010103
0x00054010,08054012
0x0005401A,08054034
0x00054022,08054034
0x0005402A,08054034
0x00054032,08054034
0x0005403C,08054056
0x00054044,08054056
0x0005404C,08054056
0x00054054,08054056
0x0005405E,08054070
0x00054061,08033408
0x00054066,08054070
0x0005406E,08054070
0x00054078,0805408a
0x00054080,0805408a
0x00054083,08053408
0x00054088,0805408a
0x00054093,0805409f
0x0005409A,0805409f
0x000540A8,080540b4
0x000540AF,080540b4
0x000540BD,080540c9
0x000540C4,080540c9
0x000540C9,08330201
0x000540D2,080540de
0x000540D9,080540de
0x000540E7,080540f3
0x000540EE,080540f3
0x000540F9,08250302
0x00054100,08050038
0x0005410E,08054140
0x00054113,080541d8
0x00054118,0805423f
0x0005411D,080542c9
0x00054122,08054310
0x00054127,08054353
0x0005412C,080543b1
0x00054131,08054417
0x00054136,080544ea
0x0005413B,0805452d
0x00054140,0805456e
0x00054146,08000302
0x00054178,08007681
0x000541DE,08000300
0x00054223,08007681
0x00054245,08000300
0x00054288,08040301
0x000542CA,08000076
0x000542E0,08020100
0x00054311,08000076
0x00054327,08020100
0x00054359,08000202
0x00054389,08007681
0x000543B7,08000302
0x000543ED,08040301
0x0005441D,08000300
0x0005446C,08007681
0x000544AB,08040301
0x000544EB,0800006a
0x00054509,08020100
0x0005452E,08000076
0x00054573,08000300
0x00054581,08007681
0x0005459F,08020300
0x000545D0,080545ea
0x000545D8,080545ea
0x000545E0,080545ea
0x000545E8,080545ea
0x000545F2,08054604
0x000545FA,08054604
0x00054602,08054604
0x0005460C,0805462e
0x00054614,0805462e
0x0005461C,0805462e
0x00054624,0805462e
0x0005462C,0805462e
0x00054636,08054650
0x0005463E,08054650
0x00054641,08033408
0x00054646,08054650
0x0005464E,08054650
0x00054658,08054672
0x00054660,08054672
0x00054668,08054672
0x0005466B,08053408
0x00054670,08054672
0x0005467B,08054687
0x00054682,08054687
0x00054690,0805469c
0x00054697,0805469c
0x000546A5,080546b1
0x000546AC,080546b1
0x000546B1,08330201
0x000546BA,080546c6
0x000546C1,080546c6
0x000546CF,080546db
0x000546D6,080546db
0x000546F6,08054728
0x000546FB,08054808
0x00054700,080548d5
0x00054705,080549df
0x0005470A,08054a71
0x0005470F,08054ade
0x00054714,08054b53
0x00054719,08054bd2
0x0005471E,08054c71
0x00054723,08054cb0
0x00054728,08054ce7
0x0005472D,08000100
0x0005474D,08007681
0x0005476F,08040100
0x0005478D,08020301
0x000547C5,08020200
0x00054809,08000076
0x00054829,08020300
0x00054866,08007681
0x00054888,08000300
0x000548DB,08000300
0x0005491A,08007681
0x0005496B,08020200
0x000549BD,08020301
0x000549E0,08000076
0x00054A02,08020100
0x00054A24,08040301
0x00054A76,08020200
0x00054A94,08007681
0x00054AB6,08020101
0x00054B18,08020100
0x00054B59,08000300
0x00054BB2,08040301
0x00054BD8,08000300
0x00054BE6,08007681
0x00054C3F,08006a81
0x00054C76,08020100
0x00054C92,08007681
0x00054CD3,08007681
0x00054CEC,08020300
0x00054D08,08007681
0x00054D37,08054d39
0x00054D41,08054d5b
0x00054D49,08054d5b
0x00054D51,08054d5b
0x00054D59,08054d5b
0x00054D63,08054d7d
0x00054D6B,08054d7d
0x00054D73,08054d7d
0x00054D7B,08054d7d
0x00054D85,08054d9f
0x00054D8D,08054d9f
0x00054D95,08054d9f
0x00054D9D,08054d9f
0x00054DA7,08054dd1
0x00054DAF,08054dd1
0x00054DB7,08054dd1
0x00054DBF,08054dd1
0x00054DC7,08054dd1
0x00054DCF,08054dd1
0x00054DDA,08054de6
0x00054DE1,08054de6
0x00054DEF,08054dfb
0x00054DF6,08054dfb
0x00054E04,08054e10
0x00054E0B,08054e10
0x00054E10,08330201
0x00054E19,08054e25
0x00054E20,08054e25
0x00054E2E,08054e3a
0x00054E35,08054e3a
0x00054E43,08054e4f
0x00054E4A,08054e4f
0x00054E58,08054e64
0x00054E5F,08054e64
0x00054E6D,08054e79
0x00054E74,08054e79
0x00054E82,08054e8e
0x00054E85,08003808
0x00054E89,08054e8e
0x00054E8C,08013708
0x00054E97,08054ea3
0x00054E9E,08054ea3
0x00054EAC,08054eb8
0x00054EB3,08054eb8
0x00054ED3,08054f23
0x00054ED8,08054f56
0x00054EDD,08054ffa
0x00054EE2,0805507b
0x00054EE7,0805513c
0x00054EEC,080551e9
0x00054EF1,08055279
0x00054EF6,0805530a
0x00054EFB,08055383
0x00054F00,08055417
0x00054F05,08055488
0x00054F0A,080554fa
0x00054F0F,08055558
0x00054F14,080555bd
0x00054F19,0805561f
0x00054F1E,0805567d
0x00054F23,080556cf
0x00054F28,08000700
0x00054F5C,08000404
0x00054F93,08007681
0x00054FD2,08007681
0x00055000,08000500
0x0005502C,08007681
0x00055081,08000500
0x000550CA,08007681
0x000550DE,08007681
0x0005510A,08007681
0x00055122,08020100
0x00055142,08000604
0x0005516E,08007681
0x0005521F,08007681
0x00055253,08020100
0x000552A7,08040301
0x000552D1,08020100
0x00055310,08000201
0x00055357,08007681
0x00055369,08000300
0x000553DA,08007681
0x00055466,08030200
0x0005548E,08000404
0x0005549C,08007681
0x000554AA,08007681
0x000554C2,08007681
0x000554DA,08007681
0x000554EA,08007681
0x00055500,08000500
0x00055536,08020100
0x0005555E,08000500
0x0005556C,08007681
0x000555C3,08000504
0x000555EF,08007681
0x00055625,08000600
0x00055655,08020100
0x00055683,08000600
0x000556AF,08007681
0x000556D5,08000600
0x00055701,08007681
0x0005570F,08007681
0x0005573F,08040300
0x00055773,08007681
0x000557CF,080557d1
0x000557D9,080557fb
0x000557E1,080557fb
0x000557E9,080557fb
0x000557F1,080557fb
0x000557F9,080557fb
0x00055803,08055825
0x0005580B,08055825
0x00055813,08055825
0x0005581B,08055825
0x00055823,08055825
0x0005582D,08055847
0x00055835,08055847
0x00055838,08033408
0x0005583D,08055847
0x00055845,08055847
0x0005584F,08055869
0x00055857,08055869
0x0005585F,08055869
0x00055862,08053408
0x00055867,08055869
0x00055872,0805587e
0x00055879,0805587e
0x00055887,08055893
0x0005588E,08055893
0x000558A8,08330201
0x000558AE,080558d1
0x000558B3,080559aa
0x000558B8,08055a49
0x000558BD,08055ad4
0x000558C2,08055b77
0x000558C7,08055c00
0x000558CC,08055c7a
0x000558D1,08055cf3
0x000558D7,08000300
0x00055926,08040301
0x000559B0,08000202
0x000559DA,08007681
0x00055A23,08000300
0x00055A4F,08000300
0x00055A96,08010100
0x00055AC6,08030201
0x00055ADA,08000300
0x00055B04,08007681
0x00055B22,08010100
0x00055B65,08040301
0x00055B7D,08010300
0x00055BD6,08007681
0x00055C22,08007681
0x00055C56,08020100
0x00055C80,08000300
0x00055CC1,08007681
0x00055CF9,08000300
0x00055D36,08010301
0x00055D6A,08006a81
0x00055D89,08055d8b
0x00055D93,08055db5
0x00055D9B,08055db5
0x00055DA3,08055db5
0x00055DAB,08055db5
0x00055DB3,08055db5
0x00055DBD,08055dd7
0x00055DC5,08055dd7
0x00055DCD,08055dd7
0x00055DD5,08055dd7
0x00055DDF,08055df1
0x00055DE2,08033408
0x00055DE7,08055df1
0x00055DEF,08055df1
0x00055DF9,08055e03
0x00055DFC,08053408
0x00055E01,08055e03
0x00055E0C,08055e18
0x00055E13,08055e18
0x00055E21,08055e2d
0x00055E28,08055e2d
0x00055E36,08055e42
0x00055E3D,08055e42
0x00055E42,08330201
0x00055E4B,08055e57
0x00055E52,08055e57
0x00055E60,08055e6c
0x00055E67,08055e6c
0x00055E87,08055eb9
0x00055E8C,08055f9a
0x00055E91,08056034
0x00055E96,080560e7
0x00055E9B,080561aa
0x00055EA0,080562c9
0x00055EA5,08056335
0x00055EAA,08056413
0x00055EAF,08056497
0x00055EB4,080564db
0x00055EB9,08056536
0x00055EE7,08007681
0x00055F22,08007681
0x00055F58,08040300
0x00055F80,08002301
0x00055FA0,08000300
0x00055FCC,08007681
0x00056004,08000100
0x0005603A,08000300
0x0005606C,08007681
0x0005608E,08007681
0x000560ED,08000700
0x0005610B,08007681
0x0005614C,08007681
0x00056184,08040300
0x000561F2,08007681
0x00056231,08007681
0x00056282,08007681
0x000562F3,08007681
0x0005631D,08007681
0x0005633B,08000300
0x00056367,08007681
0x000563A4,08007681
0x000563ED,08040301
0x00056419,08000300
0x00056454,08007681
0x0005649D,08002302
0x000564C1,08007681
0x000564E1,08002300
0x0005651C,08007681
0x0005653C,08002302
0x00056587,08007681
0x000565A5,08000300
0x000565E0,080565e2
0x000565EA,0805660c
0x000565F2,0805660c
0x000565FA,0805660c
0x00056602,0805660c
0x0005660A,0805660c
0x00056614,0805662e
0x0005661C,0805662e
0x00056624,0805662e
0x0005662C,0805662e
0x00056631,08033403
0x00056636,08056640
0x0005663E,08056640
0x00056648,08056652
0x0005664B,08053408
0x00056650,08056652
0x0005665B,08056667
0x00056662,08056667
0x00056670,0805667c
0x00056677,0805667c
0x00056685,08056691
0x0005668C,08056691
0x00056691,08330201
0x0005669A,080566a6
0x000566A1,080566a6
0x000566AF,080566bb
0x000566B6,080566bb
0x000566D6,08056708
0x000566DB,080567e4
0x000566E0,08056867
0x000566E5,0805696f
0x000566EA,080569f7
0x000566EF,08056add
0x000566F4,08056b32
0x000566F9,08056b9d
0x000566FE,08056c5d
0x00056703,08056ca1
0x00056708,08056cf4
0x0005670E,08000300
0x00056753,08007681
0x00056789,08020100
0x000567CA,08002301
0x000567EA,08000300
0x00056802,08007681
0x00056853,08000100
0x0005686D,08000300
0x0005688D,08007681
0x000568DE,08007681
0x0005690C,08007681
0x00056932,08040301
0x00056992,08007681
0x000569BC,08007681
0x00056A3F,08007681
0x00056A8E,08007681
0x00056AE3,08000202
0x00056B20,08007681
0x00056B38,08000300
0x00056B73,08007681
0x00056BA3,08000300
0x00056BEE,08007681
0x00056C1A,08007681
0x00056C63,08002302
0x00056C87,08007681
0x00056CA7,08002300
0x00056CDA,08007681
0x00056CFA,08002302
0x00056D45,08007681
0x00056D63,08040300
0x00056DD3,08056dd5
0x00056DDD,08056df7
0x00056DE5,08056df7
0x00056DED,08056df7
0x00056DF5,08056df7
0x00056DFF,08056e11
0x00056E07,08056e11
0x00056E0F,08056e11
0x00056E19,08056e2b
0x00056E1C,08033408
0x00056E21,08056e2b
0x00056E29,08056e2b
0x00056E33,08056e45
0x00056E3B,08056e45
0x00056E3E,08053408
0x00056E43,08056e45
0x00056E4E,08056e5a
0x00056E55,08056e5a
0x00056E63,08056e6f
0x00056E6A,08056e6f
0x00056E8A,08056ead
0x00056E8F,08056f20
0x00056E94,08056fac
0x00056E99,08056ff4
0x00056E9E,08057050
0x00056EA3,08057085
0x00056EA8,080570d7
0x00056EAD,0805710a
0x00056EB3,08000202
0x00056ED9,08007681
0x00056F26,08020302
0x00056F65,08007681
0x00056FB1,08020200
0x00056FF9,08020300
0x00057055,08020200
0x0005708A,08000100
0x000570DC,08020200
0x0005710F,08040300
0x00057159,0805715b
0x00057163,08057185
0x0005716B,08057185
0x00057173,08057185
0x0005717B,08057185
0x00057183,08057185
0x0005718D,080571af
0x00057195,080571af
0x0005719D,080571af
0x000571A5,080571af
0x000571AD,080571af
0x000571B7,080571d1
0x000571BF,080571d1
0x000571C2,08033408
0x000571C7,080571d1
0x000571CF,080571d1
0x000571D9,080571eb
0x000571E1,080571eb
0x000571E4,08053408
0x000571E9,080571eb
0x000571F4,08057200
0x000571FB,08057200
0x00057209,08057215
0x00057210,08057215
0x0005721E,0805722a
0x00057225,0805722a
0x00057233,0805723f
0x0005723A,0805723f
0x00057248,08057254
0x0005724F,08057254
0x0005725D,08057269
0x00057260,08003808
0x00057264,08057269
0x00057267,08013708
0x00057272,0805727e
0x00057279,0805727e
0x00057287,08057293
0x0005728E,08057293
0x000572AE,080572ef
0x000572B3,080574c1
0x000572B8,080575a1
0x000572BD,080576ec
0x000572C2,080577cc
0x000572C7,08057801
0x000572CC,080578ec
0x000572D1,080579ad
0x000572D6,08057a38
0x000572DB,08057ab9
0x000572E0,08057b5c
0x000572E5,08057c39
0x000572EA,08057c9b
0x000572EF,08057cef
0x000572F5,08000500
0x00057319,08007681
0x00057362,08000601
0x000573AB,08040300
0x00057441,08007681
0x000574C7,08000502
0x000574ED,08007681
0x00057530,08007681
0x0005754A,08040100
0x000575A7,08000602
0x000575D7,08007681
0x00057679,08007681
0x000576AF,08007681
0x000576F2,08000404
0x00057724,08007681
0x0005776F,08007681
0x000577D1,08020200
0x00057852,08007681
0x000578A7,08020100
0x00057912,08030200
0x00057946,08007681
0x00057987,08007681
0x000579B3,08000404
0x000579D7,08007681
0x00057A1C,08007681
0x00057A2A,08007681
0x00057A3E,08000500
0x00057A93,08020100
0x00057ABF,08000500
0x00057AE7,08007681
0x00057B36,08007681
0x00057B62,08000502
0x00057BA9,08007681
0x00057BF2,08040300
0x00057C3F,08000602
0x00057C67,08007681
0x00057CA1,08000602
0x00057CD3,08007681
0x00057CF5,08000600
0x00057D46,08020300
0x00057D87,08057d89
0x00057D91,08057dbb
0x00057D99,08057dbb
0x00057DA1,08057dbb
0x00057DA9,08057dbb
0x00057DB1,08057dbb
0x00057DB9,08057dbb
0x00057DC3,08057de5
0x00057DCB,08057de5
0x00057DD3,08057de5
0x00057DDB,08057de5
0x00057DE3,08057de5
0x00057DED,08057e07
0x00057DF1,08010036
0x00057DF5,08057e07
0x00057DF8,08033408
0x00057DFD,08057e07
0x00057E05,08057e07
0x00057E0F,08057e21
0x00057E17,08057e21
0x00057E1A,08053408
0x00057E1F,08057e21
0x00057E26,08010200
0x00057E2A,08057e36
0x00057E31,08057e36
0x00057E3B,08020200
0x00057E3F,08057e4b
0x00057E46,08057e4b
0x00057E50,08030200
0x00057E54,08057e60
0x00057E5B,08057e60
0x00057E69,08057e75
0x00057E70,08057e75
0x00057E7E,08057e8a
0x00057E85,08057e8a
0x00057E93,08057e9f
0x00057E96,08003808
0x00057E9A,08057e9f
0x00057E9D,08013708
0x00057EA8,08057eb4
0x00057EAF,08057eb4
0x00057EBD,08057ec9
0x00057EC4,08057ec9
0x00057EE4,08057f25
0x00057EE9,08057fbe
0x00057EEE,0805802a
0x00057EF3,0805816c
0x00057EF8,080581ba
0x00057EFD,080581ef
0x00057F02,08058253
0x00057F07,080582c4
0x00057F0C,08058337
0x00057F11,08058387
0x00057F16,0805840a
0x00057F1B,08058470
0x00057F20,0805858b
0x00057F25,080585e5
0x00057F29,08000112
0x00057F2B,08000800
0x00057F2C,08080008
0x00057F81,08020100
0x00057FC4,08000900
0x00057FD2,08007681
0x00057FE4,08000a01
0x00057FF6,08040300
0x00058030,08020a00
0x00058056,08007681
0x00058064,08007681
0x00058082,08000300
0x000580CB,08000901
0x0005811A,08020300
0x0005813E,08000300
0x00058170,08000212
0x00058172,08020800
0x00058173,08080208
0x000581A2,08020200
0x000581BF,08020100
0x000581F3,08020112
0x000581F5,08000802
0x000581F6,08080008
0x00058225,08007681
0x00058257,08000212
0x00058259,08000800
0x0005828B,08007681
0x0005828C,08080076
0x000582C8,08000312
0x000582CA,08000800
0x000582CB,08080008
0x000582F4,08020300
0x0005833D,08000900
0x0005834B,08007681
0x00058379,08006a81
0x0005838D,08000900
0x000583D8,08007681
0x00058410,08000900
0x00058422,08020300
0x0005843E,08007681
0x00058450,08000300
0x00058496,08006a81
0x000584F1,08020100
0x00058536,08007681
0x0005859F,08007681
0x000585C7,08007681
0x0005860F,08007681
0x00058631,08040300
0x00058672,08058674
0x0005867C,08058696
0x00058684,08058696
0x0005868C,08058696
0x00058694,08058696
0x0005869E,080586c0
0x000586A6,080586c0
0x000586AE,080586c0
0x000586B6,080586c0
0x000586BE,080586c0
0x000586C8,080586e2
0x000586D0,080586e2
0x000586D3,08033408
0x000586D8,080586e2
0x000586E0,080586e2
0x000586EA,080586fc
0x000586F2,080586fc
0x000586F5,08053408
0x000586FA,080586fc
0x00058705,08058711
0x0005870C,08058711
0x0005871A,08058726
0x00058721,08058726
0x0005872F,0805873b
0x00058736,0805873b
0x00058744,08058750
0x0005874B,08058750
0x00058759,08058765
0x00058760,08058765
0x0005876E,0805877a
0x00058771,08003808
0x00058775,0805877a
0x00058778,08013708
0x00058783,0805878f
0x0005878A,0805878f
0x00058798,080587a4
0x0005879F,080587a4
0x000587BF,08058800
0x000587C4,080588d2
0x000587C9,0805899c
0x000587CE,08058aa4
0x000587D3,08058b0c
0x000587D8,08058b43
0x000587DD,08058ba9
0x000587E2,08058c10
0x000587E7,08058cce
0x000587EC,08058d64
0x000587F1,08058dbc
0x000587F6,08058e91
0x000587FB,08058f6d
0x00058800,08058fdc
0x00058806,08000b02
0x0005885D,08007681
0x00058877,08007681
0x000588D8,08000c00
0x00058921,08040300
0x00058953,08006a81
0x000589A2,08000d00
0x000589EF,08020100
0x00058A78,08020100
0x00058AAA,08000b02
0x00058AD8,08007681
0x00058B11,08020200
0x00058B49,08000b02
0x00058B79,08007681
0x00058BAF,08000b00
0x00058BC3,08007681
0x00058C16,08000b00
0x00058C4C,08020300
0x00058C8F,08007681
0x00058CD4,08000c00
0x00058D1D,08020100
0x00058D6A,08000c02
0x00058D8C,08007681
0x00058DC2,08000c00
0x00058DDE,08040300
0x00058DFC,08006a81
0x00058E45,08007681
0x00058E71,08000300
0x00058E97,08000d00
0x00058EDC,08007681
0x00058F10,08007681
0x00058F28,08007681
0x00058F73,08000d00
0x00058FAC,08007681
0x00058FE2,08000d00
0x0005903B,08020300
0x00059065,08007681
0x000590AF,080590b1
0x000590B9,080590db
0x000590C1,080590db
0x000590C9,080590db
0x000590D1,080590db
0x000590D9,080590db
0x000590E3,080590fd
0x000590EB,080590fd
0x000590F3,080590fd
0x000590FB,080590fd
0x00059105,0805911f
0x0005910D,0805911f
0x00059110,08033408
0x00059115,0805911f
0x0005911D,0805911f
0x00059127,08059139
0x0005912F,08059139
0x00059132,08053408
0x00059137,08059139
0x00059142,0805914e
0x00059149,0805914e
0x00059157,08059163
0x0005915E,08059163
0x0005916C,08059178
0x00059173,08059178
0x00059181,0805918d
0x00059188,0805918d
0x00059196,080591a2
0x0005919D,080591a2
0x000591AB,080591b7
0x000591AE,08003808
0x000591B2,080591b7
0x000591B5,08013708
0x000591C0,080591cc
0x000591C7,080591cc
0x000591D5,080591e1
0x000591DC,080591e1
0x000591FC,0805923d
0x00059201,080592c7
0x00059206,0805936e
0x0005920B,080593ce
0x00059210,0805943c
0x00059215,0805946d
0x0005921A,080594d4
0x0005921F,0805953a
0x00059224,080595c1
0x00059229,080595f6
0x0005922E,08059638
0x00059233,0805965b
0x00059238,08059684
0x0005923D,080596b3
0x00059243,08001d02
0x0005926F,08007681
0x00059297,08020100
0x000592CD,08020202
0x000592FD,08007681
0x0005931B,08001d01
0x0005932F,08007681
0x00059374,08001d02
0x0005939C,08007681
0x000593D4,08001d02
0x00059408,08007681
0x00059441,08020300
0x00059473,08001d02
0x000594AC,08007681
0x000594DA,08001d02
0x0005950E,08007681
0x00059540,08001d02
0x00059589,08006a81
0x00059597,08007681
0x000595C6,08020100
0x000595FB,08020200
0x0005963D,08020300
0x00059660,08020100
0x00059689,08020200
0x000596B8,08000300
0x000596FD,080596ff
0x00059707,08059729
0x0005970F,08059729
0x00059717,08059729
0x0005971F,08059729
0x00059727,08059729
0x00059731,0805974b
0x00059739,0805974b
0x00059741,0805974b
0x00059749,0805974b
0x00059753,0805976d
0x0005975B,0805976d
0x0005975E,08033408
0x00059763,0805976d
0x0005976B,0805976d
0x00059775,08059787
0x0005977D,08059787
0x00059780,08053408
0x00059785,08059787
0x00059790,0805979c
0x00059797,0805979c
0x000597A5,080597b1
0x000597AC,080597b1
0x000597BA,080597c6
0x000597C1,080597c6
0x000597CF,080597db
0x000597D6,080597db
0x000597E4,080597f0
0x000597EB,080597f0
0x000597FC,08003808
0x00059803,08013708
0x0005980B,0805983d
0x00059810,08059891
0x00059815,0805992e
0x0005981A,080599ab
0x0005981F,08059a15
0x00059824,08059a65
0x00059829,08059ac1
0x0005982E,08059b38
0x00059833,08059ba7
0x00059838,08059c20
0x0005983D,08059cd2
0x00059843,08001200
0x0005985D,08007681
0x00059897,08001100
0x000598D6,08007681
0x000598FE,08000c00
0x00059934,08001200
0x00059975,08007681
0x000599B1,08001202
0x000599E3,08007681
0x00059A1A,08020300
0x00059A6B,08001102
0x00059A97,08007681
0x00059AC7,08001100
0x00059AF9,08007681
0x00059B3E,08001202
0x00059B7D,08007681
0x00059BAD,08001200
0x00059BDF,08007681
0x00059C26,08001302
0x00059C7B,08007681
0x00059D1D,08007681
0x00059D85,08059d87
0x00059D8F,08059da9
0x00059D97,08059da9
0x00059D9F,08059da9
0x00059DA7,08059da9
0x00059DB1,08059dcb
0x00059DB9,08059dcb
0x00059DC1,08059dcb
0x00059DC9,08059dcb
0x00059DD3,08059ded
0x00059DDB,08059ded
0x00059DDE,08033408
0x00059DE3,08059ded
0x00059DEB,08059ded
0x00059DF5,08059e07
0x00059DFD,08059e07
0x00059E00,08053408
0x00059E05,08059e07
0x00059E10,08059e1c
0x00059E17,08059e1c
0x00059E25,08059e31
0x00059E2C,08059e31
0x00059E3A,08059e46
0x00059E41,08059e46
0x00059E4F,08059e5b
0x00059E56,08059e5b
0x00059E64,08059e70
0x00059E6B,08059e70
0x00059E79,08059e85
0x00059E7C,08003808
0x00059E80,08059e85
0x00059E83,08013708
0x00059E8E,08059e9a
0x00059E95,08059e9a
0x00059EA3,08059eaf
0x00059EAA,08059eaf
0x00059ECA,08059f0b
0x00059ECF,08059fb9
0x00059ED4,0805a005
0x00059ED9,0805a08e
0x00059EDE,0805a0dc
0x00059EE3,0805a107
0x00059EE8,0805a174
0x00059EED,0805a1de
0x00059EF2,0805a234
0x00059EF7,0805a2a9
0x00059EFC,0805a2f5
0x00059F01,0805a35b
0x00059F06,0805a3b7
0x00059F0B,0805a426
0x00059F11,08000302
0x00059F35,08007681
0x00059F63,08001801
0x00059F87,08001700
0x00059FBF,08001600
0x00059FE5,08020300
0x0005A00B,08001700
0x0005A05C,08006a81
0x0005A094,08001802
0x0005A0C6,08007681
0x0005A0E1,08020100
0x0005A10D,08001602
0x0005A148,08007681
0x0005A17A,08001602
0x0005A1AC,08007681
0x0005A1E4,08001602
0x0005A200,08007681
0x0005A23A,08001702
0x0005A26A,08007681
0x0005A2AF,08001702
0x0005A2CD,08007681
0x0005A2FB,08001702
0x0005A32D,08007681
0x0005A361,08001802
0x0005A385,08007681
0x0005A3BD,08001802
0x0005A3E9,08007681
0x0005A42C,08001802
0x0005A440,08007681
0x0005A49E,0805a4a0
0x0005A4A8,0805a4b2
0x0005A4B0,0805a4b2
0x0005A4BA,0805a4c4
0x0005A4C2,0805a4c4
0x0005A4C7,08033403
0x0005A4CC,0805a4d6
0x0005A4D4,0805a4d6
0x0005A4DE,0805a4e8
0x0005A4E1,08053408
0x0005A4E6,0805a4e8
0x0005A503,0805a51c
0x0005A508,0805a596
0x0005A50D,0805a60f
0x0005A512,0805a6aa
0x0005A517,0805a82e
0x0005A51C,0805a8a7
0x0005A521,08000c01
0x0005A568,08006a81
0x0005A59C,08000c00
0x0005A5F1,08006a81
0x0005A615,08000c00
0x0005A63D,08007681
0x0005A690,08020200
0x0005A6B0,08000c02
0x0005A703,08007681
0x0005A744,08007681
0x0005A78D,08007681
0x0005A7AB,08007681
0x0005A800,08007681
0x0005A834,08000c02
0x0005A860,08007681
0x0005A8AD,08000c02
0x0005A8E1,08006a81
0x0005A919,0805a923
0x0005A91E,0805a944
0x0005A923,0805a961
0x0005A928,08000100
0x0005A945,08000049
0x0005A962,08000049
0x0005A98C,0805a996
0x0005A991,0805a9b7
0x0005A996,0805a9d4
0x0005A99B,08000100
0x0005A9B8,08000049
0x0005A9D5,08000049
0x0005A9FF,0805aa09
0x0005AA04,0805aa2a
0x0005AA09,0805aa47
0x0005AA0E,08000100
0x0005AA2B,08000049
0x0005AA48,08000049
0x0005AA72,0805aa7c
0x0005AA77,0805aa9d
0x0005AA7C,0805aaba
0x0005AA81,08000100
0x0005AA9E,08000049
0x0005AABB,08000049
0x0005AAE5,0805aaef
0x0005AAEA,0805ab10
0x0005AAEF,0805ab2d
0x0005AAF4,08000100
0x0005AB11,08000049
0x0005AB2E,08000049
0x0005AB58,0805ab62
0x0005AB5D,0805ab83
0x0005AB62,0805aba0
0x0005AB67,08000100
0x0005AB84,08000049
0x0005ABA1,08000049
0x0005ABCB,0805abd5
0x0005ABD0,0805abf6
0x0005ABD5,0805ac13
0x0005ABDA,08000100
0x0005ABF7,08000049
0x0005AC14,08000049
0x0005AC41,0805ac43
0x0005AC4B,0805ac5d
0x0005AC53,0805ac5d
0x0005AC5B,0805ac5d
0x0005AC65,0805ac77
0x0005AC6D,0805ac77
0x0005AC75,0805ac77
0x0005AC7F,0805ac91
0x0005AC82,08033408
0x0005AC87,0805ac91
0x0005AC8F,0805ac91
0x0005AC99,0805acab
0x0005ACA1,0805acab
0x0005ACA4,08053408
0x0005ACA9,0805acab
0x0005ACB4,0805acc0
0x0005ACBB,0805acc0
0x0005ACC9,0805acd5
0x0005ACD0,0805acd5
0x0005ACF0,0805ad13
0x0005ACF5,0805ad6f
0x0005ACFA,0805adee
0x0005ACFF,0805ae5d
0x0005AD04,0805aee3
0x0005AD09,0805af81
0x0005AD0E,0805b007
0x0005AD13,0805b055
0x0005AD19,08000700
0x0005AD4B,08020100
0x0005AD75,08000700
0x0005ADA7,08040300
0x0005ADF4,08000700
0x0005AE33,08007681
0x0005AE63,08000700
0x0005AEA0,08040300
0x0005AEE9,08000700
0x0005AF42,08020100
0x0005AF87,08000702
0x0005AFC8,08007681
0x0005B00D,08000700
0x0005B023,08007681
0x0005B05B,08000700
0x0005B0A8,08007681
0x0005B0E1,0805b0e3
0x0005B0FB,0805b100
0x0005B100,0805b252
0x0005B106,08002c00
0x0005B15D,08007681
0x0005B1B4,08007681
0x0005B1F5,08007681
0x0005B22E,08010100
0x0005B257,08002c01
0x0005B29A,0805b29c
0x0005B2B4,0805b2b9
0x0005B2B9,0805b405
0x0005B2BF,08001e00
0x0005B2EB,08020100
0x0005B326,08007681
0x0005B37D,08007681
0x0005B3CA,08000100
0x0005B40B,08001e00
0x0005B452,08040100
0x0005B48B,0805b495
0x0005B493,0805b495
0x0005B4B5,0805b4ba
0x0005B4BA,0805b605
0x0005B4C0,08002c00
0x0005B511,08007681
0x0005B55A,08007681
0x0005B580,08007681
0x0005B5B4,08007681
0x0005B60A,08002c01
0x0005B66E,0805b670
0x0005B678,0805b682
0x0005B680,0805b682
0x0005B69A,0805b6a4
0x0005B69F,0805b7f4
0x0005B6A4,0805b8c8
0x0005B6AA,08002c00
0x0005B6EB,08007681
0x0005B726,08007681
0x0005B773,08007681
0x0005B7C2,08040100
0x0005B7FA,08002c00
0x0005B851,08007681
0x0005B86B,08007681
0x0005B8AA,08007681
0x0005B8CD,08002c01
0x0005B928,08007681
0x0005B98A,0805b98c
0x0005B994,0805b99e
0x0005B99C,0805b99e
0x0005B9A6,0805b9b0
0x0005B9AE,0805b9b0
0x0005B9C8,0805b9d7
0x0005B9CD,0805bb7d
0x0005B9D2,0805bcc3
0x0005B9D7,0805bdfa
0x0005B9DD,08000700
0x0005BA22,08007681
0x0005BA56,08007681
0x0005BA88,08000201
0x0005BACB,08020100
0x0005BAFB,08007681
0x0005BB2B,08007681
0x0005BB5D,08040301
0x0005BB83,08000700
0x0005BBB3,08007681
0x0005BBD7,08007681
0x0005BBFD,08007681
0x0005BC40,08007681
0x0005BC6A,08007681
0x0005BCA7,08000100
0x0005BCC9,08000700
0x0005BD02,08007681
0x0005BD49,08007681
0x0005BDAA,08007681
0x0005BDCE,08000100
0x0005BE00,08000700
0x0005BE5B,08007681
0x0005BE92,08007681
0x0005BEB8,08007681
0x0005BF0F,08007681
0x0005BF5C,08007681
0x0005BFB8,0805bfba
0x0005BFC2,0805bfcc
0x0005BFCA,0805bfcc
0x0005BFE4,0805bfee
0x0005BFE9,0805c1ba
0x0005BFEE,0805c313
0x0005BFF4,08000702
0x0005C016,08007681
0x0005C067,08007681
0x0005C0A6,08000300
0x0005C0E7,08007681
0x0005C12A,08007681
0x0005C17F,08010100
0x0005C20A,08007681
0x0005C259,08007681
0x0005C277,08007681
0x0005C2CE,08007681
0x0005C319,08000700
0x0005C35C,08007681
0x0005C3A1,08007681
0x0005C3BF,08007681
0x0005C41A,08007681
0x0005C45F,08007681
0x0005C497,08020100
0x0005C4F6,08010701
0x0005C567,08007681
0x0005C5ED,0805c5ef
0x0005C5F7,0805c609
0x0005C5FF,0805c609
0x0005C607,0805c609
0x0005C611,0805c62b
0x0005C619,0805c62b
0x0005C621,0805c62b
0x0005C629,0805c62b
0x0005C633,0805c645
0x0005C636,08033408
0x0005C63B,0805c645
0x0005C643,0805c645
0x0005C64D,0805c65f
0x0005C655,0805c65f
0x0005C658,08053408
0x0005C65D,0805c65f
0x0005C667,0805c679
0x0005C66F,0805c679
0x0005C677,0805c679
0x0005C681,0805c693
0x0005C689,0805c693
0x0005C691,0805c693
0x0005C69C,0805c6a8
0x0005C6A3,0805c6a8
0x0005C6A8,08330301
0x0005C6B1,0805c6bd
0x0005C6B8,0805c6bd
0x0005C6D8,0805c705
0x0005C6DD,0805c789
0x0005C6E2,0805c849
0x0005C6E7,0805c8f3
0x0005C6EC,0805c9c6
0x0005C6F1,0805ca9f
0x0005C6F6,0805cb49
0x0005C6FB,0805cbc0
0x0005C700,0805cc65
0x0005C705,0805ccc7
0x0005C70B,08001d02
0x0005C74E,08007681
0x0005C78F,08001d02
0x0005C7D2,08007681
0x0005C81D,08007681
0x0005C84F,08020302
0x0005C8A8,08007681
0x0005C8F9,08001d02
0x0005C942,08007681
0x0005C973,08007681
0x0005C9CC,08001d02
0x0005CA15,08006a81
0x0005CA58,08007681
0x0005CAA5,08001d02
0x0005CAFC,08007681
0x0005CB4F,08001d02
0x0005CB92,08007681
0x0005CBC6,08001d02
0x0005CBEE,08007681
0x0005CC16,08006a81
0x0005CC6B,08001d02
0x0005CC9F,08007681
0x0005CCCD,08001d02
0x0005CD0E,08007681
0x0005CD52,0805cd5e
0x0005CD59,0805cd5e
0x0005CD67,0805cd73
0x0005CD6E,0805cd73
0x0005CD7C,0805cd88
0x0005CD83,0805cd88
0x0005CD91,0805cd9d
0x0005CD98,0805cd9d
0x0005CDA2,08010300
0x0005CDA6,0805cdb2
0x0005CDAD,0805cdb2
0x0005CDBB,0805cdc7
0x0005CDC2,0805cdc7
0x0005CDD0,0805cddc
0x0005CDD7,0805cddc
0x0005CDE5,0805cdf1
0x0005CDEC,0805cdf1
0x0005CDF1,08330701
0x0005CDFA,0805ce06
0x0005CDFD,08003808
0x0005CE01,0805ce06
0x0005CE04,08013708
0x0005CE0F,0805ce1b
0x0005CE16,0805ce1b
0x0005CE24,0805ce30
0x0005CE2B,0805ce30
0x0005CE39,0805ce45
0x0005CE40,0805ce45
0x0005CE4E,0805ce5a
0x0005CE55,0805ce5a
0x0005CE63,0805ce6f
0x0005CE6A,0805ce6f
0x0005CE78,0805ce84
0x0005CE7F,0805ce84
0x0005CE8D,0805ce99
0x0005CE94,0805ce99
0x0005CEA2,0805ceae
0x0005CEA9,0805ceae
0x0005CEB3,08020300
0x0005CEB7,0805cec3
0x0005CEBE,0805cec3
0x0005CECC,0805ced8
0x0005CED3,0805ced8
0x0005CEE1,0805ceed
0x0005CEE8,0805ceed
0x0005CEF6,0805cf02
0x0005CEFD,0805cf02
0x0005CF0B,0805cf17
0x0005CF12,0805cf17
0x0005CF20,0805cf2c
0x0005CF27,0805cf2c
0x0005CF35,0805cf41
0x0005CF3C,0805cf41
0x0005CF4A,0805cf56
0x0005CF51,0805cf56
0x0005CF5F,0805cf6b
0x0005CF66,0805cf6b
0x0005CF74,0805cf80
0x0005CF7B,0805cf80
0x0005CF89,0805cf95
0x0005CF90,0805cf95
0x0005CF9E,0805cfaa
0x0005CFA5,0805cfaa
0x0005CFB3,0805cfbf
0x0005CFBA,0805cfbf
0x0005CFC8,0805cfd4
0x0005CFCF,0805cfd4
0x0005CFDD,0805cfe9
0x0005CFE4,0805cfe9
0x0005CFF2,0805cffe
0x0005CFF9,0805cffe
0x0005D007,0805d013
0x0005D00E,0805d013
0x0005D01C,0805d028
0x0005D023,0805d028
0x0005D031,0805d03d
0x0005D038,0805d03d
0x0005D046,0805d052
0x0005D04D,0805d052
0x0005D05B,0805d067
0x0005D062,0805d067
0x0005D070,0805d07c
0x0005D077,0805d07c
0x0005D085,0805d091
0x0005D08C,0805d091
0x0005D09A,0805d0a6
0x0005D0A1,0805d0a6
0x0005D0AF,0805d0bb
0x0005D0B6,0805d0bb
0x0005D0C4,0805d0d0
0x0005D0CB,0805d0d0
0x0005D0D9,0805d0e5
0x0005D0E0,0805d0e5
0x0005D0EE,0805d0fa
0x0005D0F5,0805d0fa
0x0005D103,0805d10f
0x0005D10A,0805d10f
0x0005D118,0805d124
0x0005D11F,0805d124
0x0005D12D,0805d139
0x0005D134,0805d139
0x0005D13D,08030035
0x0005D142,0805d14e
0x0005D149,0805d14e
0x0005D152,08030035
0x0005D157,0805d163
0x0005D15E,0805d163
0x0005D16C,0805d178
0x0005D173,0805d178
0x0005D181,0805d18d
0x0005D188,0805d18d
0x0005D196,0805d1a2
0x0005D19D,0805d1a2
0x0005D1AB,0805d1b7
0x0005D1B2,0805d1b7
0x0005D1C0,0805d1cc
0x0005D1C7,0805d1cc
0x0005D1D5,0805d1e1
0x0005D1DC,0805d1e1
0x0005D1EA,0805d1f6
0x0005D1F1,0805d1f6
0x0005D1FF,0805d20b
0x0005D206,0805d20b
0x0005D214,0805d220
0x0005D21B,0805d220
0x0005D229,0805d235
0x0005D230,0805d235
0x0005D23E,0805d24a
0x0005D245,0805d24a
0x0005D253,0805d25f
0x0005D25A,0805d25f
0x0005D268,0805d274
0x0005D26F,0805d274
0x0005D27D,0805d289
0x0005D284,0805d289
0x0005D292,0805d29e
0x0005D299,0805d29e
0x0005D2A7,0805d2b3
0x0005D2AE,0805d2b3
0x0005D2B8,08010000
0x0005D2BC,0805d2c8
0x0005D2C3,0805d2c8
0x0005D2D1,0805d2dd
0x0005D2D8,0805d2dd
0x0005D2E6,0805d2f2
0x0005D2ED,0805d2f2
0x0005D2FB,0805d307
0x0005D302,0805d307
0x0005D310,0805d31c
0x0005D317,0805d31c
0x0005D325,0805d331
0x0005D32C,0805d331
0x0005D33A,0805d346
0x0005D341,0805d346
0x0005D34F,0805d35b
0x0005D356,0805d35b
0x0005D364,0805d370
0x0005D36B,0805d370
0x0005D379,0805d385
0x0005D380,0805d385
0x0005D38E,0805d39a
0x0005D395,0805d39a
0x0005D3A3,0805d3af
0x0005D3AA,0805d3af
0x0005D3B8,0805d3c4
0x0005D3BF,0805d3c4
0x0005D3CD,0805d3d9
0x0005D3D4,0805d3d9
0x0005D3E2,0805d3ee
0x0005D3E9,0805d3ee
0x0005D3F7,0805d403
0x0005D3FE,0805d403
0x0005D40C,0805d418
0x0005D413,0805d418
0x0005D421,0805d42d
0x0005D428,0805d42d
0x0005D436,0805d442
0x0005D43D,0805d442
0x0005D44B,0805d457
0x0005D452,0805d457
0x0005D460,0805d46c
0x0005D467,0805d46c
0x0005D475,0805d481
0x0005D47C,0805d481
0x0005D48A,0805d496
0x0005D491,0805d496
0x0005D49B,08050000
0x0005D49F,0805d4ab
0x0005D4A6,0805d4ab
0x0005D4B4,0805d4c0
0x0005D4BB,0805d4c0
0x0005D4C4,08000035
0x0005D4C9,0805d4d5
0x0005D4D0,0805d4d5
0x0005D4D9,08000035
0x0005D4DE,0805d4ea
0x0005D4E5,0805d4ea
0x0005D4F3,0805d4ff
0x0005D4FA,0805d4ff
0x0005D508,0805d514
0x0005D50F,0805d514
0x0005D51D,0805d529
0x0005D524,0805d529
0x0005D532,0805d53e
0x0005D539,0805d53e
0x0005D547,0805d553
0x0005D54E,0805d553
0x0005D55C,0805d568
0x0005D563,0805d568
0x0005D571,0805d57d
0x0005D578,0805d57d
0x0005D598,0805d7e8
0x0005D59D,0805d85f
0x0005D5A2,0805d8da
0x0005D5A7,0805d941
0x0005D5AC,0805d9d1
0x0005D5B1,0805da50
0x0005D5B6,0805dad2
0x0005D5BB,0805db67
0x0005D5C0,0805dbf3
0x0005D5C5,0805dc85
0x0005D5CA,0805dd08
0x0005D5CF,0805dd87
0x0005D5D4,0805de08
0x0005D5D9,0805de6a
0x0005D5DE,0805ded8
0x0005D5E3,0805df22
0x0005D5E8,0805df8b
0x0005D5ED,0805dfdb
0x0005D5F2,0805e039
0x0005D5F7,0805e0c0
0x0005D5FC,0805e117
0x0005D601,0805e15b
0x0005D606,0805e1d0
0x0005D60B,0805e24f
0x0005D610,0805e29f
0x0005D615,0805e2e7
0x0005D61A,0805e344
0x0005D61F,0805e3b7
0x0005D624,0805e47a
0x0005D629,0805e4ff
0x0005D62E,0805e57a
0x0005D633,0805e60f
0x0005D638,0805e67d
0x0005D63D,0805e6c7
0x0005D642,0805e757
0x0005D647,0805e7d0
0x0005D64C,0805e8c6
0x0005D651,0805e945
0x0005D656,0805e9b4
0x0005D65B,0805ea15
0x0005D660,0805ea59
0x0005D665,0805eadf
0x0005D66A,0805eb7b
0x0005D66F,0805ebc7
0x0005D674,0805ec94
0x0005D679,0805ed09
0x0005D67E,0805eda3
0x0005D683,0805ee22
0x0005D688,0805eecd
0x0005D68D,0805ef2b
0x0005D692,0805efa9
0x0005D697,0805efcb
0x0005D69C,0805f0b2
0x0005D6A1,0805f164
0x0005D6A6,0805f1dd
0x0005D6AB,0805f260
0x0005D6B0,0805f2ac
0x0005D6B5,0805f318
0x0005D6BA,0805f391
0x0005D6BF,0805f442
0x0005D6C4,0805d78c
0x0005D6C9,0805f04c
0x0005D6CE,0805f4ca
0x0005D6D3,0805f52d
0x0005D6D8,0805f5bf
0x0005D6DD,0805f68c
0x0005D6E2,0805f71c
0x0005D6E7,0805f778
0x0005D6EC,0805f821
0x0005D6F1,0805f91d
0x0005D6F6,0805f9d5
0x0005D6FB,0805faae
0x0005D700,0805fb26
0x0005D705,0805fbe8
0x0005D70A,0805fc3a
0x0005D70F,0805fca3
0x0005D714,0805fd47
0x0005D719,0805fdef
0x0005D71E,0805fe8f
0x0005D723,0805ff6b
0x0005D728,0805ffe8
0x0005D72D,08060050
0x0005D732,080600b2
0x0005D737,0806021a
0x0005D73C,08060302
0x0005D741,080603e1
0x0005D746,08060456
0x0005D74B,080604ca
0x0005D750,08060580
0x0005D755,080605ec
0x0005D75A,08060634
0x0005D75F,080606a3
0x0005D764,08060782
0x0005D767,08123208
0x0005D769,08060812
0x0005D76E,0806086c
0x0005D773,08060910
0x0005D778,08060a03
0x0005D77D,08060a47
0x0005D782,08060add
0x0005D787,08060b6d
0x0005D78C,08060c05
0x0005D792,08000202
0x0005D7BC,08007681
0x0005D7EE,08000300
0x0005D826,08040301
0x0005D88D,08007681
0x0005D8E0,08000500
0x0005D921,08007681
0x0005D947,08000702
0x0005D98C,08007681
0x0005D9D5,08000112
0x0005D9D7,08000800
0x0005D9D8,08080008
0x0005DA22,08020100
0x0005DA8F,08007681
0x0005DAD8,08000b02
0x0005DB1F,08007681
0x0005DB3B,08007681
0x0005DB4D,08007681
0x0005DB6D,08000c00
0x0005DBB0,08020100
0x0005DBF9,08000e02
0x0005DC42,08007681
0x0005DC8B,08000f00
0x0005DCE4,08020100
0x0005DD0E,08001402
0x0005DD40,08007681
0x0005DD8D,08001500
0x0005DDD4,08007681
0x0005DE0E,08001d02
0x0005DE42,08007681
0x0005DE70,08003e02
0x0005DE98,08007681
0x0005DEC0,08000100
0x0005DEDE,08000302
0x0005DF0A,08007681
0x0005DF6D,08040200
0x0005DF91,08000702
0x0005DFA7,08007681
0x0005DFDF,08000212
0x0005DFE1,08000800
0x0005DFE2,08080008
0x0005E00D,08007681
0x0005E03F,08000b00
0x0005E069,08007681
0x0005E0C6,08000c00
0x0005E107,08007681
0x0005E11D,08000d00
0x0005E12B,08007681
0x0005E14D,08007681
0x0005E161,08000e02
0x0005E181,08007681
0x0005E1D6,08000f00
0x0005E1FE,08007681
0x0005E255,08001000
0x0005E26B,08007681
0x0005E2A5,08001402
0x0005E2D5,08007681
0x0005E2ED,08001502
0x0005E32E,08007681
0x0005E34A,08001d02
0x0005E37C,08007681
0x0005E3BD,08003e00
0x0005E3E3,08007681
0x0005E422,08007681
0x0005E454,08007681
0x0005E480,08000404
0x0005E4CD,08007681
0x0005E505,08000700
0x0005E552,08007681
0x0005E580,08000c00
0x0005E5DF,08040300
0x0005E615,08001200
0x0005E64D,08020300
0x0005E683,08001302
0x0005E6B7,08007681
0x0005E6CD,08001400
0x0005E70E,08006a81
0x0005E75D,08001d02
0x0005E79E,08007681
0x0005E7D6,08003e04
0x0005E81F,08007681
0x0005E849,08007681
0x0005E8A2,08007681
0x0005E8CC,08000500
0x0005E911,08007681
0x0005E94B,08000600
0x0005E988,08007681
0x0005E9BA,08000b00
0x0005EA09,08007681
0x0005EA1B,08000600
0x0005EA33,08007681
0x0005EA5F,08000e00
0x0005EA85,08007681
0x0005EAB5,08007681
0x0005EAE5,08001000
0x0005EB17,08007681
0x0005EB4B,08007681
0x0005EB7F,08000612
0x0005EB81,08000800
0x0005EB82,08080008
0x0005EB9B,08007681
0x0005EBCD,08001100
0x0005EBF7,08007681
0x0005EC1B,08007681
0x0005EC4B,08007681
0x0005EC9A,08001200
0x0005ECD7,08007681
0x0005ED0F,08001402
0x0005ED5C,08007681
0x0005EDA9,08001d02
0x0005EDF6,08007681
0x0005EE28,08003e01
0x0005EE58,08007681
0x0005EEB9,08000700
0x0005EECF,08120000
0x0005EED3,08000900
0x0005EED4,08080009
0x0005EEFF,08007681
0x0005EF11,08007681
0x0005EF12,08080076
0x0005EF2D,08120000
0x0005EF32,0808000a
0x0005EF63,08007681
0x0005EF87,08007681
0x0005EF88,08080076
0x0005EFBD,08007681
0x0005EFD1,08000f00
0x0005F034,08007681
0x0005F052,08001100
0x0005F086,08007681
0x0005F0B8,08000b00
0x0005F103,08007681
0x0005F14C,08007681
0x0005F16A,08000c00
0x0005F1A9,08007681
0x0005F1E3,08000d00
0x0005F232,08007681
0x0005F266,08000e00
0x0005F29A,08007681
0x0005F2B2,08001100
0x0005F2E6,08007681
0x0005F31E,08001200
0x0005F350,08007681
0x0005F397,08000e00
0x0005F3C5,08007681
0x0005F410,08007681
0x0005F448,08001200
0x0005F464,08007681
0x0005F498,08007681
0x0005F4F8,08020100
0x0005F533,08000300
0x0005F57E,08007681
0x0005F5C5,08000502
0x0005F5ED,08007681
0x0005F61D,08010100
0x0005F664,08007681
0x0005F692,08000700
0x0005F6CF,08007681
0x0005F720,08000112
0x0005F722,08000800
0x0005F723,08080008
0x0005F746,08007681
0x0005F77E,08000900
0x0005F7B0,08007681
0x0005F7F9,08007681
0x0005F85B,08007681
0x0005F8B2,08010100
0x0005F903,08007681
0x0005F923,08000b00
0x0005F964,08007681
0x0005F990,08020100
0x0005F9DB,08000c00
0x0005FA0B,08007681
0x0005FA4C,08010100
0x0005FA7A,08007681
0x0005FAB4,08000e00
0x0005FAD6,08007681
0x0005FAFC,08007681
0x0005FB2C,08000f00
0x0005FB77,08020100
0x0005FBBA,08007681
0x0005FBEE,08003e00
0x0005FC1E,08007681
0x0005FC40,08000300
0x0005FC6A,08020200
0x0005FCE1,08040200
0x0005FD15,08007681
0x0005FD4D,08000700
0x0005FDA2,08007681
0x0005FDE1,08007681
0x0005FDF5,08000b00
0x0005FE44,08007681
0x0005FE95,08000c00
0x0005FED2,08007681
0x0005FF37,08007681
0x0005FF71,08000e00
0x0005FFC0,08020200
0x0005FFEE,08001d00
0x00060026,08020200
0x00060056,08003e02
0x00060084,08007681
0x0006010F,08007681
0x0006015E,08040300
0x000601B5,08007681
0x00060220,08000700
0x0006026B,08007681
0x000602D0,08040300
0x00060308,08000c00
0x00060343,08007681
0x000603A2,08006a81
0x000603E7,08003e00
0x00060430,08007681
0x0006045C,08000500
0x0006049B,08007681
0x000604D0,08000600
0x000604E8,08007681
0x0006053B,08007681
0x00060586,08000600
0x000605B8,08007681
0x000605F2,08000800
0x000605F3,08080008
0x00060616,08007681
0x0006063A,08003e01
0x00060681,08007681
0x000606A5,08120000
0x000606A9,08000900
0x000606AA,08080009
0x000606C5,08007681
0x00060726,08007681
0x00060727,08080076
0x00060754,08007681
0x00060784,08120000
0x00060789,0808000a
0x000607A0,08007681
0x000607D7,08007681
0x000607D8,08080076
0x00060848,08007681
0x00060872,08000b00
0x000608AD,08007681
0x000608D9,08007681
0x00060916,08000c00
0x00060955,08007681
0x000609B6,08007681
0x00060A09,08000d00
0x00060A31,08007681
0x00060A4D,08000d00
0x00060A8E,08007681
0x00060AE3,08000f00
0x00060B17,08007681
0x00060B3B,08007681
0x00060B73,08001d00
0x00060BC4,08007681
0x00060C0B,08001400
0x00060C42,08007681
0x00060C7C,08009f2e
0x00060C80,0800bfc9
0x00060C84,0800cb23
0x00060C88,0800e6ca
0x00060C90,0800ff9d
0x00060C94,08011418
0x00060C98,08013d6a
0x00060C9C,08015a99
0x00060CA0,08018ece
0x00060CA4,0801a9cb
0x00060CA8,0801b8ee
0x00060CAC,0801bff8
0x00060CB0,0801cc03
0x00060CB4,0801d8dd
0x00060CB8,0801e7f8
0x00060CBC,0801e9ce
0x00060CC0,0801f5c3
0x00060CC4,0801fadc
0x00060CC8,08020038
0x00060CCC,0802170a
0x00060CD0,0802193e
0x00060CD4,08021dca
0x00060CD8,08022a85
0x00060CDC,08024b46
0x00060CE0,080260eb
0x00060CE4,08027949
0x00060CE8,08029131
0x00060CEC,0802bd92
0x00060CF0,0802e4cc
0x00060CF4,08030f4c
0x00060CF8,08030f55
0x00060CFC,08030f72
0x00060D00,08030f8f
0x00060D04,08030fac
0x00060D08,08030fc9
0x00060D0C,08030fe6
0x00060D10,08031003
0x00060D14,08031020
0x00060D18,08031430
0x00060D1C,08031a12
0x00060D20,08032e20
0x00060D24,0803339b
0x00060D28,0803385e
0x00060D2C,080348df
0x00060D30,08034ffd
0x00060D34,08036199
0x00060D38,080361d9
0x00060D3C,080361f6
0x00060D40,08036213
0x00060D44,080413da
0x00060D48,08046674
0x00060D4C,08047f40
0x00060D50,08049e76
0x00060D54,0804c616
0x00060D5C,0800aedc
0x00060D60,0800c7b3
0x00060D64,0800db4e
0x00060D68,0800e6f2
0x00060D6C,0800ff93
0x00060D70,08010f41
0x00060D74,0801203f
0x00060D78,080140ad
0x00060D7C,08015efe
0x00060D80,0801a517
0x00060D84,0801ac16
0x00060D88,0801ba17
0x00060D8C,0801c768
0x00060D90,0801d782
0x00060D94,0801db3d
0x00060D98,0801e955
0x00060D9C,0801f436
0x00060DA0,0801f694
0x00060DA4,0801ff48
0x00060DA8,08020a88
0x00060DAC,080218a4
0x00060DB0,08021d3e
0x00060DB4,080220b8
0x00060DB8,08024850
0x00060DBC,08025b8f
0x00060DC0,08026a77
0x00060DC4,08028b46
0x00060DC8,0802b617
0x00060DCC,0802c624
0x00060DD0,08030858
0x00060DD4,08030f4f
0x00060DD8,08030f55
0x00060DDC,08030f72
0x00060DE0,08030f8f
0x00060DE4,08030fac
0x00060DE8,08030fc9
0x00060DEC,08030fe6
0x00060DF0,08031003
0x00060DF4,08031281
0x00060DF8,080317a9
0x00060DFC,08031d60
0x00060E00,0803312b
0x00060E04,080336b4
0x00060E08,080344c7
0x00060E0C,08034bad
0x00060E10,08035d36
0x00060E14,080361bf
0x00060E18,080361d9
0x00060E1C,080361f6
0x00060E20,08036213
0x00060E24,08041402
0x00060E28,08047af8
0x00060E2C,08047f42
0x00060E30,08049e76
0x00060E34,0804c616
0x00060E3C,0804c64e
0x00060E40,0804d380
0x00060E44,0804da67
0x00060E48,0804e3d0
0x00060E4C,0804ed2d
0x00060E50,0804f024
0x00060E54,0804f8cf
0x00060E58,08050330
0x00060E5C,08050923
0x00060E60,08050da8
0x00060E64,080513a7
0x00060E68,08051906
0x00060E6C,0805213f
0x00060E70,08052951
0x00060E74,0805300b
0x00060E78,080535be
0x00060E7C,080539af
0x00060E80,08054000
0x00060E84,080545c0
0x00060E88,08054d27
0x00060E8C,080557bf
0x00060E90,08055d79
0x00060E94,080565d0
0x00060E98,08056dc3
0x00060E9C,08057149
0x00060EA0,08057d77
0x00060EA4,08058662
0x00060EA8,0805909f
0x00060EAC,080596ed
0x00060EB0,08059d75
0x00060EB4,0805a48e
0x00060EB8,0805a90c
0x00060EBC,0805a97f
0x00060EC0,0805a9f2
0x00060EC4,0805aa65
0x00060EC8,0805aad8
0x00060ECC,0805ab4b
0x00060ED0,0805abbe
0x00060ED4,0805ac31
0x00060ED8,0805b0d1
0x00060EDC,0805b28a
0x00060EE0,0805b47b
0x00060EE4,0805b65e
0x00060EE8,0805b97a
0x00060EEC,0805bfa8
0x00060EF0,0805c5dd
0x00060EF8,0804c7fb
0x00060EFC,0804d465
0x00060F00,0804dbc2
0x00060F04,0804e528
0x00060F08,0804edb8
0x00060F0C,0804f17b
0x00060F10,0804facd
0x00060F14,080503df
0x00060F18,080509e6
0x00060F1C,08050e3d
0x00060F20,080514a8
0x00060F24,08051a17
0x00060F28,0805223e
0x00060F2C,08052a5a
0x00060F30,08053126
0x00060F34,08053698
0x00060F38,08053aa8
0x00060F3C,08054109
0x00060F40,080546f1
0x00060F44,08054ece
0x00060F48,080558a9
0x00060F4C,08055e82
0x00060F50,080566d1
0x00060F54,08056e85
0x00060F58,080572a9
0x00060F5C,08057edf
0x00060F60,080587ba
0x00060F64,080591f7
0x00060F68,08059806
0x00060F6C,08059ec5
0x00060F70,0805a4fe
0x00060F74,0805a914
0x00060F78,0805a987
0x00060F7C,0805a9fa
0x00060F80,0805aa6d
0x00060F84,0805aae0
0x00060F88,0805ab53
0x00060F8C,0805abc6
0x00060F90,0805aceb
0x00060F94,0805b0f6
0x00060F98,0805b2af
0x00060F9C,0805b4b0
0x00060FA0,0805b695
0x00060FA4,0805b9c3
0x00060FA8,0805bfdf
0x00060FAC,0805c6d3
0x00060FE9,08200149
0x00060FF1,081c104a
0x00060FF7,08200849
0x00061019,082004fb
0x0006102C,0853d5ec
0x00061080,0808f73d
0x000610CD,084906f8
0x00061143,08200049
0x00061165,08218068
0x00061183,08014020
0x000611C5,08014020
0x000611C9,08280040
0x000611CF,08480749
0x0006125F,08480888
0x00061269,08480888
0x0006129B,08200149
0x000612AD,08477070
0x00061339,08014020
0x00061381,08014020
0x00061385,08280040
0x0006138B,08485b49
0x0006139D,08495a4a
0x00061403,084944f9
0x00061463,0849284a
0x0006153D,08480349
0x0006154C,08061535
0x00061555,08424020
0x0006155D,08200049
0x00061573,08424020
0x00061579,08200149
0x000615A7,0842a078
0x000615D7,08200149
0x00061718,08000104
0x00061728,0853d5b4
0x00061748,080005ac
0x000617AF,08490f80
0x000617D3,08480b88
0x000617F5,08030009
0x00061843,08018020
0x0006185B,08490668
0x00061899,0830101c
0x000618A5,082000da
0x000618AB,0838011c
0x000618E1,081c1073
0x00061993,08060921
0x00061A91,08207f1c
0x00061A99,08203fdc
0x00061BB9,0846411c
0x00061C5D,080600b5
0x00061D33,08435146
0x00061D57,08480449
0x00061D68,08061d71
0x00061E00,0853d5f0
0x00061E27,08200049
0x00061E58,08465b40
0x00061E5C,08465b70
0x00061E9F,084a0704
0x00061EC0,08465b40
0x00061EC4,08465b70
0x00061EDD,08188900
0x00061EEC,08465b40
0x00061F20,08465b40
0x00061F24,08465b70
0x00061F4C,08465b40
0x00061F50,08465b70
0x00061FF3,08482488
0x00062007,08018921
0x00062067,08464188
0x0006207D,084700bc
0x000620AC,080623c5
0x000620DB,08480b88
0x000620E9,081c104a
0x000620EF,08480939
0x00062101,084700bc
0x0006214B,081c2821
0x00062157,0840041c
0x0006215F,081c2821
0x00062179,08481288
0x00062181,08214088
0x0006218F,08424020
0x00062197,08480c49
0x000621E9,08020278
0x000621ED,081c0f78
0x00062221,08018020
0x00062229,081c10e0
0x000623BD,08000047
0x0006247D,08200049
0x00062508,08061535
0x00062537,08480788
0x00062541,08480788
0x00062550,08061535
0x00062569,0822004b
0x0006257F,082100da
0x00062695,0818894a
0x000627C1,08200049
0x000627DB,08200168
0x000629A9,08028020
0x00062A53,08464101
0x00062AA9,084651d0
0x00062AC5,084644d1
0x00062B05,084642ff
0x00062B2B,0843601c
0x00062B53,0843681c
0x00062B79,08020020
0x00062B7F,0828001c
0x00062C05,084641e0
0x00062C1F,08020020
0x00062C45,08280040
0x00062CDF,08464201
0x00062DAB,08208078
0x00062DBD,08430202
0x00062DC3,0846601c
0x00062DCB,08469143
0x00062E95,082840d0
0x00062FB9,08280040
0x000630CD,08030921
0x0006314F,08464019
0x0006318D,08034921
0x000631B1,081c1942
0x000631B3,0840081c
0x000631D3,0803c921
0x000631DB,084640d0
0x0006322D,08044921
0x0006328D,08203060
0x00063393,08433020
0x000633CB,08424921
0x000635A1,0822004b
0x000636CB,08424921
0x000636E7,08200049
0x00063701,08200049
0x00063709,08480488
0x000637C5,081c1901
0x000637E9,08480988
0x00063939,08490dff
0x0006393F,08432846
0x00063A4F,08203f49
0x00063B13,08005148
0x00063BCD,080c0204
0x00063BF9,08140004
0x00063C1B,08464918
0x00063FE9,08464126
0x00064083,08490a24
0x000640F9,08490c24
0x00064139,08490924
0x000641BD,08490b24
0x000641F9,08490c24
0x00064279,08490924
0x0006437D,08432012
0x000644E7,082b01e0
0x0006451F,082b01d0
0x00064545,08390280
0x00064603,08466170
0x0006461D,08020020
0x00064631,0803005c
0x0006463C,08000638
0x00064649,08040000
0x0006467D,082007d0
0x00064698,08064698
0x0006469C,080646cc
0x000646A0,080646b0
0x000646A4,080646b6
0x000646A8,080646bc
0x000646AC,080646c2
0x000646B0,080646c8
0x000646F4,08000690
0x00064735,082040e0
0x00064795,0820bf49
0x000647ED,0840101c
0x000647F5,08402809
0x000647FD,0840280a
0x000648F7,08200049
0x00064909,08213f20
0x00064955,08424840
0x00064961,082101d9
0x0006496F,08200049
0x000649D3,08200049
0x000649ED,08213f20
0x00064A13,08200049
0x00064A23,08200149
0x00064A57,082101d1
0x00064BA3,081b4146
0x00064C81,082080e2
0x00064C89,08203fd0
0x00064CA4,08064ca4
0x00064CA8,08064ce4
0x00064CAC,08064d18
0x00064CB0,08064ce4
0x00064CB4,08064d18
0x00064CB8,08064ce4
0x00064CBC,08064d18
0x00064CC0,08064ce4
0x00064CC4,08064d18
0x00064CC8,08064ce4
0x00064CCC,08064ce4
0x00064CD0,08064d18
0x00064CD4,08064d18
0x00064CD8,08064ce4
0x00064CDC,08064d18
0x00064CE0,08064ce4
0x00064CE4,08064d18
0x00064D01,08208078
0x00064D31,08208078
0x00064D49,08021943
0x00064D4D,08031943
0x00064D65,0803005d
0x00064D77,08203fd1
0x00064EED,080c0304
0x00064F1C,08064f1c
0x00064F20,08064f54
0x00064F24,08064f54
0x00064F28,08064f98
0x00064F2C,08064fb8
0x00064F30,08064ffc
0x00064F34,08064ffc
0x00064F38,08064ffc
0x00064F3C,08064ffc
0x00064F40,08065050
0x00064F44,080651e6
0x00064F48,080650c0
0x00064F4C,080650c0
0x00064F50,08065100
0x00064F54,0806516a
0x00064F5D,08004078
0x00065061,081a8320
0x000650C9,08008078
0x0006516D,084808e0
0x00065211,08203fe0
0x00065245,0803005d
0x00065299,08481739
0x000652A7,08208078
0x000652BF,08431022
0x000652C3,08310280
0x000652C7,08431088
0x000652CB,08310280
0x000652CF,08431088
0x000652D3,08310280
0x000652D7,08431088
0x00065301,0803005d
0x0006530F,08491888
0x0006536D,08000047
0x0006538B,08200049
0x000653DD,08200049
0x000653F3,08200049
0x00065555,084700bc
0x00065580,0809c614
0x00065584,0809c870
0x0006558C,0809c8d4
0x00065594,0809cbc4
0x000656ED,080e2106
0x00065721,08200149
0x00065751,0846411c
0x00065763,08200168
0x00065A29,081c193b
0x00065D45,08464122
0x00065D8D,08466120
0x00065EA4,0853d644
0x00065F70,0853d644
0x00066090,0853d73c
0x00066134,0853d73c
0x00066258,0853d624
0x000664B3,08201068
0x000664CB,082040e1
0x0006663B,08428130
0x00066647,080c0004
0x000666D8,0809cc04
0x000666DC,0809cc10
0x0006682D,08280040
0x00066845,08202d18
0x0006689B,081c3821
0x000668D1,08202019
0x00066921,081c3821
0x0006694B,0818804a
0x0006695B,0830301c
0x00066A35,08200019
0x00066B57,084655d2
0x00066B5F,08464101
0x00066C53,084661d3
0x00066C63,08218068
0x00066C83,08004020
0x00066CC3,0800c921
0x00066CD0,0809cd3c
0x00066D14,0809cd44
0x00066DEB,08428130
0x000670C7,08434146
0x00067110,0809cd4c
0x0006714B,080e0206
0x00067180,08067180
0x00067184,0806835e
0x00067188,080671b8
0x0006718C,080671da
0x00067190,080671ea
0x00067194,080671fc
0x00067198,08067210
0x0006719C,08067210
0x000671A0,080675e4
0x000671A4,08068090
0x000671A8,080674c0
0x000671AC,08067570
0x000671B0,080681b0
0x000671B4,08068200
0x000671B8,0806822c
0x00067233,08218068
0x00067389,0844517c
0x000674A4,0809cc04
0x000674A8,0809cc10
0x00067570,0809cd50
0x0006778C,0809cc74
0x00067790,0809cc98
0x000677A0,0809ccb4
0x000677A4,0809ccc0
0x000677B0,0809ccdc
0x000677B4,0809cce8
0x000677B8,0809cd04
0x000677BC,0809cd10
0x000677C0,0809cd2c
0x000677C4,0809cd38
0x00067849,080fc81e
0x00067C2F,08490968
0x00067C63,08028921
0x00067CDD,0842931a
0x00067CE7,0840114a
0x00067DAF,08208078
0x00067DE9,081c2024
0x00067E5B,08202002
0x00067EB3,08201002
0x00067F21,08201088
0x00067F33,081c1078
0x00067F45,081c2024
0x00067F77,081c2024
0x00067FD5,081c3100
0x0006802B,08490775
0x000680A6,0852893a
0x000680E5,084915fa
0x0006812C,0809cc74
0x00068130,0809cc98
0x00068147,08208003
0x0006814B,08280040
0x00068163,08200122
0x00068189,08200222
0x00068205,0836019e
0x00068414,0809c8b0
0x0006844F,08209970
0x000684A7,08464070
0x000684C5,084640d1
0x000684CB,0820a970
0x000684D5,082076e0
0x000684F9,084660e0
0x0006853B,082077e0
0x00068571,084660e0
0x000685C7,08188968
0x000686B7,08183f30
0x000686CC,0853d848
0x0006872C,0853d834
0x00068731,08290246
0x000687F7,080e0506
0x0006896F,08182d30
0x0006897F,08466920
0x00068998,0853d848
0x000689EB,08493f4a
0x00068AA3,082000d1
0x00068CD7,08182430
0x00068CE7,08466920
0x00068D00,0853d848
0x00068DAF,08182430
0x00068DBF,08466920
0x00068DD8,0853d848
0x00068DEB,08200149
0x00068E1D,0818a14a
0x00068E31,08200518
0x00068E89,08009b0f
0x00068ED9,080600b5
0x00068EDF,08009b0f
0x00068F14,084c401a
0x00068FCF,08088078
0x00068FD6,08407810
0x00068FD7,08084078
0x00068FE4,0853d910
0x00069017,08014921
0x000690E0,0853d910
0x00069179,08142d04
0x0006923D,08490880
0x00069241,081c104a
0x00069250,0853d910
0x00069280,0853d910
0x000692A5,0812c068
0x000692ED,08211f46
0x000694E4,080b9e94
0x000694EC,080b9f5c
0x00069513,08200149
0x0006952F,08480488
0x00069537,08200049
0x00069567,08492246
0x000696AD,082080d0
0x0006977F,0800c921
0x000697A3,080e0406
0x00069801,084908fe
0x0006982F,082c03d0
0x0006985D,081c20fe
0x0006989B,08040931
0x000698F5,084905d1
0x00069929,0803005e
0x0006992F,08280040
0x00069933,084907d1
0x00069941,08380194
0x0006997F,081c2102
0x00069995,0801c020
0x000699EB,081c2102
0x00069A01,0801c020
0x00069A3D,081c2102
0x00069A53,0801c020
0x00069AA1,0801c020
0x00069ACF,0801c020
0x00069C1B,0801c921
0x00069C21,08280040
0x00069C39,0800c921
0x00069C57,08207f78
0x00069C5F,08428831
0x00069C7F,081c710e
0x00069C85,08008010
0x00069CC7,08490ed0
0x00069F13,08200f88
0x00069F1F,08200018
0x00069F9F,08468198
0x0006A013,0801c020
0x0006A01D,08020020
0x0006A0D3,084290db
0x0006A1AD,0846414b
0x0006A267,0828041c
0x0006A2A7,081bd002
0x0006A489,082602d0
0x0006A4E1,0800c020
0x0006A4F5,0820807a
0x0006A4FF,08207fe0
0x0006A535,084641e1
0x0006A57D,080c0104
0x0006A7BB,08200f68
0x0006A83F,0818894a
0x0006A899,08435000
0x0006A959,082d10d8
0x0006A9A9,0822004b
0x0006A9C9,0822004b
0x0006AA23,08431088
0x0006AAE1,08464170
0x0006AAEB,0831c41c
0x0006AAFB,08310140
0x0006AB0D,08310140
0x0006AB19,08310770
0x0006AB1F,08431823
0x0006AB65,08464170
0x0006ABE3,0846411c
0x0006AD15,08466120
0x0006AD37,080e0206
0x0006AD99,0831ce1c
0x0006AE8D,0831c41c
0x0006AFCF,0831c41c
0x0006AFDB,08465170
0x0006B113,08465170
0x0006B209,08186118
0x0006B2FF,0831ca1c
0x0006B309,0831cb1c
0x0006B311,082000d1
0x0006B50F,08492770
0x0006B59F,0846690b
0x0006B5E9,0846690b
0x0006B618,0812c868
0x0006B688,0812c868
0x0006B793,08010078
0x0006B7C0,0853def0
0x0006B7E5,08490a62
0x0006B80C,0806a7a1
0x0006B823,082b01d0
0x0006B923,08190143
0x0006B96B,08424921
0x0006B977,08004921
0x0006B9D8,0853def0
0x0006BA25,08468a18
0x0006BADF,082903d0
0x0006BB2C,0806bb2c
0x0006BB30,0806bb7c
0x0006BB34,0806bb7c
0x0006BB38,0806bf54
0x0006BB3C,0806bb84
0x0006BB40,0806bb84
0x0006BB44,0806bf54
0x0006BB48,0806bf54
0x0006BB4C,0806bf54
0x0006BB50,0806bf54
0x0006BB54,0806bf54
0x0006BB58,0806bf54
0x0006BB5C,0806bf54
0x0006BB60,0806bf54
0x0006BB64,0806bf54
0x0006BB68,0806bf54
0x0006BB6C,0806bf54
0x0006BB70,0806bf54
0x0006BB74,0806bf54
0x0006BB78,0806bf54
0x0006BB7C,0806bb8c
0x0006BBC4,0853def0
0x0006BBC8,0806bbc8
0x0006BBCC,0806bc2c
0x0006BBD0,0806bde8
0x0006BBD4,0806bde8
0x0006BBD8,0806bde8
0x0006BBDC,0806bde8
0x0006BBE0,0806bc2c
0x0006BBE4,0806bc2c
0x0006BBE8,0806bcb4
0x0006BBEC,0806bd70
0x0006BBF0,0806bd70
0x0006BBF4,0806bde8
0x0006BBF8,0806bde8
0x0006BBFC,0806bde8
0x0006BC00,0806bde8
0x0006BC04,0806bde8
0x0006BC08,0806bde8
0x0006BC0C,0806bde8
0x0006BC10,0806bde8
0x0006BC14,0806bde8
0x0006BC18,0806bde8
0x0006BC1C,0806bde8
0x0006BC20,0806bde8
0x0006BC24,0806bde8
0x0006BC28,0806bde8
0x0006BC2C,0806bd70
0x0006BC35,08310146
0x0006BC85,08280040
0x0006BCBD,08310146
0x0006BD79,08310146
0x0006BEBC,0853def0
0x0006BF15,08424078
0x0006BFD4,0853def0
0x0006C059,08464178
0x0006C081,08010078
0x0006C0A8,0853def0
0x0006C0FD,08020240
0x0006C113,08203ad1
0x0006C2BF,0831d71c
0x0006C2E7,0831d41c
0x0006C333,0831d6d0
0x0006C33B,083801d0
0x0006C3D1,080e0606
0x0006C478,0806c478
0x0006C47C,0806c62c
0x0006C480,0806c568
0x0006C484,0806d1a2
0x0006C488,0806d1a2
0x0006C48C,0806d1a2
0x0006C490,0806d1a2
0x0006C494,0806d1a2
0x0006C498,0806d1a2
0x0006C49C,0806d1a2
0x0006C4A0,0806cc50
0x0006C4A4,0806cb04
0x0006C4A8,0806d124
0x0006C4AC,0806d1a2
0x0006C4B0,0806d124
0x0006C4B4,0806cce8
0x0006C4B8,0806d1a2
0x0006C4BC,0806d1a2
0x0006C4C0,0806cb9c
0x0006C4C4,0806c62c
0x0006C4C8,0806d1a2
0x0006C4CC,0806d1a2
0x0006C4D0,0806c62c
0x0006C4D4,0806d1a2
0x0006C4D8,0806d098
0x0006C4DC,0806d1a2
0x0006C4E0,0806d1a2
0x0006C4E4,0806cce8
0x0006C4E8,0806cd60
0x0006C4EC,0806cdd4
0x0006C4F0,0806ce4c
0x0006C4F4,0806cec0
0x0006C4F8,0806cf38
0x0006C4FC,0806cfac
0x0006C500,0806d024
0x0006C504,0806d1a2
0x0006C508,0806d1a2
0x0006C50C,0806d1a2
0x0006C510,0806d1a2
0x0006C514,0806d1a2
0x0006C518,0806d1a2
0x0006C51C,0806d1a2
0x0006C520,0806d1a2
0x0006C524,0806d1a2
0x0006C528,0806d1a2
0x0006C52C,0806d1a2
0x0006C530,0806d1a2
0x0006C534,0806d1a2
0x0006C538,0806d1a2
0x0006C53C,0806d1a2
0x0006C540,0806d1a2
0x0006C544,0806d1a2
0x0006C548,0806d1a2
0x0006C54C,0806d1a2
0x0006C550,0806d1a2
0x0006C554,0806d1a2
0x0006C558,0806d1a2
0x0006C55C,0806d1a2
0x0006C560,0806d124
0x0006C564,0806d124
0x0006C568,0806d124
0x0006C77D,081c3088
0x0006C797,0818510b
0x0006C7CC,08000a65
0x0006C7D5,081c3088
0x0006C7E1,081c1801
0x0006C7ED,081c1000
0x0006C81C,08000a93
0x0006C82B,0800a424
0x0006C839,0818894a
0x0006C8BC,0800175d
0x0006C8C4,0812c874
0x0006C978,0800175d
0x0006C97C,0812c874
0x0006C984,0812c880
0x0006C988,0800177d
0x0006CA30,0800177d
0x0006CA44,0812c880
0x0006CAFC,0812c880
0x0006D1AF,08200018
0x0006D1B3,08465170
0x0006D23C,0806d23c
0x0006D240,0806d28c
0x0006D244,0806d418
0x0006D248,0806d418
0x0006D24C,0806d418
0x0006D250,0806d418
0x0006D254,0806d418
0x0006D258,0806d418
0x0006D25C,0806d418
0x0006D260,0806d418
0x0006D264,0806d3e8
0x0006D268,0806d418
0x0006D26C,0806d418
0x0006D270,0806d28c
0x0006D274,0806d34c
0x0006D278,0806d2c0
0x0006D27C,0806d376
0x0006D280,0806d2f4
0x0006D284,0806d3a0
0x0006D288,0806d326
0x0006D28C,0806d3ca
0x0006D587,08466120
0x0006D5B5,080e0606
0x0006D67D,08190118
0x0006D6E7,08008018
0x0006D6FB,080c0204
0x0006D79B,080c0204
0x0006D7B8,0806d7b8
0x0006D7BC,0806d7d4
0x0006D7C0,0806d846
0x0006D7C4,0806d7f2
0x0006D7C8,0806d846
0x0006D7CC,0806d7fc
0x0006D7D0,0806d820
0x0006D7D4,0806d832
0x0006D867,080e0c06
0x0006D890,0806d890
0x0006D894,0806d8ac
0x0006D898,0806d8ba
0x0006D89C,0806d8c8
0x0006D8A0,0806d8d6
0x0006D8A4,0806d8e4
0x0006D8A8,0806d8f2
0x0006D9A5,08468849
0x0006D9AC,085429bc
0x0006D9B0,085450e8
0x0006D9EB,08464170
0x0006DA3B,08464172
0x0006DA51,08464981
0x0006DB3C,08542ea8
0x0006DB40,08545158
0x0006DB49,08085459
0x0006DC7C,0806dc7c
0x0006DC80,0806dca4
0x0006DC84,0806dd86
0x0006DC88,0806dcc8
0x0006DC8C,0806dce8
0x0006DC8D,080806dc
0x0006DC90,0806dd08
0x0006DC94,0806dd86
0x0006DC98,0806dd28
0x0006DC9C,0806dd86
0x0006DCA0,0806dd48
0x0006DCA4,0806dd68
0x0006E21D,08188146
0x0006E250,0812ee10
0x0006E357,08424878
0x0006E4F3,08200131
0x0006E51D,081c1902
0x0006E564,08001c1f
0x0006E578,0812ee1c
0x0006E57C,0812ee28
0x0006E594,0812ee34
0x0006E5A0,0812ee40
0x0006E5B1,08424878
0x0006E64B,08200131
0x0006E671,0843021c
0x0006E7E0,0812ee1c
0x0006E7E4,0812ee28
0x0006E7F0,0812ee34
0x0006E80C,0812ee40
0x0006E810,08001c5b
0x0006E868,0806e868
0x0006E86C,0806e884
0x0006E870,0806e884
0x0006E874,0806e898
0x0006E878,0806e8c8
0x0006E87C,0806e8e4
0x0006E880,0806e8f8
0x0006E884,0806e90c
0x0006EA31,0846611c
0x0006EA39,081991d1
0x0006EA95,08490720
0x0006EAD8,0806e959
0x0006EB8F,08200019
0x0006EBF9,08200019
0x0006EC33,08200722
0x0006EC61,082c0060
0x0006EC91,082000da
0x0006ECBB,08270046
0x0006ED43,08480680
0x0006ED7B,082101d1
0x0006EDCD,081c3a21
0x0006EE00,0812ee4c
0x0006EE04,0812ee60
0x0006EE20,0812ee68
0x0006EE28,0812ee70
0x0006EE30,0812ee78
0x0006EE48,0812ee80
0x0006EE73,08200168
0x0006EE7D,08200ee0
0x0006EE7F,08400820
0x0006EE94,0812ee88
0x0006EE98,0806ee98
0x0006EEA0,0806f05e
0x0006EEA8,0806f05e
0x0006EEAC,0806eecc
0x0006EEB0,0806f05e
0x0006EEB4,0806eff8
0x0006EEB8,0806f05e
0x0006EEBC,0806f00c
0x0006EEC4,0812ee90
0x0006EECC,0812ee98
0x0006EECF,08464108
0x0006EEE8,0806eee8
0x0006EEF0,0806f05e
0x0006EEF4,0806f05e
0x0006EEF8,0806f05e
0x0006EEFC,0806f05e
0x0006EF00,0806f05e
0x0006EF04,0806f05e
0x0006EF0C,0806f05e
0x0006EF10,0806f05e
0x0006EF14,0806f05e
0x0006EF18,0806f05e
0x0006EF1C,0806f05e
0x0006EF28,0806f05e
0x0006EF2C,0806f05e
0x0006EF30,0806f05e
0x0006EF34,0806f05e
0x0006EF3C,0806f05e
0x0006EF40,0806f05e
0x0006EF44,0806f05e
0x0006EF48,0806f05e
0x0006EF4C,0806f05e
0x0006EF50,0806f05e
0x0006EF54,0806f05e
0x0006EF58,0806f05e
0x0006EF5C,0806f05e
0x0006EF60,0806f05e
0x0006EF64,0806f05e
0x0006EF68,0806f05e
0x0006EF6C,0806f05e
0x0006EF70,0806f05e
0x0006EF74,0806f05e
0x0006EF78,0806f05e
0x0006EF7C,0806f05e
0x0006EF80,0806f05e
0x0006EF84,0806f05e
0x0006EF88,0806f05e
0x0006EF8C,0806f05e
0x0006EF90,0806f05e
0x0006EF94,0806f05e
0x0006EF98,0806f05e
0x0006EF9C,0806f05e
0x0006EFA0,0806f05e
0x0006EFA4,0806f05e
0x0006EFA8,0806f05e
0x0006EFAC,0806f05e
0x0006EFB0,0806f05e
0x0006EFB4,0806f05e
0x0006EFB8,0806f05e
0x0006EFBC,0806f05e
0x0006EFC0,0806f05e
0x0006EFC4,0806f05e
0x0006EFC8,0806f05e
0x0006EFD8,0812eea0
0x0006EFE0,0812eea8
0x0006EFE8,0812eeb0
0x0006EFF0,0812eeb8
0x0006EFF8,0812eec0
0x0006F00C,0812eec8
0x0006F020,0812eed0
0x0006F025,08400120
0x0006F040,0812eed0
0x0006F100,0812eed8
0x0006F104,08599280
0x0006F108,0812eee0
0x0006F10C,0812eee8
0x0006F188,0812c8b0
0x0006F190,0812d134
0x0006F198,0812d2c0
0x0006F19C,0812d2ec
0x0006F1B7,0831ffda
0x0006F1D9,0838d81c
0x0006F205,0838701c
0x0006F257,0818d14b
0x0006F354,0812d0b4
0x0006F358,0812d124
0x0006F37D,08010948
0x0006F3E7,084800d1
0x0006F3EC,0812eef0
0x0006F40C,0812eefc
0x0006F40D,080812ee
0x0006F438,0812ef10
0x0006F4EC,0806f4ec
0x0006F4F0,0806f504
0x0006F4F4,0806f504
0x0006F4FC,0806f530
0x0006F500,0806f552
0x0006F504,0806f544
0x0006F50F,08424921
0x0006F528,08599634
0x0006F530,0812ef24
0x0006F544,0812ef2c
0x0006F5B0,0812ef34
0x0006F5F5,08200f88
0x0006F631,08200f88
0x0006F66D,08200f88
0x0006F6AB,08200f88
0x0006F6C3,084805d0
0x0006F6D1,08402020
0x0006F775,0846a146
0x0006F78D,08004921
0x0006F7C7,08188146
0x0006F7D1,0832c41c
0x0006F813,08445143
0x0006F855,08444949
0x0006F85F,08434146
0x0006F95C,0845854c
0x0006F960,08458558
0x0006F964,0812c8a0
0x0006F968,0812c8ac
0x0006F9E7,08188146
0x0006F9F1,0832c41c
0x0006FA37,08445143
0x0006FA5D,081c1000
0x0006FB23,08490700
0x0006FB4F,082a03d0
0x0006FB93,082a03e0
0x0006FBC1,082000fc
0x0006FC5B,08424843
0x0006FC85,08200f88
0x0006FCAD,08200f88
0x0006FCCF,08200f88
0x0006FCF5,082000fc
0x0006FEB7,08400620
0x0006FF30,0806ff30
0x0006FF34,0806ffe8
0x0006FF38,0807029c
0x0006FF3C,0807029c
0x0006FF40,0807029c
0x0006FF44,0807029c
0x0006FF48,0807029c
0x0006FF4C,0807029c
0x0006FF50,0807029c
0x0006FF58,0807029c
0x0006FF5C,0807029c
0x0006FF60,0807029c
0x0006FF64,0807029c
0x0006FF68,0807029c
0x0006FF6C,0807029c
0x0006FF70,0807029c
0x0006FF74,0807029c
0x0006FF78,0807029c
0x0006FF7C,0807029c
0x0006FF80,0807029c
0x0006FF84,0807029c
0x0006FF88,0807029c
0x0006FF8C,0807029c
0x0006FF90,0807003c
0x0006FF94,0807029c
0x0006FF98,0807029c
0x0006FF9C,0807029c
0x0006FFA0,0807029c
0x0006FFA4,08070058
0x0006FFA8,0807029c
0x0006FFAC,0807029c
0x0006FFB0,080701b8
0x0006FFB4,0807029c
0x0006FFB8,0807029c
0x0006FFBC,0807029c
0x0006FFC0,0807029c
0x0006FFC4,0807029c
0x0006FFC8,0807029c
0x0006FFCC,0807029c
0x00070027,080e0506
0x000701E7,0828041c
0x000702A9,08445199
0x000702D1,08014020
0x00070329,08444146
0x0007038F,08400620
0x000703E3,08490e71
0x000703EB,081c1901
0x00070401,0846800e
0x00070443,081c5940
0x00070489,08184246
0x00070525,08466118
0x0007052F,084649d0
0x0007059D,08195219
0x00070665,08208078
0x00070688,08599634
0x00070690,0859937c
0x00070697,08424921
0x000706E1,08491f48
0x0007072D,08445119
0x00070754,08463b38
0x0007075C,08463ffc
0x00070765,0802026b
0x0007076C,08464034
0x00070770,08464040
0x00070813,0840204c
0x00070835,08402068
0x0007084B,08008020
0x00070853,08402068
0x00070873,08028921
0x00070897,08432868
0x00070948,0812ef3c
0x00070994,0812ef4c
0x000709A4,080709a4
0x000709A8,08070a3c
0x000709AC,08070c60
0x000709B0,08070c60
0x000709B4,08070c60
0x000709B8,08070c60
0x000709BC,08070a90
0x000709C0,08070c60
0x000709C4,08070ab8
0x000709C8,08070a3c
0x000709CC,08070a3c
0x000709D0,08070c60
0x000709D4,08070c60
0x000709D8,08070c60
0x000709DC,08070c60
0x000709E0,08070c60
0x000709E4,08070c60
0x000709E8,08070af0
0x000709EC,08070b1c
0x000709F0,08070c60
0x000709F4,08070a3c
0x000709F8,08070a3c
0x000709FC,08070c60
0x00070A00,08070c60
0x00070A04,08070a3c
0x00070A08,08070a3c
0x00070A0C,08070a90
0x00070A10,08070c60
0x00070A14,08070af0
0x00070A1C,08070b1c
0x00070A24,08070b48
0x00070A2C,08070b74
0x00070A30,08070b98
0x00070A34,08070bd8
0x00070A38,08070bfc
0x00070A3C,08070c30
0x00070A84,0812ef5c
0x00070A8C,0812ef68
0x00070AB4,0812ef6c
0x00070AE8,0812ef7c
0x00070AF0,0812ef8c
0x00070B10,0812ef90
0x00070B1C,0812ef90
0x00070B3C,0812efa0
0x00070B48,0812efa0
0x00070B68,0812efac
0x00070B74,0812efac
0x00070B94,0812efb8
0x00070BD0,0812efb8
0x00070BD8,0812ef78
0x00070BF8,0812efc4
0x00070C2C,0812efc4
0x00070C93,08208078
0x00070CC5,08207f78
0x00070CD7,08208078
0x00070CF5,084820d0
0x00070D58,0812efd4
0x00070D60,0812ef78
0x00070D68,0812efe0
0x00070D6C,0812efec
0x00070D70,0812eff4
0x00070D78,0812f000
0x00070D7C,0812f00c
0x00070D80,0812f014
0x00070DBF,0819314c
0x00070DE1,0818814a
0x00070DE9,083801d0
0x00070E70,08000bcd
0x00070E71,0808000b
0x00070F68,08000b9a
0x00070F6C,08599280
0x00071003,08220092
0x00071014,08464034
0x00071018,08464040
0x000710DC,08458510
0x000710E0,0845851c
0x000710E4,084584d4
0x000710E8,084584e0
0x0007116D,08208078
0x000711C4,085a6d04
0x0007125D,08028921
0x00071281,08491168
0x00071298,085a7c50
0x000712A0,0812f020
0x000712A4,0812f02c
0x000712A8,08000bc9
0x000712BC,08000bf5
0x000712C4,08000c2e
0x00071408,08000ca4
0x00071460,08000cc7
0x0007147D,08444848
0x000714DF,08431868
0x00071528,08000c34
0x000715B1,08431868
0x000715DC,08000c6c
0x00071668,080012f0
0x000716C4,080012f0
0x000716C7,08380108
0x0007181F,080e0706
0x00071990,0853def0
0x00071A04,08001326
0x00071A14,08001356
0x00071A20,08001391
0x00071A30,080013c3
0x00071A3C,08001428
0x00071A48,080013f3
0x00071A5C,080012fa
0x00071AE4,0853def0
0x00071B08,080015fc
0x00071BC5,08480896
0x00071BE8,0812d2f0
0x00071BF0,08001465
0x00071C01,0818c04b
0x00071CD3,08014020
0x00071CD7,08280040
0x00071CDB,08203fd0
0x00071D37,08203fe0
0x00071D64,08071d64
0x00071D68,08071dfc
0x00071D6C,08071e74
0x00071D70,08071e74
0x00071D74,08071e74
0x00071D78,08071e74
0x00071D7C,08071e06
0x00071D80,08071e74
0x00071D84,08071e74
0x00071D88,08071e74
0x00071D8C,08071e74
0x00071D90,08071e74
0x00071D94,08071e74
0x00071D98,08071e74
0x00071D9C,08071e74
0x00071DA0,08071e74
0x00071DA4,08071e74
0x00071DA8,08071e74
0x00071DAC,08071e74
0x00071DB0,08071e74
0x00071DB4,08071dfc
0x00071DB8,08071dfc
0x00071DBC,08071e74
0x00071DC0,08071e74
0x00071DC4,08071e74
0x00071DC8,08071e74
0x00071DCC,08071e06
0x00071DD0,08071e74
0x00071DD4,08071e0a
0x00071DD8,08071e14
0x00071DDC,08071e1e
0x00071DE0,08071e28
0x00071DE4,08071e30
0x00071DE8,08071e3a
0x00071DEC,08071e44
0x00071DF0,08071e4e
0x00071DF4,08071e58
0x00071DF8,08071e62
0x00071DFC,08071e6c
0x00071E93,08188143
0x00071F09,08311444
0x00071F50,0812d964
0x00071F54,0812d9d4
0x00071F60,08071f60
0x00071F64,08071f80
0x00071F68,08071fac
0x00071F6C,08071fc8
0x00071F70,08071fe4
0x00071F74,08072000
0x00071F78,0807201c
0x00071F7C,0807204c
0x00071F80,08072078
0x00071FAC,0812f034
0x00071FC8,0812f040
0x00071FE4,0812f054
0x00072000,0812f060
0x0007201C,0812f074
0x0007204C,0812f088
0x00072078,0812f09c
0x000720F4,0812f0a8
0x00072105,082010e0
0x000721AC,08001495
0x00072228,08001499
0x0007222C,080014b4
0x00072321,084911e0
0x00072370,0800177d
0x000723CC,0812f0bc
0x000723D4,0800177d
0x000723F5,08182e48
0x000724A5,084916fa
0x000724F8,0853def0
0x00072504,0812f0bc
0x0007250C,0800177d
0x00072550,0812f0bc
0x00072553,08492708
0x000725FC,0800177d
0x000726F4,0800177d
0x00072737,08490e00
0x0007277C,0800177d
0x00072789,08194918
0x00072791,082000d1
0x000727F7,082000d1
0x00072844,0812f0c8
0x00072A5C,0853def0
0x00072A68,0812f0c8
0x00072AC3,08490af8
0x00072ADC,0812f0c8
0x00072B33,08480700
0x00072B50,0812f0d4
0x00072B58,0812f0e0
0x00072BE8,0812f0d4
0x00072BF0,0812f0e0
0x00072C00,0800177d
0x00072CE5,084907d0
0x00072D00,0812f0ec
0x00072DA5,084914f8
0x00072DF0,0853def0
0x00072DFC,0812f0ec
0x00072E04,0800177d
0x00072E78,0812f0ec
0x00072E97,0843411c
0x00072EAB,08030921
0x00072F03,08028921
0x00072F40,0853df70
0x00072F9B,08445100
0x00072FB9,08290346
0x00072FC8,08072e81
0x00072FCC,0853df90
0x0007303F,08490668
0x00073050,0812c8b0
0x000730D8,0800175d
0x000730DC,0812f0f8
0x000730E0,0800177d
0x00073274,08009c35
0x00073280,0859aa5c
0x00073284,0859d214
0x00073288,0859e920
0x0007328C,0812f00c
0x0007328D,080812f0
0x00073290,0812f108
0x00073294,0812f134
0x000732C3,084906b0
0x000732CE,08407800
0x000732D6,08477800
0x000733F9,084286e1
0x000735D5,0843411c
0x000736FB,08490600
0x0007375D,08481288
0x00073799,08444118
0x00073854,0800096c
0x00073858,0812f170
0x00073874,0812f178
0x000738C0,08000990
0x000738C9,08200018
0x00073A24,080009c9
0x00073A38,080009e7
0x00073A39,08080009
0x00073A48,08000a08
0x00073A59,082700d1
0x00073AA4,08000994
0x00073AB4,08001499
0x00073AB8,080014b4
0x00073B28,08073b28
0x00073B2C,08073b3c
0x00073B30,08074160
0x00073B34,08073b44
0x00073B38,08073b4c
0x00073B3C,08073b54
0x00073B78,08001499
0x00073B7C,080014b4
0x00073B9C,08000a34
0x00073BED,08006148
0x00073BF7,084815d0
0x00073CA1,08006148
0x00073CC0,0853def0
0x00073CCC,08000a65
0x00073CCF,08480c08
0x00073CD5,081c1088
0x00073D08,08000a93
0x00073DB4,08001499
0x00073DB8,080014b4
0x00073E14,0853def0
0x00073E34,08000adc
0x00073E54,08000b1d
0x00073F10,08000abb
0x00073F14,0809cc74
0x00073F18,0809cc98
0x00073F23,08464002
0x00073F8D,08028921
0x00073F95,08490968
0x00073FA9,08428889
0x00074007,08201002
0x00074074,08000ad8
0x000740C4,08001499
0x000740C8,080014b4
0x00074100,08001499
0x00074104,080014b4
0x00074130,08000b7e
0x00074131,0808000b
0x00074141,082701d1
0x00074158,08000b5c
0x000741B4,08001495
0x00074298,0800175d
0x0007429C,0800177d
0x000742DC,0800175d
0x000742E4,0812f180
0x00074388,0800175d
0x0007438C,0800177d
0x000743C8,0800175d
0x000743D0,0812f180
0x000743D4,0800177d
0x000744C3,08188943
0x00074519,08200018
0x00074574,08001565
0x00074578,0800156d
0x000745C1,082000d0
0x0007461B,08208088
0x000746FB,08201088
0x00074711,082001d0
0x000747DC,0853def0
0x000747E0,08001596
0x00074818,080015c4
0x0007481C,080015f6
0x000748A4,0800175d
0x000748AC,0812f18c
0x0007490C,0800175d
0x00074914,0812f18c
0x00074918,0800177d
0x00074967,08188943
0x00074B30,080014ba
0x00074B35,08020268
0x00074B38,08001508
0x00074B40,08001500
0x00074B44,08001525
0x00074BEC,08001528
0x00074BF1,08020268
0x00074BF4,08001508
0x00074BFC,08001500
0x00074C04,08001525
0x00074C6C,08001499
0x00074C70,080014b4
0x00074CD1,08200019
0x00074E2C,08599280
0x00074E3C,08001561
0x00074E73,081c1801
0x00074F60,08001781
0x00074F64,080017b1
0x00074F80,0812f198
0x00074FE4,0812f1b8
0x00074FE8,0812f1d0
0x00074FEC,0812f1d8
0x000750DC,08407800
0x000750E2,08497809
0x00075241,08188068
0x00075435,082000d0
0x00075481,08280040
0x000754F3,0818804a
0x0007550D,0801c020
0x00075599,08401020
0x000755A9,0844549c
0x000755C3,08401020
0x00075607,08444149
0x0007565D,080d4006
0x000756BD,0820c078
0x000756D5,08207f78
0x0007593B,0800c921
0x00075981,08020240
0x000759EB,084641e0
0x00075A17,08465118
0x00075B35,0804110c
0x00075B67,084691b0
0x00075C10,0853dfb0
0x00075C2D,082001a9
0x00075CC7,08400121
0x00075DBF,08400121
0x00075E21,08208078
0x00075E2B,08207fe0
0x00075EB3,084641e0
0x00075FBF,08464127
0x000767C9,08444900
0x000767E3,08444900
0x00076819,08444900
0x00076949,08464120
0x00076B95,0846491c
0x00076BA1,0846491c
0x00076CCD,082100d1
0x00076CEF,082000b0
0x00076D2F,0844611c
0x00076DF9,08491a68
0x00076F44,08076f44
0x00076F48,08077040
0x00076F4C,0807706c
0x00076F50,080770d0
0x00076F54,08077556
0x00076F58,0807711a
0x00076F5C,0807718c
0x00076F60,080771b0
0x00076F64,0807764e
0x00076F68,08077556
0x00076F6C,08077556
0x00076F70,08077214
0x00076F74,0807726e
0x00076F78,08077282
0x00076F7C,0807729a
0x00076F80,080773b4
0x00076F84,08077556
0x00076F88,080773f2
0x00076F8C,08077564
0x00076F90,08077532
0x00076F94,08077458
0x00076F98,080774b4
0x00076F9C,08077556
0x00076F9D,08080775
0x00076FA0,08077508
0x00076FA4,08077514
0x00076FA8,08077556
0x00076FAC,0807718c
0x00076FB0,0807764e
0x00076FB4,0807742e
0x00076FB8,08077444
0x00076FBC,08077564
0x00076FC0,08077564
0x00076FC4,08077564
0x00076FC8,08077564
0x00076FCC,08077564
0x00076FD0,08077564
0x00076FD4,08077564
0x00076FD8,08077564
0x00076FDC,08077590
0x00076FE0,0807764e
0x00076FE4,0807764e
0x00076FE8,0807764e
0x00076FEC,0807764e
0x00076FF0,0807764e
0x00076FF4,0807764e
0x00076FF8,0807764e
0x00076FFC,0807764e
0x00077000,0807764e
0x00077004,0807764e
0x00077008,0807764e
0x0007700C,0807764e
0x00077010,0807764e
0x00077014,0807764e
0x00077018,0807764e
0x0007701C,0807764e
0x00077020,0807764e
0x00077024,0807764e
0x00077028,0807764e
0x0007702C,0807764e
0x00077030,0807764e
0x00077034,0807764e
0x00077038,0807764e
0x0007703C,0807764e
0x00077040,0807755c
0x000770BF,0818894a
0x000770EB,08469122
0x00077203,0819494d
0x00077377,084649fe
0x0007756B,08014020
0x0007773D,08480990
0x000777FC,08009980
0x0007785B,08380178
0x00077878,08077878
0x0007787C,0807789c
0x00077880,08077904
0x00077884,08077924
0x00077888,08077994
0x0007788C,080779b4
0x00077890,080779d4
0x00077894,080779ec
0x00077898,08077a78
0x0007789C,08077afc
0x000778BB,08208068
0x000778E9,08208068
0x00077A2F,08208068
0x00077A4F,08188068
0x00077AB5,08208068
0x00077B27,08428178
0x00077B33,08446146
0x00077B49,084649e6
0x00077BFC,0812f1e4
0x00077C05,084649fd
0x00077CB7,08220090
0x00077D48,0846443c
0x00077D4C,08464454
0x00077E07,08499348
0x00077F27,08485afc
0x00077F9D,08218068
0x00078048,0812f1fc
0x0007804C,08599280
0x00078050,0812f20c
0x00078054,08458574
0x00078058,08458580
0x00078064,0845859c
0x00078068,084585a8
0x0007806C,0845854c
0x00078070,08458558
0x00078074,084584d4
0x00078078,084584e0
0x0007807C,0809cc74
0x00078080,0809cc98
0x00078084,085a5ab8
0x00078088,0812f214
0x0007808C,0812f21c
0x00078090,0812f228
0x00078094,0812f234
0x0007809C,0812f23c
0x000780F7,08499afc
0x000780F9,08200849
0x000782D3,081c104a
0x0007831D,08424921
0x0007835C,0812f23c
0x00078368,0812f240
0x0007836C,0812f248
0x00078370,0812f250
0x00078374,0812f258
0x00078378,0812f25c
0x0007837C,0812f264
0x00078380,0812f26c
0x00078396,08000201
0x0007839A,08000600
0x0007839D,08010008
0x000783D3,08431002
0x000783DB,08431068
0x00078459,08424921
0x00078478,085ae3e0
0x0007847C,085a65ec
0x00078480,085a65c8
0x00078587,084651d0
0x000785A1,0840104a
0x000785C8,085ae3d8
0x000785DD,08008020
0x00078601,08004020
0x0007868B,08480988
0x000786EB,08491902
0x00078715,08010088
0x0007872B,08028921
0x00078787,08424840
0x000787CD,08200f89
0x000787D9,08020020
0x0007883C,085a73e0
0x0007889C,085a6d04
0x000788A0,0812f20c
0x000788C8,085aaedc
0x00078910,085aa180
0x00078974,0812f264
0x00078978,0812f26c
0x000789F0,0845854c
0x000789F4,08458558
0x00078A00,084584d4
0x00078A04,084584e0
0x00078AF7,08494648
0x00078BB7,08311444
0x00078C04,0812f274
0x00078C08,08599280
0x00078C10,08458574
0x00078C14,08458580
0x00078C20,0845859c
0x00078C24,084585a8
0x00078C2C,08463b38
0x00078C34,08463ffc
0x00078C3C,080786b5
0x00078C40,08464034
0x00078C44,08464040
0x00078C57,081c1000
0x00078C77,082708e0
0x00078C8F,08431046
0x00078C97,08431068
0x00078D1F,081c3088
0x00078D41,08402868
0x00078D49,08402868
0x00078D5D,080000ff
0x00078D6B,08431046
0x00078D73,08431068
0x00078D7B,08431068
0x00078DA3,081c1000
0x00078E9B,08010088
0x00078EB5,08028921
0x00078F5B,08020020
0x00078F69,08481988
0x00078FA7,08280040
0x0007900C,085a7c50
0x00079040,085ac890
0x0007910C,085a57c4
0x00079110,0812f280
0x00079118,085a7c50
0x0007914C,085ac890
0x0007921B,08494d48
0x000792DD,08311444
0x00079348,0812f288
0x0007934C,08599280
0x00079350,08458574
0x00079354,08458580
0x00079360,0845859c
0x00079364,084585a8
0x0007936C,08463b38
0x00079374,08463ffc
0x0007937C,08078e39
0x00079380,08464034
0x00079384,08464040
0x0007939B,081c1000
0x000793D5,08220888
0x000793D7,08200822
0x000793E1,081c104a
0x000793EB,08403068
0x000793F3,08403068
0x00079405,080000ff
0x00079411,08432868
0x00079419,08432868
0x00079421,08432868
0x00079445,081c1000
0x00079473,084649fc
0x000794CD,080e1406
0x00079545,08200049
0x00079585,08042946
0x00079595,08469136
0x000795B0,08457d3c
0x000795B8,08457ea8
0x000795F5,0804291c
0x000796A8,085a7060
0x000796B8,085a7060
0x000796C8,085a7060
0x000796D8,085a7060
0x000796E4,0859937c
0x00079704,08599634
0x00079730,08599634
0x000797A9,082a001a
0x00079855,08428148
0x00079955,0800ba49
0x00079977,08428118
0x00079AB0,08599b1c
0x00079AB8,080042b5
0x00079B74,080042bd
0x00079B78,080042c2
0x00079B7C,08599b1c
0x00079B84,080042b5
0x00079C4F,08200031
0x00079D81,08184118
0x00079D95,08182148
0x00079DED,08400820
0x00079E77,08431022
0x00079E85,08431078
0x00079F39,0818a14a
0x0007A05B,0818e14b
0x0007A06B,08182148
0x0007A073,082000d1
0x0007A0E1,0818e13b
0x0007A0E7,08431022
0x0007A0ED,0818e133
0x0007A0F1,08431078
0x0007A0F7,08182148
0x0007A0FB,08431078
0x0007A181,0818e14b
0x0007A191,0818a14a
0x0007A1A9,084905d3
0x0007A239,0818e13b
0x0007A23F,08431022
0x0007A245,0818e133
0x0007A249,08431078
0x0007A24F,08182148
0x0007A253,08431078
0x0007A2ED,0818e14b
0x0007A2FD,08182148
0x0007A305,082000d1
0x0007A361,08200018
0x0007A3FB,084d0703
0x0007A465,084917d1
0x0007A585,08480a88
0x0007A597,08480588
0x0007A603,0819184c
0x0007A6D9,0846411c
0x0007A749,08468878
0x0007A799,08465170
0x0007A7F7,08208078
0x0007A900,08599280
0x0007A908,0812f294
0x0007A913,08208002
0x0007A941,08218043
0x0007A96F,08201f19
0x0007A9A5,0800005a
0x0007A9A7,08490800
0x0007A9BF,081c2901
0x0007A9E9,08480c19
0x0007AB04,0853d910
0x0007AB11,0802026b
0x0007AB2C,0807a34d
0x0007ABEC,0800159a
0x0007AD57,08424921
0x0007AD73,08028921
0x0007AD7B,08490e68
0x0007AE58,0807ae58
0x0007AE68,0807aefc
0x0007AE6C,0807af46
0x0007AE70,0807af84
0x0007AE74,0807afc6
0x0007AE78,0807b010
0x0007AEA3,082000e0
0x0007AEDD,082000e0
0x0007AF33,082101d1
0x0007AF5D,082302d1
0x0007AFDD,082304d1
0x0007B009,0808596c
0x0007B055,0808596c
0x0007B061,0846b849
0x0007B09D,08464990
0x0007B0C7,081c1090
0x0007B150,0807ac41
0x0007B158,0807b158
0x0007B168,0807b1b2
0x0007B16C,0807b1b6
0x0007B170,0807b1d0
0x0007B174,0807b1ea
0x0007B178,0807b206
0x0007B17B,08210008
0x0007B18D,082300e0
0x0007B19F,082000e0
0x0007B27C,08596f0c
0x0007B284,0807ac41
0x0007B29D,0818894a
0x0007B2C3,08330c1c
0x0007B2D3,08432068
0x0007B30D,08402068
0x0007B41F,08200144
0x0007B5D5,08464978
0x0007B7C9,08466185
0x0007B968,0807b968
0x0007B969,080807b9
0x0007B96C,0807bb08
0x0007B970,0807beb0
0x0007B974,0807beb0
0x0007B978,0807beb0
0x0007B97C,0807beb0
0x0007B980,0807beb0
0x0007B984,0807b9c0
0x0007B988,0807beb0
0x0007B98C,0807beb0
0x0007B990,0807beb0
0x0007B994,0807beb0
0x0007B998,0807beb0
0x0007B99C,0807bc6c
0x0007B9A0,0807beb0
0x0007B9A4,0807beb0
0x0007B9A8,0807beb0
0x0007B9AC,0807beb0
0x0007B9B0,0807beb0
0x0007B9B4,0807bce8
0x0007B9B8,0807beb0
0x0007B9BC,0807beb0
0x0007B9C0,0807bce8
0x0007BA77,084641fb
0x0007BBEF,084669f9
0x0007BE21,0820c089
0x0007BE29,08203fd1
0x0007BE8D,08200123
0x0007BEBB,08400120
0x0007BED0,0807bed0
0x0007BED4,0807bef4
0x0007BED8,0807c096
0x0007BEDC,0807bfe0
0x0007BEE0,0807c096
0x0007BEE4,0807bfe0
0x0007BEE8,0807c096
0x0007BEEC,0807bfe0
0x0007BEF0,0807c096
0x0007BEF4,0807bef4
0x0007C0E4,0848d107
0x0007C141,08424921
0x0007C22B,084669fe
0x0007C24D,08141b02
0x0007C2B1,08141b02
0x0007C40F,0818804a
0x0007C4E9,08464168
0x0007C638,0807b8b9
0x0007C6B7,08203b68
0x0007C7C8,080015b0
0x0007C7CC,0807c639
0x0007C7D0,080015ba
0x0007C99B,08208088
0x0007CABC,0807cabc
0x0007CAC0,0807cbb8
0x0007CAC4,0807dca4
0x0007CAC8,0807dca4
0x0007CACC,0807dca4
0x0007CAD0,0807dca4
0x0007CAD8,0807dca4
0x0007CAE0,0807dca4
0x0007CAE4,0807dca4
0x0007CAE8,0807dca4
0x0007CAEC,0807dca4
0x0007CAF0,0807dca4
0x0007CAF4,0807cd3c
0x0007CAFC,0807dca4
0x0007CB0C,0807cbb8
0x0007CB10,0807cbb8
0x0007CB14,0807dca4
0x0007CB18,0807dca4
0x0007CB1C,0807dca4
0x0007CB20,0807dca4
0x0007CB28,0807dca4
0x0007CB68,0807dca4
0x0007CB6C,0807dca4
0x0007CB70,0807dca4
0x0007CB74,0807dca4
0x0007CB78,0807dca4
0x0007CB7C,0807dca4
0x0007CB80,0807dca4
0x0007CB84,0807dca4
0x0007CB88,0807dca4
0x0007CB8C,0807dca4
0x0007CB90,0807dca4
0x0007CB94,0807dca4
0x0007CB98,0807dca4
0x0007CB9C,0807dca4
0x0007CBA0,0807dca4
0x0007CBA4,0807dca4
0x0007CBA8,0807dca4
0x0007CBAC,0807dca4
0x0007CBB0,0807dca4
0x0007CBB4,0807dca4
0x0007CBEF,08009a9b
0x0007CBFB,08004079
0x0007CC5D,0842825f
0x0007CC7F,08004079
0x0007D205,08192c78
0x0007D243,084c27d1
0x0007D2BB,08490afa
0x0007D2D7,081bc0dd
0x0007D875,08490b14
0x0007D883,08004279
0x0007D89D,08198088
0x0007D8DF,08431020
0x0007D99B,084c37d1
0x0007DA59,081c02e1
0x0007DCDC,0807dcdc
0x0007DCE0,0807dd2c
0x0007DCE4,0807dd2c
0x0007DCE8,0807dd42
0x0007DCEC,0807dd34
0x0007DCF0,0807dd34
0x0007DCF4,0807dd42
0x0007DCF8,0807dd42
0x0007DCFC,0807dd42
0x0007DD00,0807dd42
0x0007DD04,0807dd42
0x0007DD08,0807dd42
0x0007DD0C,0807dd42
0x0007DD10,0807dd42
0x0007DD14,0807dd42
0x0007DD18,0807dd42
0x0007DD1C,0807dd42
0x0007DD20,0807dd42
0x0007DD24,0807dd42
0x0007DD28,0807dd42
0x0007DD2C,0807dd3c
0x0007DD64,0807dd64
0x0007DD6C,0807df50
0x0007DD70,0807df50
0x0007DD74,0807df50
0x0007DD78,0807df50
0x0007DD90,0807df50
0x0007DD94,0807df50
0x0007DD98,0807df50
0x0007DD9C,0807df50
0x0007DDA0,0807df50
0x0007DDA4,0807df50
0x0007DDA8,0807df50
0x0007DDAC,0807df50
0x0007DDB0,0807df50
0x0007DDB4,0807df50
0x0007DDB8,0807df50
0x0007DDBC,0807df50
0x0007DDC0,0807df50
0x0007DDC4,0807df50
0x0007E5E5,08203a68
0x0007E8F3,08141b02
0x0007EA2B,08141b02
0x0007ED2D,084669f8
0x0007EDD1,08141b04
0x0007EE15,08141b02
0x0007EE5D,084669ff
0x0007EF01,08141b04
0x0007EF45,08141b02
0x0007F075,0818d14b
0x0007F219,0818a14a
0x0007F371,08403868
0x0007F3AD,08432868
0x0007F42F,08200039
0x0007F435,08320860
0x0007F443,08020020
0x0007F47D,08390218
0x0007F49F,08390218
0x0007F54F,08428678
0x0007F657,08491018
0x0007F68A,08480000
0x0007F6A7,0818814a
0x0007F6AD,0818c04b
0x0007F6DF,0818d14b
0x0007F721,0842960e
0x0007F737,084649e1
0x0007F771,080202c6
0x0007F92F,08464170
0x0007FA5B,0801c020
0x0007FA67,08020020
0x0007FB0F,08490ad1
0x0007FD9B,0818994b
0x0007FF0B,084640d1
0x00080001,08464100
0x00080093,0820ffe6
0x00080191,08464160
0x000801ED,08424921
0x00080200,080808bd
0x00080203,0808c508
0x00080204,080808c5
0x00080207,08041d08
0x00080208,0808041d
0x00080261,08020410
0x0008026B,08492d07
0x00080291,084661d1
0x000802AB,08464994
0x0008036D,0831ffda
0x00080435,08424840
0x0008043B,0849070f
0x00080477,08054921
0x000804B1,0831ffda
0x000805AB,08200168
0x000805DB,0804ed03
0x000805DC,080804ed
0x000806E5,0800c921
0x00080738,0853d910
0x00080748,0853ee98
0x0008074B,08041d08
0x0008074C,0808041d
0x0008074D,08080804
0x000807F4,0853ee98
0x000807F7,08041d08
0x000807F8,0808041d
0x0008080B,08380168
0x0008089C,0853ee98
0x0008089F,08041d08
0x000808A0,0808041d
0x000808B3,08380168
0x000808F7,08041d00
0x000808F8,0808041d
0x00080947,08041de0
0x00080948,0808041d
0x000809C8,0853d910
0x000809D7,08041d03
0x000809D8,0808041d
0x00080A2B,08041d00
0x00080A2C,0808041d
0x00080A98,0812f298
0x00080AA0,0812f584
0x00080ACF,08028921
0x00080B08,0853f2ee
0x00080B58,0853f140
0x00080B9F,080aa900
0x00080BA0,08080aa9
0x00080D71,0831941c
0x00080DAD,082000d1
0x00080E1B,080d6908
0x00080E1C,08080d69
0x00080E85,08200131
0x00080E93,080d6908
0x00080E94,08080d69
0x00080ED9,0822004b
0x00080F0C,083481e0
0x00080F14,08348668
0x00080F45,08010078
0x00080FE9,08431088
0x00081148,08009acc
0x0008114C,08009ad5
0x00081154,0812fc78
0x00081158,0812fc84
0x00081228,085a57c4
0x0008122C,0812fca4
0x00081258,085a57c4
0x0008125C,0812fce4
0x0008129B,08310178
0x000812B0,0812fd00
0x000812B4,08009add
0x000812B8,08009ae6
0x000812DC,08009ad9
0x000812E5,080e0506
0x0008136B,08136c00
0x0008136C,0808136c
0x0008136F,0813a008
0x00081370,080813a0
0x00081373,0813b008
0x00081374,080813b0
0x00081377,0813e408
0x00081378,080813e4
0x0008137B,0813f408
0x0008137C,080813f4
0x0008137F,08140408
0x00081380,08081404
0x00081384,08081438
0x00081388,08081448
0x0008138C,08081458
0x00081393,0814c008
0x00081394,080814c0
0x0008139B,08149808
0x0008139C,08081498
0x0008139F,0814a808
0x000813A0,080814a8
0x000813B0,080058a4
0x000813D4,080057f4
0x000813E4,0800584c
0x000813F4,08005e80
0x00081404,08005e28
0x00081428,08005d78
0x00081438,08005dd0
0x00081448,0800646b
0x00081458,08006413
0x00081459,08080064
0x00081488,08006363
0x00081498,080063bb
0x000814A8,0800699c
0x000814C0,08006a1e
0x000814E4,08006b24
0x0008159B,0800c020
0x000815E7,08160008
0x000815E8,08081600
0x000815EC,0808173c
0x000815F0,0808180c
0x000815F4,080818e4
0x000815F8,08081984
0x000815FC,08081984
0x00081600,08081984
0x000816BC,08001631
0x000816C0,08599634
0x000816C4,08001725
0x000816C8,0812fd14
0x00081734,0812fd40
0x00081738,08599634
0x0008173C,0812fd60
0x00081800,0800164f
0x00081804,085a7e8c
0x00081808,08001725
0x0008180C,0800172b
0x0008184D,08492226
0x000818DC,08001671
0x000818E0,08599280
0x000818E4,085a7060
0x0008197C,080016a1
0x00081980,08599280
0x00081984,08001725
0x000819CD,08194918
0x00081A0B,0831ce1c
0x00081A30,080016c3
0x00081A78,080016ee
0x00081A7C,08001725
0x00081B8B,08468818
0x00081CAF,08207f79
0x00081D75,08464170
0x00081D87,0820c088
0x00081EE7,0818a000
0x00081F0C,0812fd70
0x00081F48,0812fd70
0x000820BF,08313918
0x000820C7,083801d0
0x00082197,0843581c
0x000821B1,08005948
0x000821BB,08480ed0
0x000821CB,0801c020
0x0008220D,08491c0e
0x00082269,08446131
0x0008226D,08380178
0x0008229B,08183130
0x0008247D,0820ffd1
0x000824A1,081c3001
0x00082587,08464870
0x000826CD,082080e0
0x000826EF,082040e0
0x0008281B,08493e22
0x000828C5,08400821
0x000828F1,08400821
0x00082A01,0833c41c
0x00082B01,08000003
0x00082B15,08380178
0x00082C91,0828001a
0x00082CA5,08020240
0x00082F05,08428102
0x00082F0B,0818c84b
0x00082F69,084649fd
0x00083079,08200031
0x0008307F,0818d14b
0x00083085,0818d13b
0x0008310F,0831c646
0x00083311,08464978
0x0008333D,084a0781
0x000834A7,08468918
0x000836B7,084240da
0x00083793,08491824
0x00083819,08491ff8
0x000838A3,08208002
0x000838B9,082040e0
0x0008390B,08040146
0x00083A35,08040146
0x00083A45,08492a0e
0x00083A73,084240da
0x00083AB9,084c0ed2
0x00083AC9,08188046
0x00083B21,0831c570
0x00083B3D,08468818
0x00083B5B,083b5c08
0x00083B5C,08083b5c
0x00083B5F,083b7808
0x00083B63,083bac08
0x00083B64,08083bac
0x00083B67,083c8a08
0x00083B68,08083c8a
0x00083B6B,083d2008
0x00083B6C,08083d20
0x00083B6F,083dae08
0x00083B70,08083dae
0x00083B73,083e3808
0x00083B74,08083e38
0x00083B78,08083f0e
0x00083BB5,08429879
0x00083E00,08541008
0x00083EC7,08200019
0x00083F08,08541107
0x00083F15,084669d1
0x00084293,08480a43
0x0008452B,0843507c
0x000846B1,084281d0
0x000847D7,084c19d0
0x0008484B,08484c02
0x0008484C,0808484c
0x0008484F,08486808
0x00084850,08084868
0x00084853,08487208
0x00084854,08084872
0x00084857,08487c08
0x00084858,0808487c
0x0008485C,08084886
0x00084860,08084890
0x00084863,08489a08
0x00084864,0808489a
0x00084867,0848a408
0x00084868,080848a4
0x00084A05,0800003c
0x00084A07,084a0800
0x00084A08,08084a08
0x00084A0B,084a2408
0x00084A0C,08084a24
0x00084A0F,084a2c08
0x00084A10,08084a2c
0x00084A13,084a3408
0x00084A14,08084a34
0x00084A18,08084a3c
0x00084A1C,08084a44
0x00084A1F,084a4c08
0x00084A20,08084a4c
0x00084A23,084a5408
0x00084A24,08084a54
0x00084AB3,08428100
0x00084B3D,084c4549
0x00084B50,084979c0
0x00084BCF,081c2024
0x00084C35,08400821
0x00084C5F,084c6000
0x00084C60,08084c60
0x00084C63,084c7c08
0x00084C64,08084c7c
0x00084C67,084c8408
0x00084C68,08084c84
0x00084C6B,084c8c08
0x00084C6C,08084c8c
0x00084C6F,084c9408
0x00084C70,08084c94
0x00084C73,084c9c08
0x00084C74,08084c9c
0x00084C77,084ca408
0x00084C78,08084ca4
0x00084C7B,084cac08
0x00084C7C,08084cac
0x00084D3C,08408989
0x00084D48,084079d1
0x00084DD4,08084dd4
0x00084DD7,084de808
0x00084DDB,084ec608
0x00084DDC,08084ec6
0x00084DDF,084f8408
0x00084DE0,08084f84
0x00084DE3,084fd408
0x00084DE4,08084fd4
0x00084DE7,08504008
0x00084DE8,08085040
0x00084E95,08490719
0x00084FF5,0800c020
0x00085089,081c1089
0x000851A9,081c1823
0x000851AD,08280040
0x00085213,08434146
0x0008536F,08537000
0x00085370,08085370
0x00085373,08553808
0x00085374,08085538
0x00085377,08538408
0x00085378,08085384
0x0008537B,08553808
0x0008537C,08085538
0x0008537F,08553808
0x00085380,08085538
0x00085383,0853f008
0x0008555F,08313849
0x00085575,08280040
0x000855AB,0842aa1c
0x000855E5,0819a401
0x00085687,08464442
0x000856B9,08005148
0x000856C3,084815d0
0x000856CB,081c1823
0x000857F1,08490968
0x000858F3,08200049
0x00085938,08001c5f
0x00085955,08490bfe
0x0008597D,08464178
0x000859B8,0808f73d
0x00085A18,0808584d
0x00085A55,08200149
0x00085B27,081e5623
0x00085B53,084c0d49
0x00085BFB,084906d0
0x00085C41,08428878
0x00085D71,080e0206
0x00085D9D,0848080e
0x00085DA1,0818c04b
0x00085E10,080017b7
0x00085E30,08001968
0x00085E50,08001ae3
0x00085E71,082101d1
0x00085F1C,0812fd7c
0x00085F20,0812fd8c
0x00085F24,0812fda0
0x00085F28,0812fdac
0x00085F2C,0812fdb8
0x00085F30,0812fdc0
0x00085F34,08009bbb
0x00086059,08446898
0x000860C4,085a57c4
0x000860CF,08446878
0x00086177,08424878
0x00086189,08280020
0x00086197,08400849
0x000861A9,08028921
0x00086260,084580c8
0x00086268,0845830c
0x00086270,0800196c
0x00086281,08000012
0x0008634F,08028921
0x000863F1,08200649
0x0008640F,0800a0e1
0x0008641C,08458474
0x00086420,0845848c
0x00086434,08086434
0x00086438,080864bc
0x0008643C,08086648
0x00086440,08086648
0x00086444,08086648
0x00086448,08086648
0x0008644C,08086648
0x00086450,08086648
0x00086454,08086648
0x00086458,08086648
0x0008645C,08086648
0x00086460,08086648
0x00086464,08086648
0x00086468,08086648
0x0008646C,08086648
0x00086470,08086648
0x00086474,08086648
0x00086478,08086598
0x0008647C,08086598
0x00086480,08086648
0x00086484,08086648
0x00086488,08086648
0x0008648C,08086648
0x00086490,08086648
0x00086494,08086648
0x00086498,08086648
0x0008649C,08086648
0x000864A0,08086648
0x000864A4,08086648
0x000864A8,08086648
0x000864AC,08086648
0x000864B0,08086648
0x000864B4,08086648
0x000864B5,08080866
0x000864B8,08086608
0x000864B9,08080866
0x000864BC,08086608
0x000864E1,08201088
0x00086519,08480870
0x0008661F,08028921
0x00086663,08043521
0x000866A9,08480788
0x00086734,0812fdcc
0x00086738,0812fddc
0x0008673C,0812fdec
0x00086740,0812fe00
0x000867CC,08009c35
0x000867D8,0859aa5c
0x000867DC,0859d214
0x000867E0,0859e920
0x00086870,08009c4b
0x0008687C,0812fe14
0x00086897,084641fc
0x000868AC,08009c45
0x00086A11,08200049
0x00086B6B,082b00dc
0x00086B81,084641e0
0x00086BAD,084641e0
0x00086DD9,08492c68
0x00086E07,08028921
0x00086E54,0809cc04
0x00086E58,0809cc10
0x00086E68,080019a4
0x00086E70,08599280
0x00086E78,0812fe30
0x00086E80,0812fe34
0x00086E88,080019b4
0x00086E90,080019b7
0x00086EE8,0812fe50
0x00086EEC,0812fe60
0x00086FA0,08009c4b
0x00086FAC,0812fe74
0x00086FCC,08009c45
0x00086FDB,084641d1
0x00087051,081c104a
0x00087074,08405ea4
0x0008707C,08405f10
0x0008707E,08000840
0x00087084,08405ff0
0x00087089,08050001
0x00087098,080019bd
0x000870DC,080019fc
0x00087158,0812fe90
0x0008715C,08001a27
0x0008717B,08200149
0x00087198,08001a91
0x000871A4,080017b7
0x000871E4,08001ae7
0x000871F5,084906d1
0x00087208,08001b4f
0x00087220,08001baa
0x00087223,084a0608
0x00087240,0812fea0
0x00087268,08001a94
0x0008727D,084a0a48
0x000872A8,0812fea0
0x00087310,08001bd8
0x00087314,0812feac
0x00087318,08001c1b
0x0008742C,0812febc
0x00087430,0812fed0
0x0008743D,0800034b
0x00087440,0812ff08
0x00087460,0812ff0c
0x00087474,0812ff18
0x000874B4,0812ff20
0x000874B8,08599f5c
0x00087538,0812ff28
0x00087548,0859aa5c
0x00087588,0812ff34
0x00087605,08434146
0x0008763F,082080e0
0x00087663,08280040
0x0008770C,08004f32
0x00087710,084584ac
0x00087714,084584b8
0x00087720,084584d4
0x00087724,084584e0
0x00087803,08028921
0x00087811,08491868
0x0008784C,0809cc74
0x00087850,0809cc98
0x00087864,08005038
0x00087868,08005209
0x00087870,0800520f
0x00087878,08005097
0x0008787C,0800520c
0x00087893,08028921
0x000878D8,08005297
0x000878EC,080052c9
0x0008790C,08005312
0x00087910,0800542b
0x000879BC,08004fa3
0x000879C0,084584ac
0x000879C4,084584b8
0x000879D0,084584d4
0x000879D4,084584e0
0x00087AE4,0809cc74
0x00087AE8,0809cc98
0x00087B00,080050f6
0x00087B04,08005209
0x00087B08,08005155
0x00087B0C,0800520c
0x00087B29,08028921
0x00087B58,08005337
0x00087B74,08005369
0x00087B94,080053b2
0x00087B9C,0800542b
0x00087BA3,08028921
0x00087BB8,08005276
0x00087BFD,08028921
0x00087C3C,080051af
0x00087C40,08005209
0x00087C44,080053d7
0x00087C64,080053fe
0x00087C6C,0800542b
0x00087CEB,081c1000
0x00087D2B,0802004a
0x00087DB4,0854229c
0x00087DC1,080600c0
0x00087E1B,0821807a
0x00087E28,0854229c
0x00087E30,085422a8
0x00087E39,08207f7a
0x00087E9F,084649f9
0x00087ED7,08464940
0x00087EFC,085422a4
0x000880CD,0846400e
0x0008817B,081c1000
0x000881DB,08201088
0x00088213,080c0404
0x0008821C,0800578c
0x000884D0,08348ddc
0x000884D4,08348dec
0x000884D8,08348dfc
0x000884DC,08348e10
0x00088568,08009c35
0x00088574,0859aa5c
0x00088578,0859d214
0x0008857C,0859e920
0x00088614,08009c4b
0x00088620,08348e18
0x0008863B,084641fd
0x00088650,08009c45
0x000886D8,08348e34
0x000886DC,08348e44
0x000886E0,08348e58
0x000886E4,08348e64
0x000886E8,08348e70
0x00088767,08428178
0x00088888,085a57c4
0x00088893,08446878
0x00088927,08483d88
0x00088A21,080000ff
0x00088A28,084580c8
0x00088A30,0845830c
0x00088A38,08009c52
0x00088A5B,08028921
0x00088A8F,08311444
0x00088AFF,08200649
0x00088B28,08458474
0x00088B2C,0845848c
0x00088B40,08088b40
0x00088B44,08088bc8
0x00088B48,08088e66
0x00088B4C,08088e66
0x00088B50,08088e66
0x00088B54,08088e66
0x00088B58,08088e66
0x00088B5C,08088e66
0x00088B60,08088e66
0x00088B64,08088e66
0x00088B68,08088e66
0x00088B6C,08088e66
0x00088B70,08088e66
0x00088B74,08088e66
0x00088B78,08088e66
0x00088B7C,08088e66
0x00088B80,08088e66
0x00088B84,08088cde
0x00088B88,08088cde
0x00088B8C,08088d0c
0x00088B90,08088d0c
0x00088B94,08088e66
0x00088B98,08088e66
0x00088B9C,08088e66
0x00088BA0,08088e66
0x00088BA4,08088e66
0x00088BA8,08088e66
0x00088BAC,08088e66
0x00088BB0,08088e66
0x00088BB4,08088e66
0x00088BB8,08088e66
0x00088BBC,08088e66
0x00088BC0,08088e66
0x00088BC4,08088d90
0x00088BC8,08088d90
0x00088BED,08201088
0x00088C27,08312d49
0x00088C6F,084906d1
0x00088CB9,08490668
0x00088E13,08028921
0x00088E50,085a57c4
0x00088E54,08348e78
0x00088ECF,08480c88
0x00088ED3,08490c40
0x00088EDD,08480c88
0x00088EFC,08009c6a
0x00089015,08200049
0x00089075,081c280e
0x00089103,0804091a
0x000891C3,08464902
0x0008921B,08464919
0x00089308,08348d64
0x0008930C,08348da8
0x00089310,08089251
0x00089524,08348a3c
0x0008952C,08348be4
0x00089538,08009c6e
0x0008953C,085a57c4
0x00089558,0859eae0
0x0008957B,081c1823
0x0008968B,084651d1
0x00089838,08009cc5
0x00089855,082c3180
0x00089901,08283178
0x0008993F,080c0004
0x00089971,0818804a
0x000899CB,08182100
0x00089A99,082000d3
0x00089BC7,084868fd
0x00089D48,0846443c
0x00089D4C,08464454
0x00089D58,08009cd1
0x00089D5C,08348e90
0x00089D60,08348e9c
0x00089D64,08348ea8
0x00089D68,08348eb0
0x00089D6C,08348eb8
0x00089D70,08348ec0
0x00089D74,08348ec8
0x00089D75,0808348e
0x00089D88,08599280
0x00089D8C,08348ed0
0x00089D90,08348ed8
0x00089DF0,0859937c
0x00089E28,085a7060
0x00089E2C,08348ee4
0x00089E80,08009ce1
0x00089F81,0818e146
0x00089FA8,0859eae0
0x00089FAC,0859eae7
0x00089FB0,0809cc04
0x00089FB4,0809cc10
0x00089FC4,08009ce7
0x0008A00F,08492768
0x0008A069,08028921
0x0008A0AC,0859f5b8
0x0008A0B4,0859eae7
0x0008A0B8,0859f5e0
0x0008A0BC,08009cf7
0x0008A0D6,08517a1a
0x0008A239,08401820
0x0008A249,084d2827
0x0008A27F,08401820
0x0008A293,0818814a
0x0008A337,08401820
0x0008A34B,084694d1
0x0008A363,084d1f27
0x0008A399,08401820
0x0008A3AD,0818814a
0x0008A463,0842a078
0x0008A46B,08401020
0x0008A4DD,080600b5
0x0008A55C,0805cd41
0x0008A5A1,08480f88
0x0008A5EF,08200049
0x0008A634,0805d593
0x0008A653,08481088
0x0008A708,085a143c
0x0008A7B4,08599280
0x0008A801,0802181c
0x0008A82D,0802181c
0x0008A863,08240090
0x0008A8B3,0843611c
0x0008A8D7,0843611c
0x0008AA18,0808c6dd
0x0008AA20,0834975c
0x0008AA24,08349768
0x0008AAE7,084808d0
0x0008AB15,081c1823
0x0008ABE4,08599280
0x0008AC31,08490d68
0x0008AC47,08490768
0x0008AC77,08028921
0x0008ACB3,08028921
0x0008ACD9,0849784f
0x0008ACF7,08200649
0x0008ACFF,081c104a
0x0008AD07,081c104a
0x0008AD4D,08495bfc
0x0008AD53,08431046
0x0008ADE3,084d4c4e
0x0008AE0F,08468a19
0x0008AE55,08491943
0x0008AE5D,081c103a
0x0008AE77,08482b88
0x0008AE7B,08490f40
0x0008AEA3,08482288
0x0008AECE,08000000
0x0008AEE4,0834928c
0x0008AEEC,08009bf4
0x0008AEFC,08458510
0x0008AF00,0845851c
0x0008AF10,0808aa51
0x0008AF14,083496e8
0x0008AF18,083496f4
0x0008AF24,08009c1c
0x0008AF2C,08009c20
0x0008AF5D,08468999
0x0008AFAB,08480c80
0x0008B084,08599280
0x0008B088,085a5ab8
0x0008B08C,0834976c
0x0008B090,08349788
0x0008B094,083497a0
0x0008B0C4,083497a0
0x0008B0F8,083497a0
0x0008B168,085a1560
0x0008B16C,083497a0
0x0008B170,083497a4
0x0008B174,083497b0
0x0008B201,08490668
0x0008B218,085a143c
0x0008B22B,08028921
0x0008B267,08028921
0x0008B303,081c1000
0x0008B37D,08469a4b
0x0008B443,08481a49
0x0008B468,08349368
0x0008B470,08009c28
0x0008B474,0846443c
0x0008B478,08464454
0x0008B47C,083496e8
0x0008B484,083496f4
0x0008B488,0809ccb4
0x0008B48C,0809ccc0
0x0008B498,0809ccdc
0x0008B49C,0809cce8
0x0008B4D9,08208088
0x0008B58C,08009c31
0x0008B614,0834943c
0x0008B61C,083496b0
0x0008B624,08348f00
0x0008B62C,0834941c
0x0008B634,083496f8
0x0008B689,08200649
0x0008B68F,08200049
0x0008B6A0,083f00c8
0x0008B6A8,083f08f4
0x0008B6AC,083f0ac8
0x0008B82B,084640d9
0x0008B8C1,0818804a
0x0008B8E9,08490880
0x0008B8ED,081c104a
0x0008B8F7,081c2801
0x0008B9C2,0842200c
0x0008BA14,08408b80
0x0008BA18,08408b8c
0x0008BA3D,08200b18
0x0008BA70,08408b98
0x0008BA74,08408ba4
0x0008BA7C,08408bb0
0x0008BAB0,08408bb8
0x0008BB03,081c104a
0x0008BD24,085a4ce8
0x0008BD34,083f0b10
0x0008BD3C,083f1c98
0x0008BD40,083f0af0
0x0008BD4C,083f1e80
0x0008BD50,083f1e60
0x0008BD59,080600fc
0x0008BD5C,083f1f08
0x0008BD61,08050001
0x0008BD64,083f2108
0x0008BD68,08458510
0x0008BD6C,0845851c
0x0008BD7C,0808b871
0x0008BD7D,080808b8
0x0008BD84,083f21d4
0x0008BD88,083f21e0
0x0008BD8C,0808b835
0x0008BD90,083f29d0
0x0008BD94,083f2a0c
0x0008BD9C,083f21e4
0x0008BDA4,083f2794
0x0008BDAC,083f2a18
0x0008BDB4,083f2cb0
0x0008BE07,08490768
0x0008BE8C,08009a21
0x0008BEE4,08009a26
0x0008BEF9,08200046
0x0008BF2D,081c30f8
0x0008BF66,08000000
0x0008BF6C,085a4ce8
0x0008BFAD,08200046
0x0008BFC1,081c104a
0x0008C002,08004700
0x0008C005,08010008
0x0008C01C,08405ea4
0x0008C024,08405f10
0x0008C02C,08405ff0
0x0008C131,08188900
0x0008C168,085a4ce8
0x0008C170,0808c031
0x0008C1F4,085a4ce8
0x0008C1F8,0808bf79
0x0008C1FC,0808c175
0x0008C209,08200049
0x0008C22B,08464142
0x0008C233,08400620
0x0008C26F,082000a9
0x0008C2A8,08406010
0x0008C2FC,0808c2fc
0x0008C300,0808c350
0x0008C308,0808c3cc
0x0008C30C,0808c3de
0x0008C310,0808c49c
0x0008C314,0808c49c
0x0008C318,0808c49c
0x0008C31C,0808c49c
0x0008C320,0808c49c
0x0008C324,0808c49c
0x0008C328,0808c404
0x0008C32C,0808c438
0x0008C330,0808c49c
0x0008C334,0808c49c
0x0008C338,0808c49c
0x0008C33C,0808c49c
0x0008C340,0808c49c
0x0008C344,0808c49c
0x0008C348,0808c49c
0x0008C34C,0808c49c
0x0008C350,0808c494
0x0008C374,085a4ce8
0x0008C375,08085a4c
0x0008C3A0,085a4ce8
0x0008C407,08490702
0x0008C40B,081c104a
0x0008C417,08480649
0x0008C45B,0830101c
0x0008C48C,085a4ce8
0x0008C490,0808c07d
0x0008C52F,08200649
0x0008C58C,08405ea4
0x0008C594,08405f10
0x0008C598,08405ff0
0x0008C59D,08050001
0x0008C5A8,08408bc4
0x0008C615,0846611c
0x0008C66B,081c2821
0x0008C6CD,08008540
0x0008C79D,080fc842
0x0008C7CB,080fc842
0x0008C7EB,0846810c
0x0008C859,084240da
0x0008C8B4,0808c649
0x0008C9F1,080c0618
0x0008CA03,08200714
0x0008CA1B,08200714
0x0008CA9B,08464180
0x0008CB39,08200714
0x0008CBB9,082001b5
0x0008CCF8,085a63e8
0x0008CD73,084689d0
0x0008CE2C,085a63e8
0x0008CE34,085a5f65
0x0008CE38,0808ccb5
0x0008CE3C,084580b8
0x0008CE40,084580c4
0x0008CE44,08458068
0x0008CE48,0845809c
0x0008CE4C,0808cd01
0x0008CE9B,081c151c
0x0008CEB7,08434146
0x0008D139,081c1000
0x0008D191,08480488
0x0008D207,08200031
0x0008D2A4,0840f943
0x0008D2A5,080840f9
0x0008D33C,085a57c4
0x0008D36F,08466119
0x0008D411,08424921
0x0008D467,08050918
0x0008D51F,08424878
0x0008D531,08280020
0x0008D53F,08400849
0x0008D551,08028921
0x0008D5C6,08000000
0x0008D5D9,0806000b
0x0008D5E3,080c0701
0x0008D62D,080c0104
0x0008D6BF,08004020
0x0008D6C1,08400800
0x0008D769,08431022
0x0008D771,08431068
0x0008D779,08431068
0x0008D881,08431022
0x0008D889,08431068
0x0008D891,08431068
0x0008D95B,08200046
0x0008D993,08021943
0x0008D997,08031943
0x0008D9F7,08029943
0x0008DA33,08465119
0x0008DAED,08008921
0x0008DB43,08424921
0x0008DBB9,08020028
0x0008DBD0,084585ac
0x0008DBD4,084585b0
0x0008DBD8,084585b8
0x0008DBDC,084585c0
0x0008DBE0,084585c8
0x0008DBE4,084585d0
0x0008DC9F,08490ad1
0x0008DCB0,084585d4
0x0008DCB4,084585e4
0x0008DCB8,084585f8
0x0008DCBC,08458604
0x0008DCC0,08458610
0x0008DCC4,08458618
0x0008DCC8,08009bbb
0x0008DCCF,08380202
0x0008DE79,08311444
0x0008DF03,08200649
0x0008DF3F,08004921
0x0008DF68,084580c8
0x0008DF70,0845830c
0x0008DF78,08009ba1
0x0008DFA0,08458474
0x0008DFA4,0845848c
0x0008DFBF,08201088
0x0008DFD7,08004921
0x0008E04F,08200102
0x0008E093,08312d49
0x0008E0F3,0843081c
0x0008E0F5,08490843
0x0008E110,08009bb7
0x0008E177,08182148
0x0008E17B,08402888
0x0008E191,084700bc
0x0008E31F,08312444
0x0008E3C8,08458620
0x0008E3CC,08458574
0x0008E3D0,08458580
0x0008E3DC,0845859c
0x0008E3E0,084585a8
0x0008E3E4,080952c9
0x0008E3E8,08464034
0x0008E3EC,08464040
0x0008E421,08220888
0x0008E423,08200822
0x0008E439,0840104a
0x0008E471,08431868
0x0008E479,08431868
0x0008E4B3,08431002
0x0008E4BB,08431068
0x0008E50C,0845862c
0x0008E535,0840104a
0x0008E544,08458644
0x0008E553,080e3890
0x0008E57B,084906d1
0x0008E5C1,0840104a
0x0008E671,0800901c
0x0008E689,08020020
0x0008E693,08481588
0x0008E6F0,085a7fcc
0x0008E6F4,085acfa8
0x0008E7A7,08493148
0x0008E864,08458660
0x0008E868,08458678
0x0008E86C,08458574
0x0008E870,08458580
0x0008E87C,0845859c
0x0008E880,084585a8
0x0008E888,0808e64d
0x0008E89B,08008020
0x0008E8DB,08008020
0x0008EAA7,08430222
0x0008EAE4,08458688
0x0008EAE8,08599634
0x0008EAEC,08458694
0x0008EAF0,085a7e8c
0x0008EAF8,08458698
0x0008EB00,085ac890
0x0008EB11,08280040
0x0008EB80,0845869c
0x0008EBCF,08380178
0x0008EBE9,08380178
0x0008EBFB,0818894a
0x0008EC0B,0831711c
0x0008EC8F,08446800
0x0008ECBC,084586b4
0x0008ECE7,08480e88
0x0008ED1D,08020028
0x0008ED28,08463b38
0x0008ED30,08463ffc
0x0008EDA7,08401048
0x0008EDB5,084700bc
0x0008EE17,08200049
0x0008EE2C,085a8014
0x0008EEE0,08458574
0x0008EEE4,08458580
0x0008EEF0,0808ee41
0x0008EEF4,0845859c
0x0008EEF8,084585a8
0x0008EEFF,080e0406
0x0008EF14,08009a5a
0x0008EF2C,08009a2a
0x0008EF87,08468a49
0x0008EFA7,08446800
0x0008EFB9,08446800
0x0008EFDF,08482343
0x0008F05C,084586c8
0x0008F078,08458708
0x0008F07C,08458710
0x0008F0D5,08482343
0x0008F16C,0845872c
0x0008F170,08458710
0x0008F1F8,08457d3c
0x0008F200,08457ea8
0x0008F208,0808ef2d
0x0008F2DB,08008020
0x0008F2E3,084905d0
0x0008F2ED,0838017d
0x0008F300,085a8038
0x0008F304,08009a51
0x0008F311,08004020
0x0008F39C,0808f39c
0x0008F3A0,0808f3b4
0x0008F3A4,0808f3c4
0x0008F3A8,0808f3ca
0x0008F3AC,0808f3d6
0x0008F3B0,0808f3e2
0x0008F3B4,0808f3ec
0x0008F3C4,08009a56
0x0008F421,084908d1
0x0008F438,08009a99
0x0008F43C,08009aa1
0x0008F474,08009a56
0x0008F4D4,08009a56
0x0008F4E1,082000a9
0x0008F50C,0853d910
0x0008F52B,08200049
0x0008F74B,08200149
0x0008F9FD,08200149
0x0008FA3B,080e0306
0x0008FA3D,0849080e
0x0008FAEF,0814000c
0x0008FB2B,081409dd
0x0008FB5D,0814000c
0x0008FB6B,082000d1
0x0008FB73,08187144
0x0008FB77,08380178
0x0008FB7D,08444949
0x0008FB81,08380178
0x0008FBBD,08000011
0x0008FBCB,0831b11c
0x0008FBEB,08184130
0x0008FBF3,082000d1
0x0008FBF7,084a0770
0x0008FBFD,08186118
0x0008FC01,08380178
0x0008FCAF,08184118
0x0008FCE5,081c1f22
0x0008FD17,0814000c
0x0008FD83,08182200
0x0008FEEB,0814000c
0x0008FF69,08200018
0x00090079,08380178
0x00090130,08009acc
0x00090134,08009ad5
0x0009013C,08458738
0x00090140,08458744
0x00090147,08317103
0x0009016C,085a57c4
0x00090170,08458764
0x000901AB,08310178
0x000901C0,08458780
0x000901C4,08009add
0x000901C8,08009ae6
0x000901EC,08009ad9
0x00090289,084d0dda
0x000902C0,08599634
0x00090343,08464075
0x000903A8,08599634
0x0009047C,085a7e8c
0x000904B1,0846924a
0x0009055C,085a7e8c
0x00090569,082001b5
0x0009063F,08230032
0x0009071F,08468120
0x00090817,084641dd
0x00090987,08466190
0x00090993,08464190
0x000909AD,084905fe
0x000909B4,08458510
0x000909B8,0845851c
0x00090A57,08424921
0x00090B51,084a2280
0x00090BCD,08004921
0x00090BE0,084634b8
0x00090BE4,085a8a7f
0x00090C28,085a8a7f
0x00090C2D,08466124
0x00090CC6,08064700
0x00090D4B,084a2380
0x00090DE0,0846356c
0x00090DE8,085a8a8f
0x00090DEC,084635d8
0x00090E04,085a8a8f
0x00090E70,085a8a8f
0x00090EB4,085a8a8f
0x00090EB9,08464124
0x00090F52,08064700
0x0009102D,08200168
0x00091060,08090cc9
0x00091064,08090aed
0x00091068,0846443c
0x0009106C,08464454
0x0009106D,08084644
0x000910A9,08280214
0x000910B8,085a8a34
0x000910BC,085a8a7c
0x000910F7,08424921
0x00091114,08463914
0x000911FB,08200149
0x0009123C,08463928
0x00091240,08463930
0x00091244,08463938
0x00091248,08463944
0x00091250,08599280
0x00091254,0846395c
0x000912B9,084641fd
0x00091340,085a7e8c
0x00091344,08599280
0x00091348,084639a4
0x0009134C,084639d0
0x0009134D,08084639
0x00091350,08463a08
0x000913B4,08599280
0x000913B8,08463a38
0x00091419,081c30f9
0x00091440,085a8a34
0x000914D0,085a8a34
0x000914D4,08599280
0x000914D8,08463a64
0x00091555,08200722
0x00091645,081c104a
0x000916F7,0831dc1c
0x000917D1,08424899
0x00091805,08492b85
0x00091850,08463a9c
0x00091854,08463aa8
0x0009186C,08463ab8
0x00091870,08463ad4
0x00091874,08463aec
0x0009187E,08000000
0x00091888,08463688
0x000918A4,0846443c
0x000918A8,08464454
0x000918A9,08084644
0x000918B0,08090f55
0x000918B8,0809cc74
0x000918BC,0809cc98
0x000918F0,08459284
0x000919C4,08463af8
0x000919C8,08463afc
0x00091A71,08490e68
0x00091AA8,085a89a4
0x00091AC5,08028921
0x00091B1B,08208088
0x00091B31,0846491c
0x00091BBC,08463b00
0x00091BC9,08424840
0x00091C38,085a83d8
0x00091D1C,085a879c
0x00091D24,085a89b0
0x00091D28,08599280
0x00091D2C,085a83d8
0x00091D80,08463b10
0x00091D84,085a879c
0x00091DEF,08140004
0x00091DF1,08210814
0x00091E68,08463b18
0x00091EDB,08200168
0x00091F87,084914e4
0x000920B5,08360246
0x000920D7,08330170
0x0009210B,081c104a
0x00092119,084916ff
0x0009213D,081c1000
0x00092154,08463b38
0x0009215C,08463ffc
0x000921B7,08480388
0x0009225B,08010088
0x00092275,08028921
0x000922E3,08424840
0x0009231F,0828ff7d
0x00092361,08020020
0x00092619,081c104a
0x0009261F,08481c49
0x0009263C,08464044
0x00092640,08599280
0x00092648,0846404c
0x0009264C,08464060
0x00092650,0846409c
0x00092654,084640a8
0x00092658,08458510
0x0009265C,0845851c
0x00092668,084584ac
0x0009266C,084584b8
0x00092670,084584d4
0x00092674,084584e0
0x0009267C,080921fd
0x00092680,08464034
0x00092684,08464040
0x000926F3,08008979
0x00092714,085a7060
0x00092718,085ae2b4
0x0009271B,08480608
0x00092738,085aaedc
0x00092743,08008979
0x0009275C,0859937c
0x00092760,085ada38
0x00092763,08481108
0x000927AC,085aa180
0x000927B4,085a73e0
0x00092858,085a6d04
0x00092860,084640b0
0x00092864,08092864
0x00092868,080928fc
0x0009286C,08092aee
0x00092870,08092aee
0x00092874,08092aee
0x00092878,08092aee
0x0009287C,08092944
0x00092880,08092aee
0x00092884,08092964
0x00092888,080928fc
0x0009288C,080928fc
0x00092890,08092aee
0x00092894,08092aee
0x00092898,08092aee
0x0009289C,08092aee
0x000928A0,08092aee
0x000928A4,08092aee
0x000928A8,08092994
0x000928AC,080929c0
0x000928B0,08092aee
0x000928B4,080928fc
0x000928B8,080928fc
0x000928BC,08092aee
0x000928C0,08092aee
0x000928C4,080928fc
0x000928C8,080928fc
0x000928CC,08092944
0x000928D0,08092aee
0x000928D4,08092994
0x000928D8,080929b4
0x000928DC,080929c0
0x000928E0,080929e0
0x000928E4,080929ec
0x000928E8,08092a0c
0x000928EC,08092a18
0x000928F0,08092a38
0x000928F4,08092a74
0x000928F8,08092a94
0x000928FC,08092ac0
0x00092940,084640b4
0x00092944,084640c0
0x00092964,084640c4
0x00092990,084640d4
0x00092994,084640e4
0x000929B4,084640e8
0x000929C0,084640e8
0x000929E0,084640f8
0x000929EC,084640f8
0x00092A0C,08464104
0x00092A18,08464104
0x00092A38,08464110
0x00092A70,08464110
0x00092A74,084640d0
0x00092A94,0846411c
0x00092AC0,0846411c
0x00092B43,08207f7a
0x00092BBF,084819ff
0x00092C08,0846412c
0x00092C0C,084640d0
0x00092C10,08464138
0x00092C14,08464140
0x00092C18,08464148
0x00092C1C,08464150
0x00092C20,08464168
0x00092C24,08464158
0x00092C28,08464178
0x00092D9F,084908d0
0x00092DB8,08464044
0x00092DBC,08599280
0x00092DC0,0846404c
0x00092DC8,0809ccb4
0x00092DCC,0809ccc0
0x00092DD8,0809ccdc
0x00092DDC,0809cce8
0x00092E07,08431102
0x00092E78,080921fd
0x00092E7C,08464034
0x00092E80,08464040
0x00092EAD,0800c921
0x00092EB5,084641d0
0x00092EED,08201068
0x00092F4B,0800c921
0x00092FEC,08464180
0x00092FF0,08464188
0x00092FF4,0809cc74
0x00092FF8,0809cc98
0x0009300B,08208003
0x00093025,08200122
0x00093045,08200222
0x00093139,082cb314
0x0009315D,08480f88
0x000931A0,085a7060
0x00093244,0859937c
0x00093248,08464190
0x0009327D,084641d0
0x000932B8,084641ac
0x00093315,080e1206
0x00093331,08008079
0x00093347,08008079
0x000933CB,08200049
0x000933D3,08230191
0x0009344D,08208088
0x00093455,084651d0
0x0009347B,084651d0
0x0009353C,085ae358
0x0009358C,084641c8
0x000935B5,08280040
0x000935CD,08208088
0x000935D5,084651d0
0x00093607,084651d0
0x00093677,082000fc
0x000936AD,08468020
0x000937ED,08200126
0x000938FB,0849cc48
0x00093929,0849c548
0x00093A19,084894fe
0x00093A49,0846510c
0x00093C10,0846443c
0x00093C14,08464454
0x00093C20,084641e0
0x00093C24,08599280
0x00093C28,084641f0
0x00093C2C,08458574
0x00093C30,08458580
0x00093C3C,0845859c
0x00093C40,084585a8
0x00093C44,0845854c
0x00093C48,08458558
0x00093C4C,084584d4
0x00093C50,084584e0
0x00093C54,0809cc74
0x00093C58,0809cc98
0x00093C5C,085a5ab8
0x00093C60,084641f8
0x00093C64,084640c4
0x00093C68,08464200
0x00093C6C,0846420c
0x00093C74,08464214
0x00093C78,08464218
0x00093C7C,08464220
0x00093D1D,08493efd
0x00093D6B,081c2935
0x00093DC5,08424921
0x00093E10,08464228
0x00093E14,08464230
0x00093E1C,08464234
0x00093E20,0846423c
0x00093E24,084640a8
0x00093E3A,08000201
0x00093E3E,08000600
0x00093E41,08010008
0x00093E71,08431002
0x00093E79,08431068
0x00093E81,08492368
0x00093EF7,08424921
0x00093F18,085ae3e0
0x00093F1C,085a65ec
0x00093F20,085a65c8
0x00093F3B,0820014c
0x00094027,084651d0
0x0009403B,0840104a
0x0009404D,08028921
0x00094059,08008020
0x00094070,085ae3d8
0x00094085,08004020
0x00094107,08480888
0x00094178,085ae428
0x000941D0,085ae428
0x00094228,085ae428
0x00094280,085ae428
0x000942AD,08200f78
0x000942D8,085ae428
0x00094305,08200f78
0x00094330,085ae428
0x0009435D,08200f78
0x00094388,085ae428
0x000943B5,08200f78
0x000943E0,085ae428
0x0009440D,08200f78
0x00094438,085ae428
0x00094510,085ae428
0x0009467D,08466cda
0x0009469C,085a7060
0x000946BC,0859937c
0x000946C0,08464244
0x000946D4,08464248
0x00094738,0846424c
0x0009485F,081c1000
0x00094925,08140004
0x00094940,08464250
0x00094944,08464258
0x00094948,08464260
0x0009494C,08464268
0x00094950,08464270
0x00094954,08464278
0x00094958,08464280
0x0009495C,08464288
0x00094960,08464148
0x000949AB,08491902
0x000949D5,08010088
0x000949EB,08028921
0x00094A47,08424840
0x00094A95,08200f89
0x00094AA1,08020020
0x00094B08,085a73e0
0x00094B68,085a6d04
0x00094B6C,084641f0
0x00094B98,085aaedc
0x00094BE0,085aa180
0x00094C68,0846409c
0x00094C6C,0846423c
0x00094C70,084640a8
0x00094CC0,0846423c
0x00094CC4,08464290
0x00094CC8,084640a8
0x00094D18,0846423c
0x00094D1C,08464298
0x00094D20,084640a8
0x00094DC4,08458510
0x00094DC8,0845851c
0x00094DD4,0845854c
0x00094DD8,08458558
0x00094DDC,084584d4
0x00094DE0,084584e0
0x00094E80,0845854c
0x00094E84,08458558
0x00094E90,084584ac
0x00094E94,084584b8
0x00094E98,084584d4
0x00094E9C,084584e0
0x00094F8B,08494748
0x0009504F,08311444
0x0009509C,084642a0
0x000950A0,08599280
0x000950A8,08458574
0x000950AC,08458580
0x000950B8,0845859c
0x000950BC,084585a8
0x000950C4,08463b38
0x000950CC,08463ffc
0x000950D4,08094971
0x000950D8,08464034
0x000950DC,08464040
0x000950EB,081c1000
0x000950FF,082708e0
0x00095103,081c2825
0x00095117,08431046
0x0009511F,08431068
0x000951D9,08401868
0x000951ED,080000ff
0x000951FB,08431046
0x00095203,08431068
0x0009520B,08431068
0x00095333,08010088
0x0009534D,08028921
0x000953FD,08020020
0x00095443,08280040
0x000954B0,085a7c50
0x000954E8,085ac890
0x0009559C,085a57c4
0x000955A0,084642ac
0x000955A4,085a7c50
0x000955D8,085ac890
0x00095675,08468a31
0x000956AF,08494f48
0x0009576B,08311444
0x000957E4,084642b4
0x000957E8,08599280
0x000957EC,08458574
0x000957F0,08458580
0x000957FC,0845859c
0x00095800,084585a8
0x00095808,08463b38
0x00095810,08463ffc
0x00095818,080952c9
0x0009581C,08464034
0x00095820,08464040
0x00095871,08220888
0x00095873,08200822
0x0009587D,081c104a
0x00095891,08401868
0x000958A5,080000ff
0x000958B3,08431046
0x000958BB,08431068
0x000958C3,08431068
0x0009591B,08431846
0x00095923,08431868
0x00095994,084642c0
0x00095998,084642d0
0x000959CD,081c1902
0x000959D9,08401046
0x00095BF1,08311444
0x00095C27,08200049
0x00095C3C,084642e0
0x00095C40,08464290
0x00095C44,084640a8
0x00095C48,084584ac
0x00095C4C,084584b8
0x00095C58,084584d4
0x00095C5C,084584e0
0x00095C68,080952c9
0x00095C6C,08464034
0x00095C70,08464040
0x00095D77,081c1902
0x00095DF0,084642ec
0x00095DF4,085a57c4
0x00095DF8,084642f8
0x00095E45,0804110e
0x00095E63,082802e0
0x00095E81,0804111c
0x00095EF8,0809cc04
0x00095EFC,0809cc10
0x00095FF4,0809cc74
0x00095FF8,0809cc98
0x00096033,081c2825
0x00096051,081c2825
0x00096083,081c2024
0x00096150,085a4de4
0x000961CD,08464118
0x0009626B,0800b948
0x000962A7,08465118
0x00096344,08096344
0x00096348,08096488
0x0009634C,080964c8
0x00096350,08096488
0x00096354,080965e6
0x00096358,080965e6
0x0009635C,080965e6
0x00096360,080965e6
0x00096364,080965e6
0x00096368,080965e6
0x0009636C,080965e6
0x00096370,080965e6
0x00096374,080965e6
0x00096378,080965e6
0x0009637C,080965e6
0x00096380,080965e6
0x00096384,080965e6
0x00096388,080965e6
0x0009638C,080965e6
0x00096390,080965e6
0x00096394,080965e6
0x00096398,080965e6
0x0009639C,080965e6
0x000963A0,080965e6
0x000963A4,080965e6
0x000963A8,080965e6
0x000963AC,080965e6
0x000963B0,080965e6
0x000963B4,080965e6
0x000963B8,080965e6
0x000963BC,080965e6
0x000963C0,080965e6
0x000963C4,080965e6
0x000963C8,080964e6
0x000963CC,080964ec
0x000963D0,080965e6
0x000963D4,080965e6
0x000963D8,080965e6
0x000963DC,080965e6
0x000963E0,080965e6
0x000963E4,080965e6
0x000963E8,080965e6
0x000963EC,080965e6
0x000963F0,080965e6
0x000963F4,080965e6
0x000963F8,080965e6
0x000963FC,080965e6
0x00096400,080965e6
0x00096404,080965e6
0x00096408,080965e6
0x0009640C,080965e6
0x00096410,080965e6
0x00096414,080965e6
0x00096418,080965e6
0x0009641C,080965e6
0x00096420,080965e6
0x00096424,080965e6
0x00096428,080965e6
0x0009642C,080965e6
0x00096430,080965e6
0x00096434,080965e6
0x00096438,080965e6
0x0009643C,080965e6
0x00096440,080965e6
0x00096444,080965e6
0x00096448,0809651c
0x00096450,080965e6
0x00096454,080965e6
0x00096458,080965e6
0x0009645C,080965e6
0x00096460,080965e6
0x00096464,080965e6
0x00096468,080965e6
0x0009646C,080965e6
0x00096470,080965e6
0x00096474,080965e6
0x00096478,080965e6
0x0009647C,080965e6
0x00096480,080965e6
0x00096484,080965e6
0x00096488,080965b0
0x00096517,08028921
0x00096660,0846443c
0x00096664,08464454
0x00096668,08096325
0x00096674,08438800
0x000966A5,08028921
0x000966DF,08028921
0x0009671D,08028921
0x000967A3,08028921
0x000967D1,08200068
0x00096806,08408800
0x00096811,08468840
0x0009684F,08028921
0x00096914,08408800
0x0009694D,08446a78
0x00096971,08302c1c
0x00096A8F,081c1000
0x00096A9B,08490e68
0x00096B11,08028921
0x00096B1D,08200049
0x00096B85,080e1606
0x00096B97,08342c1c
0x00096BB0,08096bb0
0x00096BB4,08096bd4
0x00096BB8,08096bf8
0x00096BBC,08096c22
0x00096BC0,08096c56
0x00096BC4,08096c9c
0x00096BC8,08096c9c
0x00096BCC,08096ca8
0x00096BD0,08096cbc
0x00096BD4,08096ccc
0x00096CC3,08028921
0x00096D07,08028921
0x00096D1F,084e0a21
0x00096E77,08028921
0x00096EAD,08020978
0x00096EB3,08040978
0x00096EB9,08060978
0x00096EC5,08020978
0x00096FF7,08028921
0x00097007,08028921
0x0009701D,08490b68
0x0009702B,08490768
0x00097069,0802c020
0x00097089,0802c020
0x000970B5,08140940
0x000970D9,0802c020
0x000970F9,0802c020
0x00097125,08140940
0x00097197,08424921
0x00097230,08097230
0x00097238,08097250
0x00097257,08424840
0x00097269,08429320
0x0009729F,08182113
0x000972AB,083151d1
0x000972B3,082000d1
0x000972DF,0842b814
0x00097317,08213068
0x000973A4,0846445c
0x000973A8,08599634
0x000973AC,08464464
0x000973B0,08464474
0x0009740C,084644a0
0x00097410,08599634
0x00097414,084644c0
0x00097470,084644d0
0x00097474,085a7e8c
0x00097478,08464464
0x0009747C,084644dc
0x000974CC,08464500
0x000974D0,08599280
0x000974D4,08464464
0x0009752D,084708bc
0x00097530,08464508
0x00097534,085a7060
0x00097538,08464464
0x00097553,081951d0
0x00097605,082000d1
0x00097667,0818a143
0x0009770B,080c0504
0x00097783,080c0504
0x000977F4,080977f4
0x000977F8,08097916
0x00097800,08097930
0x00097804,0809794e
0x00097808,08097958
0x00097810,080979d6
0x00097814,08097d20
0x0009781C,08097ab4
0x00097820,08097aba
0x00097824,08097ac4
0x00097828,08097ad8
0x0009782C,08097aea
0x00097834,08097b42
0x0009783C,08097b58
0x00097840,0809793e
0x00097844,08097b6c
0x00097848,08097bbc
0x0009784C,08097bf8
0x00097850,08097c2c
0x00097854,08097966
0x00097858,08097974
0x0009785C,08097c48
0x00097860,08097c6c
0x00097864,08097c9c
0x00097868,08097cae
0x0009786C,08097cc4
0x00097870,08097ce4
0x00097874,08097c3c
0x0009787C,08097982
0x00097880,08097e14
0x00097884,08097e22
0x00097888,08097e2c
0x0009788C,08097e2c
0x00097890,08097e2c
0x00097894,08097e2c
0x00097898,08097e2c
0x0009789C,08097e2c
0x000978A0,08097e2c
0x000978A4,08097e2c
0x000978A8,08097e2c
0x000978AC,08097e2c
0x000978B0,08097e2c
0x000978B4,08097e2c
0x000978B8,08097e2c
0x000978BC,08097e2c
0x000978C4,08097d2a
0x000978C8,08097d4c
0x000978CC,08097d86
0x000978D0,08097da6
0x000978D4,08097dc4
0x000978D8,08097dce
0x000978DC,08097df6
0x000978ED,08213068
0x0009792B,08446800
0x000979A1,08424921
0x000979FD,08424921
0x00097A44,085a57c4
0x00097A7B,08424921
0x00097B00,08464510
0x00097B8B,082c0018
0x00097BBC,08096fe1
0x00097BCB,08490937
0x00097E69,0804c921
0x00097E75,08020978
0x00097E7B,08040978
0x00097EC5,08140404
0x00097FA1,081c1819
0x00098039,08182838
0x0009809F,081c1819
0x000980A5,081a3000
0x000981A8,085a2ef4
0x000981AC,085a2c44
0x000981DF,083301e0
0x000982DF,0800c020
0x00098327,08465160
0x00098391,084661db
0x00098415,08062d9d
0x00098485,0800a102
0x00098521,08085a32
0x00098533,08483703
0x00098539,0849384a
0x00098587,0800c020
0x00098620,083e4af0
0x00098628,085a2034
0x000986C7,08429314
0x000986F1,0843411c
0x00098734,08408ac0
0x000987CA,08448ac0
0x0009881F,08008918
0x00098848,08098848
0x0009884C,080988c4
0x00098850,080988da
0x00098851,08080988
0x00098854,08098a08
0x00098855,0808098a
0x00098858,08098a08
0x00098859,0808098a
0x0009885C,08098a08
0x0009885D,0808098a
0x00098860,08098a08
0x00098861,0808098a
0x00098864,08098a08
0x00098865,0808098a
0x00098868,08098a08
0x00098869,0808098a
0x0009886C,08098a08
0x0009886D,0808098a
0x00098870,08098a08
0x00098875,08080989
0x00098878,08098a08
0x00098879,0808098a
0x0009887C,08098a08
0x0009887D,0808098a
0x00098880,08098a08
0x00098881,0808098a
0x00098884,08098a08
0x00098885,0808098a
0x00098888,08098a08
0x00098889,0808098a
0x0009888C,08098a08
0x0009888D,0808098a
0x00098890,08098a08
0x00098891,0808098a
0x00098894,08098a08
0x00098895,0808098a
0x00098898,08098a08
0x0009889C,080989a8
0x0009889D,08080989
0x000988A0,08098a08
0x000988A1,0808098a
0x000988A4,08098a08
0x000988A5,0808098a
0x000988A8,08098a08
0x000988A9,0808098a
0x000988AC,08098a08
0x000988AD,0808098a
0x000988B0,08098a08
0x000988B1,0808098a
0x000988B4,08098a08
0x000988B5,0808098a
0x000988B8,08098a08
0x000988B9,0808098a
0x000988BC,08098a08
0x000988BD,0808098a
0x000988C0,08098a08
0x000988C4,080989dc
0x00098A07,08021018
0x00098B4B,08029843
0x00098BC7,0840827a
0x00098BF9,08200049
0x00098C7B,08198900
0x00098C7F,08384068
0x00098DBC,08098dbc
0x00098DC0,08098ddc
0x00098DC4,08098e20
0x00098DC8,08098e20
0x00098DCC,08098e28
0x00098DD0,08098e30
0x00098DD4,08098e38
0x00098DD8,08098e40
0x00098DDC,08098e48
0x00098DDD,0808098e
0x00098DE5,0846411c
0x00098F0B,08014020
0x00098FC8,085a2ef4
0x00098FCC,08098e59
0x00098FD0,083e4ae0
0x00098FD4,083e4aec
0x0009901E,08520c02
0x000990E1,08018020
0x000992AD,0820807a
0x00099337,08431046
0x000993A5,08004946
0x000993DD,081c4618
0x000993EB,08466118
0x0009941D,0820807a
0x0009943B,08010020
0x00099457,08008020
0x000994CB,08008020
0x0009956D,084916d1
0x000995A3,08018020
0x000995C1,084700bc
0x000995D4,083e4ae0
0x000995D8,083e4aec
0x000995DC,08098d39
0x000995E1,08050000
0x000995E4,085a2b08
0x0009960F,08140004
0x00099637,081c3000
0x00099683,0820807a
0x000996AD,08200049
0x000997EB,0838211c
0x000998A9,0800401a
0x000998B9,08200049
0x000998E7,0802005f
0x00099959,08280004
0x0009995D,081e48da
0x00099991,08004940
0x000999B3,08010020
0x000999C9,08035018
0x000999E1,08194400
0x00099A29,08280004
0x00099A2D,081e48da
0x00099A3D,08020028
0x00099A97,08018440
0x00099BB9,08200049
0x00099C6B,08444100
0x00099D4F,0821807a
0x00099D5C,085a2034
0x00099D61,08207f7a
0x00099E25,0802807e
0x00099E29,08108570
0x00099E80,0849c601
0x0009A1AD,08469b46
0x0009A1FB,0820c778
0x0009A250,08464534
0x0009A277,084318ff
0x0009A281,082a0378
0x0009A49F,0820c778
0x0009A5F3,0820c778
0x0009A665,0821f078
0x0009A683,08469b46
0x0009A69D,08208078
0x0009A739,08288078
0x0009A783,0820c078
0x0009A793,08208078
0x0009A7D7,0820c778
0x0009A7DD,082040d0
0x0009A807,0820c778
0x0009A80D,082040d0
0x0009A8B9,08208078
0x0009A92B,08422278
0x0009A9F8,084645c4
0x0009AA45,08424921
0x0009AA94,08099e11
0x0009AAB0,08465b40
0x0009AAC7,084a0704
0x0009AAE8,08465b40
0x0009AAEC,08465b70
0x0009AB1C,08465b40
0x0009AB20,08465b70
0x0009AB68,08465b40
0x0009AB6C,08465b70
0x0009ABBC,08465b40
0x0009ABC0,08465b70
0x0009ABF0,08465b40
0x0009ABF4,08465b70
0x0009ABFF,0828000c
0x0009AC20,08465b40
0x0009AC37,0828000c
0x0009AC58,08465b40
0x0009ACE9,08200131
0x0009AD0D,08482f80
0x0009AD43,08482549
0x0009AD4F,08482564
0x0009AD69,08482431
0x0009AD99,08200231
0x0009ADB5,08208870
0x0009ADDC,0809bcb5
0x0009ADE0,0809a971
0x0009ADE4,0809a985
0x0009ADE8,0809be0d
0x0009ADEC,0809a909
0x0009ADF0,0809af35
0x0009ADF4,0809a695
0x0009ADF8,0809b319
0x0009ADFC,0809b3e1
0x0009AE00,0809b5f5
0x0009AE04,0809b53d
0x0009AE08,0809b495
0x0009AE49,08492b60
0x0009AE57,084828d0
0x0009AE5B,08492860
0x0009AE65,084825d0
0x0009AE81,081c104a
0x0009AE8D,08214040
0x0009AE99,0818a800
0x0009AE9F,08481d31
0x0009AEA9,0818a801
0x0009AEAF,08481a31
0x0009AF28,0809a709
0x0009AF2C,0809bf2d
0x0009AF99,08490ff8
0x0009AFA1,08490dd0
0x0009AFAB,08208049
0x0009AFBC,084646a8
0x0009B0ED,084811d0
0x0009B0FB,08480dd0
0x0009B1F4,0809a42d
0x0009B2EF,08060921
0x0009B35D,080000ff
0x0009B39F,08060921
0x0009B4CC,0846475c
0x0009B51B,0811095e
0x0009B53C,08464744
0x0009B55B,08200849
0x0009B57D,08200849
0x0009B583,08208031
0x0009B5A5,0842980e
0x0009B629,0820c778
0x0009B7DF,082040e1
0x0009B9A7,08490fd0
0x0009B9B1,0843107e
0x0009BA9F,08280040
0x0009BAB1,08431846
0x0009BB21,08464073
0x0009BB7B,08280040
0x0009BB8D,08431846
0x0009BBC7,08431078
0x0009BCE8,0809bce8
0x0009BCEC,0809bd30
0x0009BCF0,0809bd34
0x0009BCF4,0809bd3c
0x0009BCF8,0809bd44
0x0009BCFC,0809bd4e
0x0009BD00,0809bd5c
0x0009BD04,0809bd6a
0x0009BD08,0809bd72
0x0009BD0C,0809bd7a
0x0009BD10,0809bd82
0x0009BD14,0809bd8a
0x0009BD18,0809bd92
0x0009BD1C,0809bd9a
0x0009BD20,0809bda8
0x0009BD24,0809bdb6
0x0009BD28,0809bdc4
0x0009BD2C,0809bdd2
0x0009BD30,0809bde0
0x0009BE2C,084647dc
0x0009BE89,0800ffff
0x0009BE9D,08000047
0x0009BEB1,08000047
0x0009BEC5,08000047
0x0009BED9,08000047
0x0009BEED,08000047
0x0009BEF9,08477064
0x0009BF05,08477064
0x0009BF19,08000047
0x0009BF3F,08490b88
0x0009BF7F,08490b88
0x0009BFBF,08490a88
0x0009BFE1,081e60d0
0x0009C014,0809bf31
0x0009C01C,0809bf71
0x0009C033,08480649
0x0009C054,0809bfb1
0x0009C05C,0809bffd
0x0009C073,08480649
0x0009C07B,08490688
0x0009C0F1,084770df
0x0009C115,0846c047
0x0009C198,084c431a
0x0009C228,084c1a40
0x0009C29A,084cd001
0x0009C2EE,084c431a
0x0009C366,084c1a40
0x0009C3DC,084cd001
0x0009C458,085ae748
0x0009C474,085ae748
0x0009C617,08001000
0x0009C64D,081e001f
0x0009CA12,081c02de
0x0009CA47,0800a91d
0x0009CA4D,0800ee08
0x0009CC11,080000ff
0x0009CC1D,08000000
0x0009CC35,08000000
0x0009CC4D,08000000
0x0009CC65,08000000
0x0009CC7C,0809cc2c
0x0009CC80,0809cc44
0x0009CC84,0809cc5c
0x0009CCA5,08000000
0x0009CCA7,08000800
0x0009CCCD,08000000
0x0009CCCF,08000800
0x0009CCF5,08000000
0x0009CCF7,08000800
0x0009CD11,080000ff
0x0009CD1D,08000000
0x0009CD1F,08000800
0x0009F5A0,08060006
0x000A185C,08081809
0x000A24E9,0806afb8
0x000A25B9,08060800
0x000A25CD,081b8818
0x000A25CF,0809081b
0x000A26D1,08090818
0x000A2713,080908bf
0x000A281B,080ffc00
0x000A2913,080909bf
0x000A2927,080ff800
0x000A2A37,08000060
0x000A2A39,08290800
0x000A2E3D,080ffc00
0x000A2E3E,08080ffc
0x000A2E3F,0808080f
0x000A2E40,08080808
0x000A2E43,080ffc08
0x000A2E45,0800080f
0x000A2E87,080608bf
0x000A2E89,08060806
0x000A2E8B,08060806
0x000A2E8D,08060806
0x000A2ED2,08280860
0x000A3017,08000038
0x000A3037,080000a3
0x000A3039,08060800
0x000A3877,0800000b
0x000A3B0D,083fc820
0x000A3B1B,083ffc00
0x000A3B1D,0820083f
0x000A3B4D,083fc820
0x000A3B77,080000ae
0x000A3BEF,082fc826
0x000A3D13,08200920
0x000A3D67,080608bf
0x000A3D69,08060806
0x000A3D6D,083fe806
0x000A3D6F,0806083f
0x000A3D71,08060806
0x000A3DF7,080000b0
0x000A3E5D,08260822
0x000A4197,08000061
0x000A41B7,080000a2
0x000A4277,0800000b
0x000A4331,08091809
0x000A4357,08000062
0x000A4417,080000a0
0x000A442D,083fc806
0x000A442F,0806083f
0x000A4431,08060806
0x000A4457,0800000c
0x000A4477,08000091
0x000A4479,08060800
0x000A4487,083fc82a
0x000A4613,08061806
0x000A4637,0800002f
0x000A4671,08091809
0x000A4677,08000009
0x000A46D9,080ffc00
0x000A46DA,08080ffc
0x000A46DB,0808080f
0x000A46DC,08080808
0x000A46DD,08080808
0x000A46DE,08080808
0x000A46E1,080ffc08
0x000A46E2,08080ffc
0x000A46E3,0808080f
0x000A46E4,08080808
0x000A46E7,080ffc08
0x000A46E8,08080ffc
0x000A46E9,0808080f
0x000A46EA,08080808
0x000A46EB,08080808
0x000A46EC,08080808
0x000A47A7,083fe846
0x000A4863,0803e801
0x000A4873,0820f92b
0x000A4A37,08000008
0x000A4A3B,08090809
0x000A4B6D,083ff822
0x000A4B6F,0820083f
0x000A4E27,08000900
0x000A4E3F,08092f0b
0x000A4ED7,0800002c
0x000A4FB3,080908bf
0x000A5278,08090000
0x000A527A,08090809
0x000A5440,080918af
0x000A54B9,08060900
0x000A55B8,08180000
0x000A5683,084608bf
0x000A5689,08022fbf
0x000A5739,08000800
0x000A593B,083faf00
0x000A593D,0800083f
0x000A593F,08000800
0x000A5941,08000800
0x000A5B8A,0800bfff
0x000A5B92,080008f8
0x000A5B97,0800000e
0x000A5CC1,08224822
0x000A5D77,080000a3
0x000A5DB7,08000092
0x000A5DB9,08000800
0x000A5DC6,08000ffe
0x000A5E17,08000092
0x000A5E19,08000800
0x000A5E77,08000018
0x000A5EB7,08000092
0x000A5EB9,08000800
0x000A5EBB,083f0800
0x000A5EC1,083f0822
0x000A5EC7,0822bf3f
0x000A5F17,0800007c
0x000A5F19,08000800
0x000A5F1B,08000800
0x000A5F1F,08203e2f
0x000A5F21,08200820
0x000A5F39,08020800
0x000A5F3D,08023f02
0x000A5F4B,08223f22
0x000A5FFB,08098808
0x000A6037,080000a3
0x000A6038,08080000
0x000A6039,08080800
0x000A603A,08080808
0x000A603C,08090808
0x000A6042,08260826
0x000A6066,08200820
0x000A606A,08200bf0
0x000A606C,08200820
0x000A6070,08200bf0
0x000A6072,08200820
0x000A6097,08000092
0x000A6098,08080000
0x000A6099,08080800
0x000A609A,08080808
0x000A609B,08080808
0x000A609C,08080808
0x000A60A0,0808bfef
0x000A60A1,080808bf
0x000A60A2,08080808
0x000A60AB,08260822
0x000A60AD,081a0826
0x000A60AF,0809081a
0x000A60E6,083c1a28
0x000A60E8,0828083c
0x000A6137,080000b0
0x000A6177,080000a2
0x000A6198,08000000
0x000A61FD,080924bf
0x000A624F,0820082f
0x000A6251,08200820
0x000A6297,080000a0
0x000A6298,08080000
0x000A6299,08080800
0x000A629A,08080808
0x000A629B,08080808
0x000A629C,08080808
0x000A62A0,0808bfef
0x000A62A1,080808bf
0x000A62A2,08080808
0x000A62B7,0800003f
0x000A62D8,08000000
0x000A62DC,0800082e
0x000A62E0,0800bfef
0x000A62E4,0800082e
0x000A62F8,08000000
0x000A62FA,083f0800
0x000A62FB,08083f08
0x000A62FC,0808083f
0x000A62FD,08080808
0x000A62FE,08080808
0x000A62FF,08080808
0x000A6302,0806bc08
0x000A6304,082e0806
0x000A6306,0826082e
0x000A6317,0800003f
0x000A6319,08020800
0x000A6326,080e080e
0x000A6330,0809080a
0x000A6331,08080908
0x000A6332,08080809
0x000A6333,08080808
0x000A6334,08080808
0x000A6357,08000000
0x000A6359,08000800
0x000A6374,08000883
0x000A63B4,080e0aaa
0x000A63C9,083f8820
0x000A63E9,083fe922
0x000A63EB,0806083f
0x000A63FD,08001802
0x000A63FF,08000800
0x000A6401,08000800
0x000A6407,0808183f
0x000A6408,08080818
0x000A6409,08080808
0x000A640A,08080808
0x000A640B,08080808
0x000A640C,08080808
0x000A640D,08080808
0x000A640E,08080808
0x000A640F,08080808
0x000A6410,08080808
0x000A6411,08080808
0x000A6412,08080808
0x000A641E,08200fe0
0x000A6459,08020800
0x000A645B,08020802
0x000A6473,08020892
0x000A64D1,0820082f
0x000A6557,08000000
0x000A65FB,08282f28
0x000A65FC,0808282f
0x000A6601,084808bf
0x000A6607,082e489d
0x000A6677,080000b0
0x000A6697,080000a0
0x000A66B3,08200920
0x000A66B7,08000020
0x000A672C,08200060
0x000A673B,083ffc00
0x000A673D,0820083f
0x000A6764,08020fff
0x000A6766,08020802
0x000A6768,08020802
0x000A6777,0800003f
0x000A6809,082f0825
0x000A682A,0800bfc0
0x000A682E,0826082e
0x000A6830,08260826
0x000A6832,08260826
0x000A6834,082e0826
0x000A6843,083f3e02
0x000A68E1,080ff800
0x000A6901,080ff800
0x000A6921,080ff800
0x000A6923,0808080f
0x000A6924,08080808
0x000A6925,08080808
0x000A6926,08080808
0x000A6957,08000090
0x000A6959,08020800
0x000A697B,080be838
0x000A6989,080f8818
0x000A69DA,08200820
0x000A69DC,08200820
0x000A69DE,08200820
0x000A69E2,08203ffe
0x000A69E4,08200820
0x000A69E6,08200820
0x000A69E8,08200820
0x000A6A17,0800003f
0x000A6A19,08020800
0x000A6A1D,083fc802
0x000A6A74,08060a39
0x000A6AB7,08000038
0x000A6AB8,08080000
0x000A6AB9,08080800
0x000A6ABA,08080808
0x000A6B39,08020800
0x000A6B49,080608bf
0x000A6B7A,08200820
0x000A6B7E,08203ffe
0x000A6B80,08200820
0x000A6B82,08200820
0x000A6B97,08000000
0x000A6B99,08020800
0x000A6B9B,08020802
0x000A6B9F,083fef02
0x000A6BB7,08000060
0x000A6BD7,08000092
0x000A6C23,08020a02
0x000A6C2D,08020a02
0x000A6C2F,08020802
0x000A6C31,08020802
0x000A6C9C,08300ffc
0x000A6CF7,080000a0
0x000A6D14,08021aa2
0x000A6D18,080c0000
0x000A6D1A,0826080c
0x000A6DB0,0808b838
0x000A6DB1,080808b8
0x000A6DB2,08080808
0x000A6DB3,08080808
0x000A6DB4,08080808
0x000A6DE3,083fff08
0x000A6DE4,08083fff
0x000A6DE5,0808083f
0x000A6DE6,08080808
0x000A6DE7,08080808
0x000A6DE8,08080808
0x000A6E3B,083ffc00
0x000A6E3D,0820083f
0x000A6E43,0800083f
0x000A6E77,0800003f
0x000A6E91,0803099c
0x000A6ED7,080000b0
0x000A6EDE,082a096a
0x000A6EE2,083f0818
0x000A6EF1,08080a08
0x000A6EF2,0808080a
0x000A6EF3,08080808
0x000A6EF4,08080808
0x000A6F07,083fe822
0x000A6F09,0802083f
0x000A6F0D,083fe802
0x000A6F37,08000032
0x000A6F39,08020800
0x000A6F78,08180000
0x000A6F9B,0803fc3c
0x000A6F9D,08000803
0x000A6F9F,08000800
0x000A6FA1,08000800
0x000A6FA7,080208bf
0x000A6FA9,08020802
0x000A6FAB,08020802
0x000A6FE7,08082f08
0x000A7018,08080000
0x000A7019,08080800
0x000A701A,08080808
0x000A7045,0826a822
0x000A7057,08000038
0x000A70A3,0803fc3c
0x000A70A5,08000803
0x000A70AB,080208bf
0x000A70AD,08020802
0x000A70D7,0800003f
0x000A70F7,08000009
0x000A7192,08001800
0x000A71C9,08021802
0x000A71CB,08020802
0x000A71F7,08000060
0x000A71F9,08000800
0x000A722E,082a0862
0x000A7265,0808af18
0x000A7266,080808af
0x000A7267,08080808
0x000A7269,08090808
0x000A72AD,0820082f
0x000A72AF,08200820
0x000A72B1,08200820
0x000A7339,080ff800
0x000A733B,0808080f
0x000A733C,08080808
0x000A733F,080ff808
0x000A7341,0808080f
0x000A7342,08080808
0x000A7345,080ff808
0x000A7347,0808080f
0x000A7348,08080808
0x000A7444,081a3f8a
0x000A7493,081aa8ab
0x000A74E3,080008bf
0x000A74EB,083fe822
0x000A7557,08000000
0x000A75A9,082ffea0
0x000A75AB,0820082f
0x000A75B1,0820082f
0x000A75CD,080a180a
0x000A75EF,0820082f
0x000A75F1,08200820
0x000A7697,08000000
0x000A76B4,08098888
0x000A7787,0808be3e
0x000A7789,08080808
0x000A778A,08080808
0x000A77DA,08200820
0x000A77DE,082008fe
0x000A77E0,08200820
0x000A77EA,08209820
0x000A77EE,082008fe
0x000A77F0,08200820
0x000A7817,080000a0
0x000A7819,08000800
0x000A7831,083a0892
0x000A7833,0802083a
0x000A7871,080008be
0x000A789B,0820082f
0x000A789D,08200820
0x000A789F,08200820
0x000A78A1,08200820
0x000A78B8,08000000
0x000A78F8,08000000
0x000A78FD,083f8808
0x000A78FE,08083f88
0x000A78FF,0808083f
0x000A7900,08080808
0x000A7901,08080808
0x000A7902,08080808
0x000A7907,080008bf
0x000A7908,08080008
0x000A7909,08080800
0x000A790A,08080808
0x000A790E,082c3f88
0x000A7910,080b082c
0x000A7912,0800080b
0x000A7977,0800000a
0x000A7A17,0800008b
0x000A7A4B,083fc800
0x000A7A5A,08280828
0x000A7A97,08000000
0x000A7A98,08080000
0x000A7A99,08080800
0x000A7A9A,08080808
0x000A7A9E,082f3f88
0x000A7A9F,08082f3f
0x000A7AA0,0808082f
0x000A7AA2,08090808
0x000A7AA8,082a000e
0x000A7AAE,080a3f8a
0x000A7AB0,0809080a
0x000A7AB1,08080908
0x000A7AB2,08080809
0x000A7AD8,08000000
0x000A7AE2,082f082a
0x000A7AE8,082a002a
0x000A7AEE,08003faf
0x000A7AF0,08000800
0x000A7AF2,08000800
0x000A7B37,08000000
0x000A7B43,080c0926
0x000A7B4C,082a0808
0x000A7B50,080a3faa
0x000A7B52,0809080a
0x000A7BA4,082008fe
0x000A7BAE,082098fe
0x000A7BB4,0800082f
0x000A7C18,08000000
0x000A7C1A,083e0800
0x000A7C1C,0800083e
0x000A7C20,080008bf
0x000A7C26,083e0800
0x000A7C28,0800083e
0x000A7C2A,08000800
0x000A7C2C,083e0800
0x000A7C34,083e0822
0x000A7C71,0820082f
0x000A7C77,0800002f
0x000A7C7D,08223f2f
0x000A7C8A,083f086a
0x000A7C8D,083f8808
0x000A7C8E,08083f88
0x000A7C90,083f0808
0x000A7C91,08083f08
0x000A7C92,0808083f
0x000A7CA7,0822a33f
0x000A7CA9,083f0822
0x000A7CAF,083f0822
0x000A7D0D,0838b82a
0x000A7D0E,080838b8
0x000A7D10,08090808
0x000A7D18,08080000
0x000A7D1A,082c0808
0x000A7D2C,083e092a
0x000A7D77,080000b0
0x000A7D79,08020800
0x000A7D7F,08060822
0x000A7D8D,08280828
0x000A7DA3,0822bf3f
0x000A7DA5,082c0822
0x000A7DD8,08000000
0x000A7DEE,080e3fa2
0x000A7DF7,0800008a
0x000A7E27,08243924
0x000A7E37,08000006
0x000A7E39,08000800
0x000A7E5B,08020902
0x000A7E69,080600bf
0x000A7EAD,08091809
0x000A7EB7,08000090
0x000A7EB8,08080000
0x000A7EBE,0822bfe6
0x000A7EC0,081a0822
0x000A7EC2,0809081a
0x000A7EF8,08000000
0x000A7EFC,0800082e
0x000A7F19,080ff800
0x000A7F1B,0808080f
0x000A7F1C,08080808
0x000A7F1D,08080808
0x000A7F1E,08080808
0x000A7F21,080ff808
0x000A7F23,0808080f
0x000A7F24,08080808
0x000A7F25,08080808
0x000A7F26,08080808
0x000A7F29,080ff808
0x000A7F2B,0808080f
0x000A7F2C,08080808
0x000A7F2D,08080808
0x000A7F2E,08080808
0x000A7F30,08090808
0x000A7F32,08060809
0x000A7F37,0800000e
0x000A7F38,08080000
0x000A7F46,0809086a
0x000A7F4A,0808bfe8
0x000A7F4B,080808bf
0x000A7F4C,08080808
0x000A7F4D,08080808
0x000A7F4E,08080808
0x000A7F4F,08080808
0x000A7F50,08080808
0x000A7F51,08080808
0x000A7F52,08080808
0x000A7F53,08080808
0x000A7F54,08080808
0x000A7F57,08000008
0x000A7F93,08218821
0x000A7F98,08180000
0x000A8018,08000000
0x000A801A,08000800
0x000A8098,08000000
0x000A80A4,082e3f89
0x000A80AE,0809bfca
0x000A80B0,080c0809
0x000A8137,0800003f
0x000A8157,080000a0
0x000A8159,08020800
0x000A815F,0802af3f
0x000A81B7,080000a0
0x000A81B8,08080000
0x000A81B9,08080800
0x000A825F,083ffc00
0x000A8279,082ff800
0x000A827B,0820082f
0x000A827F,082ff820
0x000A8281,0820082f
0x000A8285,082ff820
0x000A8287,0820082f
0x000A82C9,082fffa3
0x000A82D7,080000b0
0x000A82D9,08000800
0x000A82DD,083eff00
0x000A82DE,08083eff
0x000A82EB,0808be08
0x000A82EF,0808ff08
0x000A82F0,080808ff
0x000A82F1,08080808
0x000A82F2,08080808
0x000A82F3,08080808
0x000A82F4,08080808
0x000A830F,083fc820
0x000A8344,081a480a
0x000A8397,080000a0
0x000A83DB,080208bf
0x000A83EB,083fe820
0x000A8438,08000000
0x000A8440,08200820
0x000A845B,08280628
0x000A84D8,08080000
0x000A84D9,08080800
0x000A84DA,08080808
0x000A84E1,08061a09
0x000A84F7,08000093
0x000A84F8,08080000
0x000A84F9,08080800
0x000A84FA,08080808
0x000A852F,080ffc00
0x000A8530,08080ffc
0x000A8531,0808080f
0x000A8532,08080808
0x000A8538,08000000
0x000A8597,08000000
0x000A85CB,0820082f
0x000A85CD,08200820
0x000A85CF,08200820
0x000A85D1,08200820
0x000A8617,0800003f
0x000A8618,08080000
0x000A8619,08080800
0x000A861A,08080808
0x000A861B,08080808
0x000A861C,08080808
0x000A8622,0822bfe6
0x000A86C1,083ffc00
0x000A86C3,0820083f
0x000A86C5,08200820
0x000A86CB,0800083f
0x000A86D7,08000000
0x000A86D9,08020800
0x000A86DB,08020802
0x000A86F7,080000a0
0x000A86F8,08080000
0x000A86F9,08080800
0x000A86FA,08080808
0x000A86FB,08080808
0x000A86FC,08080808
0x000A8700,0808bfef
0x000A8702,08090808
0x000A8704,080e0809
0x000A8706,080e080e
0x000A8777,080000a2
0x000A8778,08080000
0x000A8779,08080800
0x000A877A,08080808
0x000A878F,0822483f
0x000A8791,08200822
0x000A87B7,080000a0
0x000A87B9,08000800
0x000A8809,083f0821
0x000A8818,08000000
0x000A8838,08000000
0x000A883A,083e0800
0x000A8858,080c0000
0x000A885A,0826080c
0x000A885C,08020826
0x000A885E,08000802
0x000A8862,0809bfef
0x000A8864,08080809
0x000A887F,083ffc00
0x000A88B7,08000093
0x000A88B8,08080000
0x000A88B9,08080800
0x000A88BA,08080808
0x000A88BD,0808ff08
0x000A88C2,080008be
0x000A88EC,08200820
0x000A88EE,08200820
0x000A88F0,08200820
0x000A8904,08200fe0
0x000A8906,08200820
0x000A891B,083fe800
0x000A8937,08000000
0x000A8939,08000800
0x000A8963,0800082f
0x000A898F,0820082f
0x000A8991,08200820
0x000A8997,0800002f
0x000A8999,08000800
0x000A89F3,0818f8ab
0x000A89F4,080818f8
0x000A89F7,08000008
0x000A89FB,083fe800
0x000A8A09,080008bf
0x000A8A17,0800003f
0x000A8A1B,083fe800
0x000A8A37,0800003f
0x000A8A77,080000a9
0x000A8A78,08080000
0x000A8A7B,083ffe08
0x000A8A7C,08083ffe
0x000A8A7F,080ff808
0x000A8A83,080ff808
0x000A8B2F,08001800
0x000A8B4E,08003fbe
0x000A8B50,082a0800
0x000A8B77,080000b0
0x000A8B79,08020800
0x000A8B8B,080a4808
0x000A8B97,080000a0
0x000A8B9B,080fc800
0x000A8B9C,08080fc8
0x000A8B9E,08090808
0x000A8BA9,0802283f
0x000A8BB7,080000a0
0x000A8BD7,080000a0
0x000A8BD9,08020800
0x000A8BEB,080208bf
0x000A8BEF,083fe802
0x000A8BF1,0802083f
0x000A8BF3,08020802
0x000A8C2C,08200060
0x000A8C38,08000000
0x000A8C3A,08000800
0x000A8C3D,0808bf08
0x000A8C3E,080808bf
0x000A8C5A,08200820
0x000A8CA5,083fe820
0x000A8D5B,0803fc3c
0x000A8D5D,08000803
0x000A8D5F,08000800
0x000A8D65,080008bf
0x000A8D67,08000800
0x000A8D97,08000092
0x000A8D99,08020800
0x000A8DD7,0800003f
0x000A8DDB,083fc800
0x000A8DE0,0822182f
0x000A8DEA,081bbfe2
0x000A8DEC,080e081b
0x000A8DFF,08022402
0x000A8E01,08020802
0x000A8E0B,08021b02
0x000A8E0D,08020802
0x000A8E0F,08020802
0x000A8E7F,08023f02
0x000A8E9A,08200820
0x000A8E9E,08203ffe
0x000A8EA0,08200820
0x000A8EA4,0824bfff
0x000A8EC4,0824bfff
0x000A8EDF,080008bf
0x000A8EE1,08020800
0x000A8EFF,080208bf
0x000A8F03,083ff802
0x000A8F09,082208bf
0x000A8F21,083fe806
0x000A8F29,083fe822
0x000A8F38,08000000
0x000A8F3C,0820082f
0x000A8F57,08000090
0x000A8F6D,083fc820
0x000A8F6F,0800083f
0x000A8F71,08000800
0x000A8F87,083f8900
0x000A8F97,080000b2
0x000A8F98,08080000
0x000A8F99,08080800
0x000A8F9A,08080808
0x000A8F9F,08002fbf
0x000A8FA1,08000800
0x000A8FA3,08000800
0x000A8FB7,080000b0
0x000A8FB9,08020800
0x000A8FD7,0800002c
0x000A8FD8,08080000
0x000A8FD9,08080800
0x000A8FDA,08080808
0x000A8FEB,083f8b00
0x000A8FEC,08083f8b
0x000A8FED,0808083f
0x000A8FEE,08080808
0x000A8FEF,08080808
0x000A8FF0,08080808
0x000A8FF1,08080808
0x000A8FF2,08080808
0x000A8FFD,0802bf02
0x000A9007,08228822
0x000A901B,082ff800
0x000A901F,082ff820
0x000A9021,0820082f
0x000A9078,08080000
0x000A9079,08080800
0x000A907A,08080808
0x000A907B,08080808
0x000A907C,08080808
0x000A9097,080000b0
0x000A9098,08080000
0x000A9099,08080800
0x000A909A,08080808
0x000A90B7,080000a0
0x000A90D7,080000b0
0x000A90DF,083faf22
0x000A90F9,08000600
0x000A9109,08020002
0x000A916A,08099fe4
0x000A916C,08090809
0x000A9217,080000a0
0x000A9218,08080000
0x000A9237,0800000a
0x000A923C,08263f88
0x000A9241,08080a08
0x000A9242,0808080a
0x000A9244,08090808
0x000A9246,08260809
0x000A9248,082f0826
0x000A9249,08082f08
0x000A924A,0808082f
0x000A924C,082a0808
0x000A9251,08080a08
0x000A9252,0808080a
0x000A9263,08020902
0x000A9277,0800008b
0x000A9278,08080000
0x000A9279,08080800
0x000A927A,08080808
0x000A92B7,080000b0
0x000A92C3,08223e22
0x000A9311,0820082f
0x000A9313,08200820
0x000A9338,08000000
0x000A936B,080ffc00
0x000A936C,08080ffc
0x000A936F,080ffc08
0x000A9370,08080ffc
0x000A9371,0808080f
0x000A9372,08080808
0x000A9373,08080808
0x000A9378,08180000
0x000A937A,08090818
0x000A937C,083e0809
0x000A93A3,080008bf
0x000A93B7,080000b1
0x000A93C6,0809bfe8
0x000A93C8,080a0809
0x000A93CC,0809080a
0x000A93CD,08080908
0x000A93CE,08080809
0x000A93CF,08080808
0x000A93D0,08080808
0x000A93D1,08080808
0x000A93D2,08080808
0x000A93D3,08080808
0x000A9444,0822bfe2
0x000A9457,08000038
0x000A9459,08000800
0x000A9478,08000000
0x000A9498,080c0000
0x000A949A,0826080c
0x000A94B8,08000000
0x000A9532,0802bfe2
0x000A9534,08020802
0x000A9589,080ff8a0
0x000A958B,0808080f
0x000A958C,08080808
0x000A958F,080ff808
0x000A9591,0808080f
0x000A9592,08080808
0x000A95F7,080000b2
0x000A95F8,08080000
0x000A95F9,08080800
0x000A95FA,08080808
0x000A95FD,0808be08
0x000A961B,080ff800
0x000A961D,0808080f
0x000A961E,08080808
0x000A961F,08080808
0x000A9620,08080808
0x000A964B,080ff800
0x000A964D,0808080f
0x000A964E,08080808
0x000A964F,08080808
0x000A9650,08080808
0x000A9651,08080808
0x000A9652,08080808
0x000A9657,0800000f
0x000A9663,083fc820
0x000A9677,0800000a
0x000A9679,08020800
0x000A967F,08262f6f
0x000A96BF,080ff800
0x000A96E5,080080bf
0x000A96E6,08080080
0x000A96F2,0808bfbf
0x000A96F3,080808bf
0x000A96F4,08080808
0x000A96F7,08000008
0x000A96F9,08020800
0x000A9725,0820082f
0x000A9727,08200820
0x000A976B,080ff800
0x000A976D,0808080f
0x000A976E,08080808
0x000A976F,08080808
0x000A9770,08080808
0x000A9771,08080808
0x000A9772,08080808
0x000A9797,0800003f
0x000A9799,08000800
0x000A97B8,08000000
0x000A97D7,0800003e
0x000A97D8,08080000
0x000A98DB,080bf800
0x000A98DC,08080bf8
0x000A98E8,08082bfa
0x000A98EB,080bf808
0x000A98EC,08080bf8
0x000A98EF,080bf808
0x000A98F0,08080bf8
0x000A98F1,0808080b
0x000A98F2,08080808
0x000A98F3,08080808
0x000A99B7,0800003f
0x000A99B8,08080000
0x000A99B9,08080800
0x000A99BA,08080808
0x000A99BB,08080808
0x000A99BC,08080808
0x000A99CE,080bbfec
0x000A99D0,0800080b
0x000A99D2,08000800
0x000A99D4,08000800
0x000A9A17,0800003f
0x000A9A5B,0802fc2e
0x000A9A5D,08020802
0x000A9A6F,082ff820
0x000A9A71,0820082f
0x000A9A7B,083ffc00
0x000A9A7D,0820083f
0x000A9A83,0820083f
0x000A9A89,0800003f
0x000A9A8F,0842082e
0x000A9AB7,08000090
0x000A9B17,080000a0
0x000A9B29,083e8822
0x000A9B3D,0820082f
0x000A9B43,0820082f
0x000A9B4D,082a0862
0x000A9B58,08000000
0x000A9B99,08020800
0x000A9BAE,08080868
0x000A9BAF,08080808
0x000A9BB0,08080808
0x000A9BB1,08080808
0x000A9BB2,08080808
0x000A9BBB,080ffe00
0x000A9BBC,08080ffe
0x000A9BFE,082abfc8
0x000A9C67,080ff8a0
0x000A9C6B,080ff808
0x000A9C6F,080ff808
0x000A9C71,0808080f
0x000A9C72,08080808
0x000A9C78,08060000
0x000A9C7A,08090806
0x000A9C86,08000868
0x000A9C9E,0808bfef
0x000A9C9F,080808bf
0x000A9CA0,08080808
0x000A9CA3,083f8808
0x000A9CA4,08083f88
0x000A9CAB,080208bf
0x000A9CB8,08000000
0x000A9CBB,08082f08
0x000A9CBC,0808082f
0x000A9CBD,08080808
0x000A9CE2,083e0880
0x000A9CE4,0800083e
0x000A9CE8,08003c3e
0x000A9CEA,08000800
0x000A9CF4,083e0822
0x000A9CF8,08180000
0x000A9D17,080000a0
0x000A9D79,08020800
0x000A9D8B,083fcb06
0x000A9D8D,0802083f
0x000A9D8F,08020802
0x000A9D91,08020802
0x000A9D9B,083fe802
0x000A9DF1,08200820
0x000A9DF3,08200820
0x000A9DF9,080ff800
0x000A9DFD,080ff808
0x000A9E24,0800bfff
0x000A9E26,08000800
0x000A9E84,08200820
0x000A9ED7,08000003
0x000A9EDB,080fc8b0
0x000A9EE3,08298869
0x000A9EE5,08000829
0x000A9EF4,080a4808
0x000A9EFE,08202afe
0x000A9F00,08200820
0x000A9F04,0800bfff
0x000A9F82,08081889
0x000A9FBD,080fc802
0x000A9FCA,082208a3
0x000A9FCE,0822bfe2
0x000A9FD0,082e0822
0x000A9FD2,0800082e
0x000A9FD4,08000800
0x000AA037,08000024
0x000AA07E,082028fe
0x000AA105,08021800
0x000AA10B,083fca02
0x000AA10D,0802083f
0x000AA10F,08020802
0x000AA111,08020802
0x000AA119,08200800
0x000AA11B,08200820
0x000AA133,08200820
0x000AA197,0800002c
0x000AA1D7,080000a2
0x000AA257,080000a0
0x000AA258,08080000
0x000AA259,08080800
0x000AA25A,08080808
0x000AA277,08000038
0x000AA278,08080000
0x000AA279,08080800
0x000AA27A,08080808
0x000AA298,08000000
0x000AA29A,083f0800
0x000AA2D7,08000039
0x000AA2E7,083e0902
0x000AA2E9,0802083e
0x000AA2EB,08020802
0x000AA2ED,083e0802
0x000AA2EF,0802083e
0x000AA2F1,08020802
0x000AA2F3,08020802
0x000AA339,08020800
0x000AA34D,083e2802
0x000AA34F,0802083e
0x000AA351,083e0802
0x000AA397,080000b1
0x000AA3D7,08000000
0x000AA421,08223e22
0x000AA427,08003fbf
0x000AA437,0800003f
0x000AA444,080e2108
0x000AA451,082c0826
0x000AA458,08090000
0x000AA45A,082c0809
0x000AA460,083f081a
0x000AA462,082a083f
0x000AA46E,08003fbe
0x000AA470,082a0800
0x000AA48F,080f8808
0x000AA491,0800080f
0x000AA498,08000000
0x000AA4A4,08002cfe
0x000AA4A8,08200aff
0x000AA58F,08290866
0x000AA5A1,083fc820
0x000AA5B7,0800009a
0x000AA5D7,08000003
0x000AA5D9,08020800
0x000AA5DB,08020802
0x000AA5DF,0802bf02
0x000AA61E,08000820
0x000AA653,081a4a0a
0x000AA677,08000000
0x000AA678,08080000
0x000AA680,083f3f1a
0x000AA697,0800003a
0x000AA6B8,08180000
0x000AA6C0,083e3f02
0x000AA6D7,08000032
0x000AA6D8,08080000
0x000AA6DA,082c0808
0x000AA7B7,08000000
0x000AA817,08000092
0x000AA854,0802a9d2
0x000AA8A3,082ff820
0x000AA8A7,082ff820
0x000AA8AC,08202ff8
0x000AA8B7,08000008
0x000AA917,080000a0
0x000AA918,08080000
0x000AA91B,083e3e08
0x000AA91C,08083e3e
0x000AA938,08000000
0x000AA97D,0802ff2e
0x000AA997,08000020
0x000AA9BB,0822bf1a
0x000AA9DB,08021802
0x000AA9E5,08020abf
0x000AA9E7,08020802
0x000AA9E9,08020802
0x000AA9EB,08020802
0x000AA9ED,08020802
0x000AA9EF,08020802
0x000AA9F1,08020802
0x000AA9F7,0800003f
0x000AA9FB,083fc800
0x000AAA00,080a1808
0x000AAA08,0808bfe9
0x000AAA09,080808bf
0x000AAA0A,08080808
0x000AAA0B,08080808
0x000AAA0C,08080808
0x000AAA0D,08080808
0x000AAA0E,08080808
0x000AAA0F,08080808
0x000AAA10,08080808
0x000AAA11,08080808
0x000AAA12,08080808
0x000AAA13,08080808
0x000AAA17,0800000b
0x000AAA37,080000b0
0x000AAA39,08020800
0x000AAB17,08000000
0x000AAB18,08080000
0x000AAB19,08080800
0x000AAB1A,08080808
0x000AAB1B,08080808
0x000AAB38,08080000
0x000AAB39,08080800
0x000AAB3A,08080808
0x000AAB54,08020866
0x000AAB9B,083ffc00
0x000AAB9D,0820083f
0x000AABA3,0800083f
0x000AABF4,0800082f
0x000AAC66,08200ffc
0x000AAC68,08200820
0x000AAC8D,080a0b0a
0x000AAC8F,0809080a
0x000AACB7,08000020
0x000AACB9,08020800
0x000AACC1,08088801
0x000AACEA,08020ffe
0x000AACEC,08020802
0x000AACF0,08020ffe
0x000AACF2,08020802
0x000AACF7,0800000f
0x000AACF8,08080000
0x000AACF9,08080800
0x000AACFA,08080808
0x000AACFB,08080808
0x000AACFC,08080808
0x000AAD00,0808bfef
0x000AAD01,080808bf
0x000AAD02,08080808
0x000AAD0E,080a1a0a
0x000AAD0F,08080a1a
0x000AAD5D,080208bf
0x000AAD5F,08020802
0x000AAD7B,0802fc2e
0x000AAD7D,08020802
0x000AAD7F,08020802
0x000AAD81,08020802
0x000AAD87,080208bf
0x000AAD89,08020802
0x000AAD8B,08020802
0x000AAD8D,08090802
0x000AADB7,08000024
0x000AADB8,08080000
0x000AADB9,08080800
0x000AADBA,08080808
0x000AADBB,08080808
0x000AADBC,08080808
0x000AADDB,08020b02
0x000AADDD,08020802
0x000AADE1,08022f02
0x000AAE17,08000000
0x000AAE58,08000000
0x000AAE60,0822bfe2
0x000AAE62,082e0822
0x000AAEA0,08200920
0x000AAEB7,0800003f
0x000AAECD,080a293f
0x000AAEF8,08000000
0x000AAEFE,083f3f80
0x000AAF00,0800083f
0x000AAF1E,083f9800
0x000AAF24,0800082e
0x000AAF38,08000000
0x000AAF3C,0800082e
0x000AAF40,0800bfef
0x000AAF58,08000000
0x000AAF85,082ff8a0
0x000AAF89,082ff820
0x000AAF8D,082ff820
0x000AB037,08000000
0x000AB057,08000081
0x000AB059,08020800
0x000AB064,080abffa
0x000AB066,0809080a
0x000AB06A,0808bff8
0x000AB06F,08098808
0x000AB070,08080988
0x000AB071,08080809
0x000AB072,08080808
0x000AB073,08080808
0x000AB077,0800000e
0x000AB087,083fc820
0x000AB0C6,0800bfff
0x000AB0C8,08000800
0x000AB0CC,08003ffe
0x000AB0D2,08000824
0x000AB0DE,0824bfff
0x000AB0F7,0800008f
0x000AB0F9,08020800
0x000AB0FF,08022f3f
0x000AB104,0808bfe8
0x000AB106,082c0808
0x000AB10A,0808bfeb
0x000AB10F,08098808
0x000AB110,08080988
0x000AB111,08080809
0x000AB112,08080808
0x000AB124,080abfea
0x000AB126,080f080a
0x000AB12A,080abfea
0x000AB130,080f088a
0x000AB132,0800080f
0x000AB1E3,083fea02
0x000AB1FB,08262f21
0x000AB25C,0808bfff
0x000AB25D,080808bf
0x000AB25E,08080808
0x000AB261,080bf808
0x000AB262,08080bf8
0x000AB263,0808080b
0x000AB264,08080808
0x000AB267,080bf808
0x000AB268,08080bf8
0x000AB269,0808080b
0x000AB26A,08080808
0x000AB26B,08080808
0x000AB272,0800087f
0x000AB274,08000800
0x000AB27E,08020ffe
0x000AB280,08020802
0x000AB282,08020802
0x000AB286,08020ffe
0x000AB288,08020802
0x000AB28A,08020802
0x000AB28E,08020ffe
0x000AB290,08020802
0x000AB292,08020802
0x000AB2A0,08000000
0x000AB2B8,08000000
0x000AB2BD,083f8b08
0x000AB2C6,0808bfef
0x000AB2C7,080808bf
0x000AB2C8,08080808
0x000AB2C9,08080808
0x000AB2CA,08080808
0x000AB2D4,082f0822
0x000AB2DB,08020902
0x000AB328,08200920
0x000AB32A,08200820
0x000AB32C,08200820
0x000AB344,0800bfee
0x000AB377,08000074
0x000AB378,08080000
0x000AB379,08080800
0x000AB37B,08090808
0x000AB398,08080000
0x000AB399,08080800
0x000AB39A,08080808
0x000AB39D,0808bf08
0x000AB39E,080808bf
0x000AB39F,08080808
0x000AB439,08020800
0x000AB43D,08023e02
0x000AB449,0823bf22
0x000AB478,08020000
0x000AB47A,08020802
0x000AB545,082ff822
0x000AB549,082ff820
0x000AB54D,082ff820
0x000AB552,08202ff8
0x000AB57D,080820bf
0x000AB597,08000008
0x000AB5B4,0802a8e2
0x000AB5B7,08000008
0x000AB5C7,083fc822
0x000AB5C9,0800083f
0x000AB5FA,08200820
0x000AB657,0800002c
0x000AB658,08080000
0x000AB68D,080ff800
0x000AB68F,0808080f
0x000AB690,08080808
0x000AB691,08080808
0x000AB692,08080808
0x000AB6A7,080bf800
0x000AB6A8,08080bf8
0x000AB6AA,08000808
0x000AB6D7,08000038
0x000AB6E2,0808af98
0x000AB6E3,080808af
0x000AB6E4,08080808
0x000AB6E9,08000bbf
0x000AB6FA,08200820
0x000AB757,08000099
0x000AB758,08080000
0x000AB759,08080800
0x000AB75A,08080808
0x000AB75B,08080808
0x000AB75C,08080808
0x000AB764,08183f98
0x000AB766,08090818
0x000AB768,080a0809
0x000AB76A,081e080a
0x000AB76C,0828081e
0x000AB76E,08080828
0x000AB76F,08080808
0x000AB770,08080808
0x000AB771,08080808
0x000AB772,08080808
0x000AB778,08080000
0x000AB779,08080800
0x000AB77A,08080808
0x000AB77C,08260808
0x000AB789,08282f08
0x000AB818,08080000
0x000AB819,08080800
0x000AB81A,08080808
0x000AB81B,08080808
0x000AB81C,08080808
0x000AB82B,080b2f2a
0x000AB865,08000abf
0x000AB89D,0820082f
0x000AB89F,08200820
0x000AB8A1,08200820
0x000AB8AB,08024802
0x000AB8B7,080000a0
0x000AB8B9,08020800
0x000AB8BB,08020802
0x000AB8D7,0800002d
0x000AB8D9,08020800
0x000AB8DB,08020802
0x000AB918,08000000
0x000AB97A,08200820
0x000ABA44,08008802
0x000ABA48,0800bfff
0x000ABA4A,08000800
0x000ABA50,08200824
0x000ABA52,08000820
0x000ABA98,08000000
0x000ABA9B,080abf08
0x000ABAB4,08068889
0x000ABABA,08260820
0x000ABAD1,08200822
0x000ABAD8,08000000
0x000ABAE3,08088809
0x000ABAE4,08080888
0x000ABAE9,081e08bf
0x000ABAF4,08009880
0x000ABAFB,0803cb3d
0x000ABB11,0833c902
0x000ABB1C,08221fae
0x000ABB20,0822bfe2
0x000ABB85,0820082f
0x000ABB8B,0820082f
0x000ABB91,0820082f
0x000ABB9B,083fe800
0x000ABBCA,08200824
0x000ABC17,0800002d
0x000ABC2D,081a4825
0x000ABC57,08000035
0x000ABCDB,083ffc00
0x000ABCE7,082ff820
0x000ABD77,08000000
0x000ABD78,08080000
0x000ABD79,08080800
0x000ABD99,08200800
0x000ABDB7,08000020
0x000ABDD1,0823a81d
0x000ABDDA,080e0874
0x000ABDE7,08289a29
0x000ABDF7,0800009f
0x000ABE03,08000890
0x000ABE5A,080b0828
0x000ABE5C,0809080b
0x000ABE77,08000090
0x000ABE83,081c8926
0x000ABE97,08000060
0x000ABE98,08080000
0x000ABECB,0820082f
0x000ABED1,0820082f
0x000ABEFD,080ff800
0x000ABF06,08080a48
0x000ABF12,08090988
0x000ABF91,0820082f
0x000AC079,08020800
0x000AC07B,08020802
0x000AC07D,08020802
0x000AC08B,08020902
0x000AC08D,08020802
0x000AC08F,08020802
0x000AC091,08020802
0x000AC093,08020802
0x000AC099,08020800
0x000AC09B,08060802
0x000AC0A7,08020902
0x000AC0AB,083fe802
0x000AC0AD,0802083f
0x000AC0AF,08020802
0x000AC0B1,08020802
0x000AC101,08020abf
0x000AC103,08020802
0x000AC15B,08020902
0x000AC178,08060000
0x000AC17A,08090806
0x000AC1FA,0826081d
0x000AC207,08002f8b
0x000AC217,080000b0
0x000AC219,08000800
0x000AC21B,083f0800
0x000AC221,08260826
0x000AC263,083fc880
0x000AC297,08000086
0x000AC2B7,080000b0
0x000AC2B8,08080000
0x000AC2BA,08090808
0x000AC2F7,08000020
0x000AC3B7,080000a0
0x000AC3EF,080ff848
0x000AC3F1,0808080f
0x000AC3F2,08080808
0x000AC417,08000020
0x000AC450,0824bfb2
0x000AC452,081d0824
0x000AC454,0807081d
0x000AC4B7,0800003f
0x000AC4B9,08000800
0x000AC4D7,0800002c
0x000AC59B,0803fcbc
0x000AC59D,08020803
0x000AC5A3,080208bf
0x000AC5B7,0800003f
0x000AC5B8,08080000
0x000AC5BA,08090808
0x000AC618,08000000
0x000AC630,0822bfef
0x000AC657,08000092
0x000AC659,08000800
0x000AC65B,08000800
0x000AC679,08000800
0x000AC6B9,080ff800
0x000AC6BD,080ff808
0x000AC6F9,08020600
0x000AC737,0800008a
0x000AC770,08200ff7
0x000AC772,08200820
0x000AC7D8,08000000
0x000AC7F8,08000000
0x000AC7FA,083e0800
0x000AC825,08221822
0x000AC861,083fe800
0x000AC877,08000003
0x000AC897,08000043
0x000AC899,08000800
0x000AC97C,082c0834
0x000AC980,08200823
0x000AC982,08200820
0x000AC988,08200820
0x000AC98A,08200820
0x000AC992,08090818
0x000AC994,08060809
0x000AC9AD,0820082f
0x000AC9AF,08200820
0x000AC9B1,08200820
0x000AC9B8,08000000
0x000ACA21,080bf099
0x000ACA37,0800002f
0x000ACA3F,08098826
0x000ACA6A,0824bfff
0x000ACA77,08000074
0x000ACA79,08000800
0x000ACA7B,083f0800
0x000ACAA5,0820082f
0x000ACAAB,0820082f
0x000ACAB1,0820082f
0x000ACAB3,08200820
0x000ACAB7,0800002c
0x000ACABB,080fc8b0
0x000ACAC5,08000829
0x000ACACF,08224821
0x000ACAD1,08200822
0x000ACAD3,08200820
0x000ACBD7,08000000
0x000ACBD8,08080000
0x000ACBD9,08080800
0x000ACBDA,08080808
0x000ACC37,08000000
0x000ACC38,08080000
0x000ACC39,08080800
0x000ACC3A,08080808
0x000ACC41,083f8808
0x000ACC49,083f8b28
0x000ACC4A,08083f8b
0x000ACC68,082a0828
0x000ACC7B,080bf800
0x000ACC7C,08080bf8
0x000ACC7F,080bf808
0x000ACC80,08080bf8
0x000ACC81,0808080b
0x000ACC82,08080808
0x000ACCBB,080bf800
0x000ACCBC,08080bf8
0x000ACCBF,080bf808
0x000ACCC0,08080bf8
0x000ACCD7,0800003f
0x000ACCD8,08080000
0x000ACCD9,08080800
0x000ACCF7,08000023
0x000ACCF8,08080000
0x000ACD17,080000b0
0x000ACD2E,080a3f8a
0x000ACD32,0809bfc9
0x000ACD34,08080809
0x000ACD37,08000008
0x000ACD78,08060000
0x000ACDD9,08020800
0x000ACE03,083ffc02
0x000ACE07,083ffc02
0x000ACE09,0802083f
0x000ACE45,0802093f
0x000ACE78,08000000
0x000ACEC6,08093f88
0x000ACEC8,080e0809
0x000ACECA,082a080e
0x000ACECE,0808bfc8
0x000ACECF,080808bf
0x000ACED0,08080808
0x000ACED1,08080808
0x000ACED2,08080808
0x000ACED3,08080808
0x000ACED4,08080808
0x000ACEE4,081c0869
0x000ACEF3,08090888
0x000ACF17,08000000
0x000ACF37,080000a0
0x000ACF38,08080000
0x000ACF39,08080800
0x000ACF3A,08080808
0x000ACFA1,080ff800
0x000ACFA5,080ff808
0x000ACFC1,080fc8b0
0x000ACFD1,08224a21
0x000ACFEB,083ffc02
0x000AD023,0808088f
0x000AD024,08080808
0x000AD05C,0800bfae
0x000AD05E,083f0800
0x000AD060,0800083f
0x000AD0A0,0800bfef
0x000AD0A6,082e3f80
0x000AD0A8,0800082e
0x000AD0AA,08000800
0x000AD0AE,0822bfee
0x000AD0B4,082e0822
0x000AD11E,08020866
0x000AD120,083e0802
0x000AD121,08083e08
0x000AD13C,08020fa6
0x000AD14F,083faa08
0x000AD172,080c3f88
0x000AD1E1,08020002
0x000AD277,080000b0
0x000AD27B,08280818
0x000AD297,080000a3
0x000AD2B7,0800002d
0x000AD2C7,083fc80a
0x000AD317,08000000
0x000AD318,08080000
0x000AD31C,0808bfc8
0x000AD337,08000038
0x000AD33C,0808bfc8
0x000AD351,0826a82f
0x000AD377,08000000
0x000AD378,08080000
0x000AD379,08080800
0x000AD37A,08080808
0x000AD37B,08080808
0x000AD37C,08080808
0x000AD380,0808bfef
0x000AD382,08090808
0x000AD3B7,08000003
0x000AD3B8,08080000
0x000AD3B9,08080800
0x000AD3BB,08280808
0x000AD3C3,080908bf
0x000AD3C5,08090809
0x000AD3ED,080ff808
0x000AD3F1,080ff808
0x000AD438,08000000
0x000AD478,08180000
0x000AD47A,08280818
0x000AD481,08003e80
0x000AD483,083f0800
0x000AD484,08083f08
0x000AD486,083f0808
0x000AD487,08083f08
0x000AD4B7,080000a0
0x000AD4B8,08080000
0x000AD4B9,08080800
0x000AD4BA,08080808
0x000AD4C1,08082f48
0x000AD4E2,083e0988
0x000AD4F2,082eaa32
0x000AD4F4,0807082e
0x000AD557,08000000
0x000AD55C,08089808
0x000AD560,0808bfef
0x000AD561,080808bf
0x000AD562,08080808
0x000AD563,08080808
0x000AD564,08080808
0x000AD577,08000090
0x000AD578,08080000
0x000AD579,08080800
0x000AD57A,08080808
0x000AD57F,08082fbf
0x000AD580,0808082f
0x000AD598,08000000
0x000AD637,0800003f
0x000AD638,08080000
0x000AD63A,082c0808
0x000AD63C,0826082c
0x000AD64C,083e3f2a
0x000AD663,080ff8a0
0x000AD667,080ff808
0x000AD66F,081e4831
0x000AD678,08180000
0x000AD6BB,083ffc00
0x000AD6BD,0820083f
0x000AD6D8,08080000
0x000AD6D9,08080800
0x000AD6DA,08080808
0x000AD6DB,08080808
0x000AD6DC,08080808
0x000AD6EC,0808bfc8
0x000AD6ED,080808bf
0x000AD6EE,08080808
0x000AD6EF,08080808
0x000AD6F0,08080808
0x000AD6F1,08080808
0x000AD6F2,08080808
0x000AD6F3,08080808
0x000AD6F4,08080808
0x000AD6F7,08000008
0x000AD6FB,083fc800
0x000AD709,0800083f
0x000AD717,0800003f
0x000AD71B,083fc800
0x000AD74F,082ffca0
0x000AD751,0820082f
0x000AD757,0800002f
0x000AD791,081a0a26
0x000AD7D0,08228822
0x000AD7D2,08200822
0x000AD7D7,0800000f
0x000AD7EB,083fc820
0x000AD817,08000092
0x000AD84B,0820082f
0x000AD851,0820082f
0x000AD866,08080080
0x000AD867,08080800
0x000AD868,08080808
0x000AD874,08088a4a
0x000AD877,08000008
0x000AD87F,083faf09
0x000AD89B,083fc800
0x000AD91F,080ff800
0x000AD923,080ff808
0x000AD927,080ff808
0x000AD937,080000b0
0x000AD938,08080000
0x000AD939,08080800
0x000AD93A,08080808
0x000AD94D,080829bf
0x000AD94F,08080808
0x000AD950,08080808
0x000AD951,08080808
0x000AD952,08080808
0x000AD953,08080808
0x000AD954,08080808
0x000AD978,08080000
0x000AD979,08080800
0x000AD97A,08080808
0x000AD991,08080a08
0x000AD992,0808080a
0x000AD993,08080808
0x000AD994,08080808
0x000AD9A4,08020fff
0x000AD9A6,08020802
0x000AD9A8,08020802
0x000AD9BA,08200820
0x000AD9C0,08200820
0x000AD9F7,08000020
0x000AD9F9,08000800
0x000ADA3D,080ff800
0x000ADA41,080ff808
0x000ADA45,080ff808
0x000ADA52,083808d0
0x000ADA98,08180000
0x000ADA9E,08020866
0x000ADAA0,083e0802
0x000ADAA6,083f0808
0x000ADAA7,08083f08
0x000ADAA8,0808083f
0x000ADAAA,082a0808
0x000ADAB2,08380818
0x000ADAB4,080b0838
0x000ADAF7,08000090
0x000ADAF9,08000800
0x000ADB07,08000900
0x000ADB09,08000800
0x000ADB0B,08000800
0x000ADB0D,08000800
0x000ADB0F,08000800
0x000ADB8A,080fbfb8
0x000ADB8C,0800080f
0x000ADB9A,08200820
0x000ADBA2,08200bf0
0x000ADBA6,08200bf0
0x000ADBB1,0800283c
0x000ADBBB,083ffc00
0x000ADBBD,0820083f
0x000ADBC2,08083ffc
0x000ADBC3,0808083f
0x000ADBC4,08080808
0x000ADBE9,080ff800
0x000ADBED,080ff808
0x000ADBF1,080ff808
0x000ADBF3,0808080f
0x000ADC38,08000000
0x000ADC4C,08263fa2
0x000ADC50,0802bfde
0x000ADC52,08020802
0x000ADC54,08020802
0x000ADC77,0800002c
0x000ADCB7,08000046
0x000ADCDB,08023f02
0x000ADCE8,083b082a
0x000ADCEE,083f3c22
0x000ADCF4,083f0862
0x000ADD67,083fcb20
0x000ADDB8,08090000
0x000ADDBA,08060809
0x000ADDD2,082f38a2
0x000ADDD4,0800082f
0x000ADDD7,08000008
0x000ADE17,08000000
0x000ADE19,08020800
0x000ADE24,080a089a
0x000ADE25,08080a08
0x000ADE27,08090808
0x000ADE59,08020800
0x000ADE6E,080abfca
0x000ADE71,08080a08
0x000ADE72,0808080a
0x000ADE73,08080808
0x000ADE74,08080808
0x000ADEA1,080ff800
0x000ADEA6,0808bfff
0x000ADEE8,083bb1aa
0x000ADEEE,083f3fa2
0x000ADEF4,083f0822
0x000ADF1C,08020be6
0x000ADF1E,08000802
0x000ADF2F,08082abf
0x000ADF30,0808082a
0x000ADF38,08000000
0x000ADF58,08000000
0x000ADF61,080008bf
0x000ADF67,08092fbf
0x000ADF78,08000000
0x000ADFC5,080ff800
0x000ADFF7,08000092
0x000AE0C7,0808088f
0x000AE0C8,08080808
0x000AE0CB,080ff808
0x000AE0CF,082ff800
0x000AE0D1,0820082f
0x000AE178,08000000
0x000AE17A,08000800
0x000AE17C,08000800
0x000AE17E,08000800
0x000AE182,0800bfff
0x000AE184,08000800
0x000AE18A,08200824
0x000AE18C,08200820
0x000AE18E,08000820
0x000AE190,08000800
0x000AE192,08000800
0x000AE1AB,080f8808
0x000AE1AD,0800080f
0x000AE1AF,08000800
0x000AE1B1,08000800
0x000AE1D7,0800008a
0x000AE1D9,08020800
0x000AE257,080000b0
0x000AE258,08080000
0x000AE25A,083e0808
0x000AE25B,08083e08
0x000AE277,0800002c
0x000AE278,08080000
0x000AE282,083208a2
0x000AE28A,080b3fa6
0x000AE29C,0809bfc8
0x000AE29E,08060809
0x000AE2B8,08080000
0x000AE2C0,083abfde
0x000AE2C6,0809080a
0x000AE2C9,083f8808
0x000AE2CA,08083f88
0x000AE2CB,0808083f
0x000AE2CC,08080808
0x000AE2CD,08080808
0x000AE2CE,08080808
0x000AE2CF,08080808
0x000AE2D0,08080808
0x000AE2D1,08080808
0x000AE2D2,08080808
0x000AE2FB,0802bf02
0x000AE2FD,08020802
0x000AE317,080000a1
0x000AE318,08080000
0x000AE31B,0808bf08
0x000AE358,08000000
0x000AE35C,080abfcf
0x000AE360,080a3f8a
0x000AE377,08000038
0x000AE37F,083fef02
0x000AE397,08000090
0x000AE3F7,0800002c
0x000AE3F8,08080000
0x000AE405,08088a08
0x000AE40A,080f3fb8
0x000AE40B,08080f3f
0x000AE40C,0808080f
0x000AE40D,08080808
0x000AE40E,08080808
0x000AE40F,08080808
0x000AE410,08080808
0x000AE411,08080808
0x000AE412,08080808
0x000AE458,08080000
0x000AE45C,082abfc8
0x000AE45F,083f8e08
0x000AE460,08083f8e
0x000AE4FC,0800882e
0x000AE517,08000092
0x000AE51B,080b3f38
0x000AE538,08000000
0x000AE53C,0800bfee
0x000AE540,08003fbf
0x000AE58C,082208a2
0x000AE5A7,080ff800
0x000AE5AB,080ff808
0x000AE5AF,080ff808
0x000AE5B1,0808080f
0x000AE5B2,08080808
0x000AE5B3,08080808
0x000AE5B7,0800000e
0x000AE5BB,082ebf09
0x000AE5BF,08183e26
0x000AE5CE,083e3f22
0x000AE5E9,080ff818
0x000AE5EB,0808080f
0x000AE5EC,08080808
0x000AE5EF,080ff808
0x000AE5F2,08090808
0x000AE5F4,08060809
0x000AE685,08000abf
0x000AE6BD,0800fc0f
0x000AE6BF,08000800
0x000AE6C1,08000800
0x000AE6C7,080208bf
0x000AE6CB,0802e802
0x000AE6DA,08200820
0x000AE6DE,08203ffe
0x000AE6E0,08200820
0x000AE6E9,080ff800
0x000AE6EB,0808080f
0x000AE6EC,08080808
0x000AE6EF,080ff808
0x000AE6F1,0808080f
0x000AE6F2,08080808
0x000AE6F7,0800000f
0x000AE757,080000a1
0x000AE777,0800003f
0x000AE778,08080000
0x000AE7A6,0808affb
0x000AE7A9,080ff808
0x000AE7AD,080ff808
0x000AE7AF,0808080f
0x000AE7B0,08080808
0x000AE7B1,08080808
0x000AE7B2,08080808
0x000AE7B3,08080808
0x000AE7C4,0808bfff
0x000AE7C7,080ff808
0x000AE7CB,080ff808
0x000AE7F8,08000000
0x000AE7FA,083e0800
0x000AE818,08000000
0x000AE820,08223f22
0x000AE825,082208bf
0x000AE83D,080908bf
0x000AE857,080000a1
0x000AE877,08000028
0x000AE878,08080000
0x000AE879,08080800
0x000AE87A,08080808
0x000AE888,080b082c
0x000AE899,08020900
0x000AE8B7,08000090
0x000AE8CF,0800082a
0x000AE8D7,080000a0
0x000AE925,08000b2e
0x000AE997,0800002f
0x000AE999,08060800
0x000AE9CB,080ffc00
0x000AE9CC,08080ffc
0x000AE9CD,0808080f
0x000AE9CE,08080808
0x000AE9CF,08080808
0x000AE9D0,08080808
0x000AE9D1,08080808
0x000AE9D2,08080808
0x000AE9EB,08092f3f
0x000AE9F0,0828bfe8
0x000AE9F7,08000008
0x000AE9F8,08080000
0x000AE9F9,08080800
0x000AE9FA,08080808
0x000AE9FB,08080808
0x000AE9FC,08080808
0x000AE9FE,08090808
0x000AEA87,080ff800
0x000AEA8B,080ff808
0x000AEAAA,08002ffc
0x000AEAAE,0800bfff
0x000AEAD7,080000a0
0x000AEB1F,083ffc00
0x000AEB25,0800083f
0x000AEB37,080000a0
0x000AEB4B,082208bf
0x000AEB57,08000091
0x000AEB66,080e3f8e
0x000AEB68,082a080e
0x000AEB6E,080a3f8a
0x000AEB6F,08080a3f
0x000AEB70,0808080a
0x000AEB71,08080808
0x000AEB72,08080808
0x000AEBF9,08020900
0x000AEC57,08000089
0x000AEC77,080000aa
0x000AEC79,08020800
0x000AEC7B,08020802
0x000AEC81,080188bf
0x000AECB7,08000003
0x000AECD7,08000038
0x000AECE6,08263f89
0x000AED57,08000000
0x000AED87,080200bf
0x000AEDB7,0800004a
0x000AEDB9,08200800
0x000AEDBB,08200820
0x000AEDD7,08000020
0x000AEE02,0822bffe
0x000AEE26,082e3f80
0x000AEE28,0800082e
0x000AEE2A,08000800
0x000AEE65,080b88bc
0x000AEE67,0809080b
0x000AEEE4,08090888
0x000AEF17,08000038
0x000AEF20,083fbf1a
0x000AEF22,082a083f
0x000AEF2E,0800bf3e
0x000AEF30,082a0800
0x000AEF34,0802082a
0x000AEF58,08180000
0x000AEF71,0820082f
0x000AEF97,08000022
0x000AEF98,08080000
0x000AEF99,08080800
0x000AEFEA,080e3f8a
0x000AEFEC,0828080e
0x000AEFF0,0808bfc8
0x000AEFF1,080808bf
0x000AEFF2,08080808
0x000AEFF3,08080808
0x000AEFF4,08080808
0x000AEFFE,0822bfe6
0x000AF001,083f8a08
0x000AF002,08083f8a
0x000AF01E,0822bfe2
0x000AF037,0800003f
0x000AF0EB,080ff800
0x000AF0EF,080ff808
0x000AF0F1,0808080f
0x000AF0F2,08080808
0x000AF10B,080bfc00
0x000AF10C,08080bfc
0x000AF10F,080bfc08
0x000AF110,08080bfc
0x000AF111,0808080b
0x000AF112,08080808
0x000AF117,0800000b
0x000AF118,08080000
0x000AF119,08080800
0x000AF11A,08080808
0x000AF15D,083fd802
0x000AF178,08000000
0x000AF17A,083f0800
0x000AF17E,0818bfe4
0x000AF192,0803a8de
0x000AF194,08000803
0x000AF1F9,08000800
0x000AF237,08000020
0x000AF239,08000800
0x000AF249,08228822
0x000AF25D,080820bf
0x000AF274,082a8a2a
0x000AF34F,080c8808
0x000AF383,082ff8a0
0x000AF387,082ff820
0x000AF38B,082ff820
0x000AF3AD,08224801
0x000AF3AF,081a0822
0x000AF3B7,080000b0
0x000AF3B8,08080000
0x000AF3B9,08080800
0x000AF3BA,08080808
0x000AF3BB,08080808
0x000AF3BC,08080808
0x000AF3C4,0808bfc8
0x000AF3C5,080808bf
0x000AF3C6,08080808
0x000AF3C8,080c0808
0x000AF3CD,08080a08
0x000AF3CE,0808080a
0x000AF3CF,08080808
0x000AF3D0,08080808
0x000AF3D1,08080808
0x000AF3D2,08080808
0x000AF497,0800008b
0x000AF499,08000800
0x000AF4B7,0800000b
0x000AF4B9,08020800
0x000AF4CF,081a4825
0x000AF4D7,080000a0
0x000AF4DB,083f8800
0x000AF4DF,083faf20
0x000AF4E3,083f8820
0x000AF4EA,0808888b
0x000AF4F4,080a3888
0x000AF4F7,08000008
0x000AF4FB,080b8838
0x000AF500,0808bfef
0x000AF501,080808bf
0x000AF502,08080808
0x000AF50F,080808bf
0x000AF510,08080808
0x000AF511,08080808
0x000AF512,08080808
0x000AF517,08000008
0x000AF521,080c0826
0x000AF52F,083f8828
0x000AF531,0828083f
0x000AF557,08000000
0x000AF559,08000800
0x000AF55F,082f2f22
0x000AF568,080bbbec
0x000AF569,08080bbb
0x000AF56A,0808080b
0x000AF574,080aa9c8
0x000AF57D,0820082f
0x000AF583,0820082f
0x000AF5D7,08000000
0x000AF5F7,0800003f
0x000AF637,0800003f
0x000AF639,08000800
0x000AF648,0808bbc8
0x000AF654,08028882
0x000AF6D7,0800008b
0x000AF6F7,0800003f
0x000AF6F8,08080000
0x000AF717,0800002e
0x000AF718,08080000
0x000AF71A,08090808
0x000AF72A,0809bfef
0x000AF761,080ff802
0x000AF765,080ff808
0x000AF767,0808080f
0x000AF768,08080808
0x000AF77F,08000008
0x000AF780,08080000
0x000AF788,0808bfc8
0x000AF789,080808bf
0x000AF78A,08080808
0x000AF78C,080c0808
0x000AF791,08080a08
0x000AF792,0808080a
0x000AF7B0,0824bfff
0x000AF7C9,080ff840
0x000AF7CD,080ff808
0x000AF800,082c0820
0x000AF849,0806083f
0x000AF8D7,0800008b
0x000AF8D9,08020800
0x000AF907,080008bf
0x000AF927,080009bf
0x000AFA3D,080ff800
0x000AFA41,080ff808
0x000AFA45,080ff808
0x000AFA47,0808080f
0x000AFA48,08080808
0x000AFA57,0800000b
0x000AFA66,082c3f88
0x000AFA68,080b082c
0x000AFAB9,082ff800
0x000AFABB,0820082f
0x000AFABD,08200820
0x000AFABF,08200820
0x000AFAE7,083feb22
0x000AFB21,0803e80c
0x000AFB29,083fe822
0x000AFB3C,0822882e
0x000AFB77,08000090
0x000AFB78,08080000
0x000AFB7A,08090808
0x000AFB7E,0822bfe6
0x000AFB80,081a0822
0x000AFBB7,08000000
0x000AFBB8,08080000
0x000AFBB9,08080800
0x000AFBBA,08080808
0x000AFBBB,08080808
0x000AFBBC,08080808
0x000AFBDA,08200820
0x000AFBDE,08203ffe
0x000AFBE0,08200820
0x000AFBE4,08200bf0
0x000AFBE8,08200bf0
0x000AFBEA,08200820
0x000AFBFF,08000fbf
0x000AFC23,083f8800
0x000AFC2C,0808bfca
0x000AFC2D,080808bf
0x000AFC2E,08080808
0x000AFC2F,08080808
0x000AFC30,08080808
0x000AFC31,08080808
0x000AFC32,08080808
0x000AFC33,08080808
0x000AFC54,080e8888
0x000AFC77,0800000b
0x000AFC79,08000800
0x000AFC7B,083f0800
0x000AFC7F,083f2f22
0x000AFC97,08000090
0x000AFC99,08200800
0x000AFC9B,08200820
0x000AFCB1,08200920
0x000AFCB3,08200820
0x000AFCD9,08020800
0x000AFD58,08000000
0x000AFD5C,0800082e
0x000AFDD7,08000030
0x000AFDF7,08000038
0x000AFDF9,08000800
0x000AFDFF,08082fbf
0x000AFE00,0808082f
0x000AFE01,08080808
0x000AFE02,08080808
0x000AFE03,08080808
0x000AFE04,08080808
0x000AFE06,082c0808
0x000AFE08,080b082c
0x000AFE09,08080b08
0x000AFE0A,0808080b
0x000AFE0B,08080808
0x000AFE0C,08080808
0x000AFE0D,08080808
0x000AFE0E,08080808
0x000AFE0F,08080808
0x000AFE10,08080808
0x000AFE11,08080808
0x000AFE12,08080808
0x000AFE17,0800000e
0x000AFE18,08080000
0x000AFE19,08080800
0x000AFE1A,08080808
0x000AFE1B,08080808
0x000AFE1C,08080808
0x000AFE2F,08020a02
0x000AFE38,08080000
0x000AFE39,08080800
0x000AFE3A,08080808
0x000AFE3C,083e0808
0x000AFE98,08000000
0x000AFE9A,083e0800
0x000AFE9C,080a083e
0x000AFEA2,080a3fbe
0x000AFED4,08280860
0x000AFED7,08000008
0x000AFED9,08020800
0x000AFEDB,08020802
0x000AFEF1,080208af
0x000AFEF3,08020802
0x000AFF19,08200800
0x000AFF1B,08200820
0x000AFF62,0809090a
0x000AFF63,08080909
0x000AFF97,08000000
0x000AFF99,08020800
0x000AFFA4,0808bfe8
0x000AFFA5,080808bf
0x000AFFA6,08080808
0x000AFFAA,080abfea
0x000AFFB1,080a4808
0x000AFFB2,08080a48
0x000AFFB3,0808080a
0x000AFFC3,080ffc20
0x000AFFC4,08080ffc
0x000AFFC5,0808080f
0x000AFFC6,08080808
0x000B0017,08000092
0x000B0018,08080000
0x000B001C,0808bfbf
0x000B0029,082ffc92
0x000B002B,0820082f
0x000B0031,0820082f
0x000B00CD,0820082f
0x000B00CF,08200820
0x000B00D1,08200820
0x000B00D7,0800002f
0x000B00FF,0803ebbe
0x000B0101,08090803
0x000B0109,080ff818
0x000B010D,080ff808
0x000B0138,08060000
0x000B013A,08090806
0x000B0197,08000088
0x000B01B7,080000b0
0x000B01B9,08020800
0x000B01C5,08024a02
0x000B01C7,08020802
0x000B01C9,08020802
0x000B01CB,08060802
0x000B01CD,08090806
0x000B01CE,08080908
0x000B01CF,08080809
0x000B01EB,0820082f
0x000B01ED,08200820
0x000B01EF,08200820
0x000B01F1,08200820
0x000B0217,08000090
0x000B024A,0822bfeb
0x000B0269,0822bf3f
0x000B0339,08000800
0x000B033F,08022f0b
0x000B0341,08020802
0x000B0343,08020802
0x000B0349,0803cbbe
0x000B034B,08020803
0x000B034D,08020802
0x000B034F,08020802
0x000B0377,08000090
0x000B03E9,080ca80d
0x000B0432,080c3f88
0x000B0434,0803080c
0x000B0462,082e0900
0x000B0481,083ffe00
0x000B0482,08083ffe
0x000B0483,0808083f
0x000B0484,08080808
0x000B0487,080ff808
0x000B048B,080ff808
0x000B048D,0808080f
0x000B0492,08000fff
0x000B0494,08000800
0x000B049A,08020ffe
0x000B04B7,08000090
0x000B04B8,08080000
0x000B04DC,08020ffe
0x000B04DE,08020802
0x000B04E0,08020802
0x000B04E2,08020802
0x000B04E4,08020802
0x000B04E6,08020802
0x000B04EB,0800000f
0x000B04ED,08060800
0x000B04EF,08090806
0x000B0591,0800082f
0x000B05AB,083fe802
0x000B05BD,080008bf
0x000B05C1,082ff800
0x000B05C3,0800082f
0x000B05E7,082ff802
0x000B05EC,08003ff8
0x000B05F2,08200820
0x000B062A,08203ffe
0x000B062C,08200820
0x000B064E,08203ffe
0x000B06AB,080ff8a0
0x000B06AD,0808080f
0x000B06AE,08080808
0x000B06AF,08080808
0x000B06B0,08080808
0x000B06B1,08080808
0x000B06B2,08080808
0x000B06CD,083fca02
0x000B06CF,0802083f
0x000B06D1,08020802
0x000B06DC,08263f2c
0x000B06E4,082abbaa
0x000B06F7,0800003f
0x000B073B,080ffc00
0x000B073C,08080ffc
0x000B0743,08088808
0x000B0744,08080888
0x000B0748,0808bfff
0x000B0749,080808bf
0x000B074A,08080808
0x000B074B,08080808
0x000B074C,08080808
0x000B074E,08090808
0x000B0750,08060809
0x000B0752,08020806
0x000B0797,080000a0
0x000B07CF,083f8820
0x000B07D1,0800083f
0x000B07E3,083ca869
0x000B07EB,080208bf
0x000B07FB,080ff800
0x000B07FD,0808080f
0x000B07FE,08080808
0x000B07FF,08080808
0x000B0800,08080808
0x000B0801,08080808
0x000B0802,08080808
0x000B0805,080ff808
0x000B0807,0808080f
0x000B0808,08080808
0x000B0809,08080808
0x000B080A,08080808
0x000B080B,08080808
0x000B080C,08080808
0x000B0824,083e28aa
0x000B0879,08020000
0x000B0885,080008bf
0x000B08A9,083f8820
0x000B08B8,08080000
0x000B08F7,08000000
0x000B08F8,08080000
0x000B08F9,08080800
0x000B08FA,08080808
0x000B0904,0809bfc9
0x000B0906,08260809
0x000B0918,08000000
0x000B091A,083f0800
0x000B0924,082288a2
0x000B09D7,0800003f
0x000B09E7,083fc820
0x000B0A0C,0808ff98
0x000B0A10,0808ffc8
0x000B0A11,080808ff
0x000B0A12,08080808
0x000B0A57,080000a2
0x000B0AD7,080000a0
0x000B0AD8,08080000
0x000B0AD9,08080800
0x000B0ADA,08080808
0x000B0ADE,0809bfc8
0x000B0AE0,080a0809
0x000B0B17,08000000
0x000B0B18,08080000
0x000B0B19,08080800
0x000B0B1A,08080808
0x000B0B38,08000000
0x000B0B3A,080f0800
0x000B0B77,0800003c
0x000B0B8B,082ff800
0x000B0B8F,082ff820
0x000B0B91,0820082f
0x000B0C06,080a0ff8
0x000B0C0A,080a0ffa
0x000B0C0E,080a0ffa
0x000B0C18,08000000
0x000B0C2B,0828bf26
0x000B0C6E,0828bfe8
0x000B0C6F,080828bf
0x000B0C70,08080828
0x000B0C78,08000000
0x000B0CD7,0800002f
0x000B0CD9,08020800
0x000B0CDB,08020802
0x000B0CE6,082008a2
0x000B0CE8,08200820
0x000B0CEA,08200820
0x000B0CEC,08200820
0x000B0CEE,08200820
0x000B0CF0,08200820
0x000B0CF2,08200820
0x000B0CF7,0800000e
0x000B0D6E,080898a8
0x000B0DD7,08000000
0x000B0DD8,08080000
0x000B0DD9,08080800
0x000B0DDA,08080808
0x000B0E0A,08280ff8
0x000B0E12,08200ff2
0x000B0E37,08000000
0x000B0E38,08080000
0x000B0E39,08080800
0x000B0E3A,08080808
0x000B0E3B,08080808
0x000B0E3C,08080808
0x000B0E4C,0808bfc8
0x000B0E4D,080808bf
0x000B0E4E,08080808
0x000B0E4F,08080808
0x000B0E50,08080808
0x000B0E51,08080808
0x000B0E52,08080808
0x000B0E53,08080808
0x000B0E54,08080808
0x000B0E97,0800000b
0x000B0E98,08080000
0x000B0E99,08080800
0x000B0E9A,08080808
0x000B0E9B,08080808
0x000B0E9C,08080808
0x000B0EBD,0820082f
0x000B0EC2,08082ffc
0x000B0ECB,084ff898
0x000B0ED9,08060800
0x000B0EDB,08090806
0x000B0EE2,0809bfc8
0x000B0EE4,080e0809
0x000B0EE6,080e080e
0x000B0EE8,082a080e
0x000B0EEC,080a3faa
0x000B0EF0,0809080a
0x000B0EF1,08080908
0x000B0EF2,08080809
0x000B0EFB,08060902
0x000B0F09,083fe002
0x000B0F60,0800bfef
0x000B0F64,0800082e
0x000B0F6A,08003f80
0x000B0FA1,083faf02
0x000B0FA7,08222fbf
0x000B0FC0,083e3f8a
0x000B0FC2,080a083e
0x000B0FC4,083e080a
0x000B0FC6,080a083e
0x000B0FCA,083e3f8a
0x000B0FCC,0820083e
0x000B0FCE,082a0820
0x000B0FD9,083f8800
0x000B0FF1,0820893f
0x000B0FF3,08200820
0x000B0FF8,08060000
0x000B1025,080918bf
0x000B1078,08000000
0x000B107A,083e0800
0x000B1086,083ebfa2
0x000B108C,083e0822
0x000B108E,0800083e
0x000B1138,08080000
0x000B1139,08080800
0x000B113A,08080808
0x000B113B,08080808
0x000B113C,08080808
0x000B113E,083f0808
0x000B1142,082abc2a
0x000B1157,0800003f
0x000B1201,082902be
0x000B1237,0800008f
0x000B1277,08000032
0x000B1279,08000800
0x000B1289,08223e22
0x000B128B,083e0822
0x000B12D4,082288a2
0x000B12F0,080008bf
0x000B12F2,08000800
0x000B1318,08000000
0x000B131A,083f0800
0x000B131E,0822bfe2
0x000B1386,082abfaa
0x000B1388,082f082a
0x000B13C8,0800082e
0x000B13D7,08000048
0x000B13E5,08288822
0x000B1403,081a7e6a
0x000B1405,081a081a
0x000B143B,082ff800
0x000B143F,080ff800
0x000B1443,080ff800
0x000B1445,0800080f
0x000B144D,081a4824
0x000B145D,08092fbf
0x000B146F,083f8820
0x000B147D,080ffc00
0x000B147E,08080ffc
0x000B1481,080ffc08
0x000B1482,08080ffc
0x000B1485,080ffc08
0x000B149A,08200820
0x000B149E,08200aff
0x000B14B7,0800003a
0x000B14B8,08080000
0x000B14B9,08080800
0x000B14BA,08080808
0x000B14C6,0808bfe8
0x000B14CF,082a0888
0x000B14E4,080a0ffa
0x000B14E8,080a0ffa
0x000B14EC,080a0ffa
0x000B1502,082e0822
0x000B1549,0824c803
0x000B1563,083ff802
0x000B1564,08083ff8
0x000B1567,080ff808
0x000B156B,080ff808
0x000B156D,0808080f
0x000B156E,08080808
0x000B1578,080c0000
0x000B157C,0802bfe6
0x000B15BB,083fe902
0x000B161F,083e2f08
0x000B1658,080c0000
0x000B1683,081a4a2f
0x000B16D7,08000003
0x000B16F3,08200820
0x000B16F7,0800002c
0x000B1737,080000b2
0x000B1777,08000030
0x000B177F,08022f02
0x000B1799,08020600
0x000B17A7,08020b02
0x000B17A9,08020802
0x000B17AB,08020802
0x000B17AD,08020802
0x000B17BF,080ffc08
0x000B17C0,08080ffc
0x000B17C3,080ffc08
0x000B17C4,08080ffc
0x000B17C7,080ffc08
0x000B17D7,08000030
0x000B1801,083baf2a
0x000B1817,0800002c
0x000B1819,08020800
0x000B1857,080000b0
0x000B185B,083fc800
0x000B185D,0802083f
0x000B1865,08228822
0x000B189C,0808bfc8
0x000B18AA,081bbfe2
0x000B18B7,080000aa
0x000B18B8,08080000
0x000B18B9,08080800
0x000B18BA,08080808
0x000B18BC,082a0808
0x000B18FB,080bfc00
0x000B18FC,08080bfc
0x000B18FD,0808080b
0x000B18FE,08080808
0x000B18FF,08080808
0x000B1900,08080808
0x000B1937,08000038
0x000B1938,08080000
0x000B195F,080ff800
0x000B1977,08000000
0x000B1997,08000000
0x000B19AD,083fe800
0x000B19AF,0802083f
0x000B19B1,08020802
0x000B19B7,08000003
0x000B19B9,08020800
0x000B19BB,08020802
0x000B19CF,083fc820
0x000B1A1D,0820082f
0x000B1A1F,08200820
0x000B1A43,083f8820
0x000B1A48,0808bfc8
0x000B1ADD,080f8830
0x000B1ADF,0808080f
0x000B1AE0,08080808
0x000B1AE2,08060808
0x000B1AE6,0822bfee
0x000B1AEA,081a0824
0x000B1B31,0832a892
0x000B1B33,08020832
0x000B1B57,0800009f
0x000B1B83,083f8820
0x000B1B88,080bbfec
0x000B1BB1,0832a992
0x000B1BB3,08020832
0x000B1BBE,0800bfe8
0x000B1BC0,08020800
0x000B1BC2,08060802
0x000B1BC4,08090806
0x000B1BC6,08000809
0x000B1BC8,08000800
0x000B1BC9,08080008
0x000B1BCA,08080800
0x000B1BCB,08080808
0x000B1BCC,08080808
0x000B1BCE,08060808
0x000B1BD0,08020806
0x000B1BD2,08020802
0x000B1BD8,08000000
0x000B1BF9,08020800
0x000B1BFB,08020802
0x000B1C0F,083fc820
0x000B1C31,0808093f
0x000B1C32,08080809
0x000B1C38,08080000
0x000B1C3A,08090808
0x000B1C52,0809388a
0x000B1C53,08080938
0x000B1C54,08080809
0x000B1C57,08000008
0x000B1C80,080008bf
0x000B1C82,083e0800
0x000B1C84,0800083e
0x000B1C86,083e0800
0x000B1C88,0800083e
0x000B1C8A,08000800
0x000B1C8C,083e0800
0x000B1C98,08000000
0x000B1CB8,08000000
0x000B1CD4,080b38ba
0x000B1CDC,08280fe2
0x000B1CEF,0838a828
0x000B1CF0,080838a8
0x000B1D9E,0802bfa2
0x000B1DA0,083e0802
0x000B1DA1,08083e08
0x000B1DA2,0808083e
0x000B1DA3,08080808
0x000B1DA4,08080808
0x000B1DA6,083f0808
0x000B1DA7,08083f08
0x000B1DA8,0808083f
0x000B1DAA,082a0808
0x000B1DB2,08380818
0x000B1DF8,08080000
0x000B1DF9,08080800
0x000B1DFA,08080808
0x000B1E17,080000b0
0x000B1E38,08080000
0x000B1E39,08080800
0x000B1E3A,08080808
0x000B1E97,0800002c
0x000B1EB9,08020600
0x000B1ED8,080c0000
0x000B1EDA,0826080c
0x000B1F02,0822bae2
0x000B1F04,08280822
0x000B1F17,08000030
0x000B1F1D,0802bf0f
0x000B1F1F,08020802
0x000B1F2F,0820082f
0x000B1F31,08200820
0x000B1FA9,0806083f
0x000B1FB8,080c0000
0x000B1FC3,08088808
0x000B1FC9,080908bf
0x000B1FF7,08000060
0x000B20D8,08000000
0x000B20DA,083e0800
0x000B20E0,083eb822
0x000B20E6,083e0822
0x000B20F9,08000800
0x000B20FD,08003f3f
0x000B2108,083f082a
0x000B2109,08083f08
0x000B210B,08020808
0x000B210F,08223f22
0x000B2117,08000093
0x000B211D,0808bfbf
0x000B211E,080808bf
0x000B2147,0820082f
0x000B2149,08200820
0x000B2157,08000088
0x000B215B,083fc800
0x000B215D,0800083f
0x000B2239,08020800
0x000B2245,080908bf
0x000B2247,08020809
0x000B2257,0800003f
0x000B22B7,0800002f
0x000B22B9,08020800
0x000B22D8,08000000
0x000B22DE,08200824
0x000B22E0,08000820
0x000B22E1,08080008
0x000B22E2,08080800
0x000B22EE,080f08f0
0x000B22F0,0800080f
0x000B22F2,08000800
0x000B22F4,08000800
0x000B22F7,08000008
0x000B22F9,08020800
0x000B22FB,08020802
0x000B22FF,08022f02
0x000B2311,08020902
0x000B234B,0820082f
0x000B23D8,080c0000
0x000B2437,0800002a
0x000B2467,080bc808
0x000B2497,08000000
0x000B249B,083f8800
0x000B24B7,08000091
0x000B24B9,08000800
0x000B2503,080ff880
0x000B2505,0808080f
0x000B2506,08080808
0x000B2507,08080808
0x000B2508,08080808
0x000B251E,08280ff0
0x000B25C9,080008af
0x000B25D7,0800002f
0x000B25D9,08020800
0x000B25DE,0828bfe8
0x000B25FE,08200820
0x000B263D,080ffc00
0x000B263E,08080ffc
0x000B2641,080ffc08
0x000B2642,08080ffc
0x000B2645,080ffc08
0x000B2649,083ffc00
0x000B2657,08000028
0x000B2658,08080000
0x000B2677,08000030
0x000B2679,08020800
0x000B267B,08020802
0x000B2689,083fc820
0x000B268B,0802083f
0x000B2691,080208bf
0x000B2693,08020802
0x000B2699,08000800
0x000B269B,080f0800
0x000B26A9,083fcb00
0x000B26AF,081a0822
0x000B26B1,0809081a
0x000B26C9,08000baf
0x000B26F7,08000000
0x000B2719,08020800
0x000B2733,08200822
0x000B2737,0800002c
0x000B2739,08020800
0x000B27D7,0800002c
0x000B27DE,082a0828
0x000B27E0,080e082a
0x000B27E2,080a080e
0x000B27E5,08080a08
0x000B27E6,0808080a
0x000B27E7,08080808
0x000B27E8,08080808
0x000B27E9,08080808
0x000B27EA,08080808
0x000B27F0,08020826
0x000B27F2,08020802
0x000B2859,08020800
0x000B2861,083fe402
0x000B2877,0800002c
0x000B2888,0800bfff
0x000B288A,08000800
0x000B288E,08003ffe
0x000B28AF,0820082f
0x000B28B1,08200820
0x000B28B7,0800002f
0x000B28D7,08000038
0x000B28D8,08080000
0x000B28D9,08080800
0x000B28DA,08080808
0x000B28F7,0800003f
0x000B28F8,08080000
0x000B28FA,08090808
0x000B2909,080a2f00
0x000B298E,0822aaae
0x000B29E5,0820082f
0x000B29E7,08200820
0x000B29EE,08180000
0x000B29F8,08000000
0x000B29FA,083e0800
0x000B2A47,082fcba2
0x000B2B1C,0820082e
0x000B2B63,080ff880
0x000B2B65,0808080f
0x000B2B66,08080808
0x000B2B8C,0800bff2
0x000B2B90,0824bfff
0x000B2B97,0800000e
0x000B2BAD,083fc822
0x000B2BB1,083fc802
0x000B2BCD,083fc822
0x000B2BD1,083fc802
0x000B2C5D,080820bf
0x000B2CB7,080000b0
0x000B2CB9,08020800
0x000B2CBB,08020802
0x000B2CE9,080208bf
0x000B2D0A,082a0ff2
0x000B2D28,080abff9
0x000B2D31,08088808
0x000B2D32,08080888
0x000B2D33,08080808
0x000B2D37,0800000e
0x000B2D78,08080000
0x000B2D79,08080800
0x000B2D7A,08080808
0x000B2D7E,080a3f8a
0x000B2D80,083e080a
0x000B2D85,08200abf
0x000B2D8D,08224820
0x000B2D91,08200822
0x000B2D93,08200820
0x000B2D97,0800002c
0x000B2E12,08023ffe
0x000B2E2D,08020a02
0x000B2E38,08000000
0x000B2E3A,083e0800
0x000B2E3E,083fbf80
0x000B2E57,080000b1
0x000B2E77,08000028
0x000B2E79,08020800
0x000B2EC1,08222222
0x000B2F03,080008bf
0x000B2F05,08020800
0x000B2F27,080ffc18
0x000B2F3A,08200820
0x000B2F4B,080ffc00
0x000B2F4C,08080ffc
0x000B2F4D,0808080f
0x000B2F4E,08080808
0x000B2F4F,08080808
0x000B2F50,08080808
0x000B2F51,08080808
0x000B2F52,08080808
0x000B2FF8,08080000
0x000B3005,083f8a20
0x000B3009,083f8800
0x000B300B,0828083f
0x000B3010,0808bfc8
0x000B3011,080808bf
0x000B3012,08080808
0x000B3013,08080808
0x000B3017,0800000b
0x000B3018,08080000
0x000B3019,08080800
0x000B301A,08080808
0x000B308F,0822283f
0x000B3099,08000800
0x000B309F,08183f20
0x000B30CB,080ff8b0
0x000B30CD,0808080f
0x000B30CE,08080808
0x000B30CF,08080808
0x000B30D0,08080808
0x000B30D1,08080808
0x000B30D2,08080808
0x000B30F8,08180000
0x000B3100,083e0fc2
0x000B310F,08080a08
0x000B3177,08000038
0x000B3179,08000800
0x000B31BD,080820bf
0x000B31C7,080a8a0a
0x000B31CB,080abf3f
0x000B31D8,08000000
0x000B31E0,08002a3f
0x000B31E4,0800bf2e
0x000B3219,08020800
0x000B322B,083fe800
0x000B3241,083e3e22
0x000B325F,080a2fbf
0x000B3297,08000080
0x000B32A3,083fc822
0x000B32B1,08020a3f
0x000B32F7,08000038
0x000B32F8,08080000
0x000B32F9,08080800
0x000B32FA,08080808
0x000B32FF,08082fbf
0x000B3300,0808082f
0x000B3317,080000b0
0x000B3319,08020800
0x000B3324,083e28aa
0x000B339B,083ffc00
0x000B339D,0820083f
0x000B339F,08200820
0x000B33CA,080008bc
0x000B33CC,08000800
0x000B33CE,08000800
0x000B33ED,08286828
0x000B33EF,08090828
0x000B3457,08000038
0x000B3459,08000800
0x000B345E,082f3f88
0x000B346A,082f082a
0x000B346B,08082f08
0x000B346C,0808082f
0x000B346E,08280808
0x000B3470,08280828
0x000B3472,082c0828
0x000B3478,08080000
0x000B3479,08080800
0x000B347A,08080808
0x000B347B,08080808
0x000B347C,08080808
0x000B347D,08080808
0x000B347E,08080808
0x000B3482,0808bfff
0x000B3483,080808bf
0x000B3484,08080808
0x000B3485,08080808
0x000B3486,08080808
0x000B3487,08080808
0x000B3488,08080808
0x000B3489,08080808
0x000B348A,08080808
0x000B348B,08080808
0x000B348C,08080808
0x000B348D,08080808
0x000B348E,08080808
0x000B348F,08080808
0x000B3490,08080808
0x000B3491,08080808
0x000B3492,08080808
0x000B349B,080ffc00
0x000B349C,08080ffc
0x000B349D,0808080f
0x000B349E,08080808
0x000B349F,08080808
0x000B34A0,08080808
0x000B34A1,08080808
0x000B34A2,08080808
0x000B34A3,08080808
0x000B34A4,08080808
0x000B34A7,080ffc08
0x000B34A8,08080ffc
0x000B34A9,0808080f
0x000B34AA,08080808
0x000B34AB,08080808
0x000B34AC,08080808
0x000B34AD,08080808
0x000B34AE,08080808
0x000B34AF,08080808
0x000B34B0,08080808
0x000B34B1,08080808
0x000B34B2,08080808
0x000B34C2,080008a6
0x000B34CC,083808e4
0x000B3557,08000000
0x000B3559,08000800
0x000B355B,08000800
0x000B35BB,080be838
0x000B35BD,0802080b
0x000B35C9,08020abf
0x000B35CB,08020802
0x000B35CD,08020802
0x000B35CF,08020802
0x000B35D1,08020802
0x000B35D7,0800007f
0x000B35D9,08000800
0x000B35E8,0822bfe2
0x000B35EA,081b0822
0x000B35EC,080e081b
0x000B3649,080200bf
0x000B3657,080000aa
0x000B3677,080000a8
0x000B3679,08020800
0x000B3690,08088868
0x000B3691,08080888
0x000B3692,08080808
0x000B3693,08080808
0x000B36F7,0800003f
0x000B3717,08000088
0x000B3719,08000800
0x000B3725,082ff802
0x000B3727,0802082f
0x000B3729,08020802
0x000B3757,0800000b
0x000B37B7,0800009a
0x000B37B8,08080000
0x000B37BC,082a0818
0x000B37C2,083f0818
0x000B37DC,08200ffe
0x000B37DE,08200820
0x000B37E0,08200820
0x000B37E2,08200820
0x000B37FD,080a183f
0x000B3824,08001800
0x000B3838,08080000
0x000B3839,08080800
0x000B383A,08080808
0x000B383D,083fbf08
0x000B3846,0808a9da
0x000B3877,080000b0
0x000B38B7,080000a0
0x000B38B8,08080000
0x000B38BA,08090808
0x000B38BC,08260809
0x000B38D7,080000b0
0x000B38D9,08020800
0x000B39B7,0800003f
0x000B3A17,080000b2
0x000B3A7C,0808bfbf
0x000B3A7F,083e3e08
0x000B3A80,08083e3e
0x000B3A82,08380808
0x000B3A98,08000000
0x000B3AB8,08090000
0x000B3B0B,0800082f
0x000B3B0D,08000800
0x000B3B0F,08000800
0x000B3B77,0800003c
0x000B3B7C,0808bfc8
0x000B3B81,083f8808
0x000B3B82,08083f88
0x000B3B83,0808083f
0x000B3B84,08080808
0x000B3B88,080b3fac
0x000B3B89,08080b3f
0x000B3B8A,0808080b
0x000B3B8E,0808bfc8
0x000B3B8F,080808bf
0x000B3B90,08080808
0x000B3B91,08080808
0x000B3B92,08080808
0x000B3B97,08000008
0x000B3B9F,080a0fba
0x000B3BB8,08000000
0x000B3BD7,08000092
0x000B3BDC,0808bfc8
0x000B3BDF,08092f08
0x000B3BEC,080a88aa
0x000B3BF0,0809080a
0x000B3BF2,08090809
0x000B3BF3,08080908
0x000B3BF4,08080809
0x000B3C51,0820082f
0x000B3C53,08200820
0x000B3C58,08000000
0x000B3C5E,0822bfe2
0x000B3CB9,08020800
0x000B3CBD,083fc802
0x000B3CC7,08000abf
0x000B3CD7,0800003f
0x000B3CD9,08020800
0x000B3CDD,083fc802
0x000B3CE7,080008bf
0x000B3CF7,0800003f
0x000B3D14,080288a2
0x000B3D87,080f8908
0x000B3DAF,083f8820
0x000B3DC5,080ff800
0x000B3DC9,080ff808
0x000B3DCD,080ff808
0x000B3DF8,08000000
0x000B3E47,082fcb00
0x000B3E70,0828bfe8
0x000B3E7B,083f8b00
0x000B3E7C,08083f8b
0x000B3E7D,0808083f
0x000B3E7E,08080808
0x000B3E81,0829af08
0x000B3E90,0809080a
0x000B3E91,08080908
0x000B3E92,08080809
0x000B3E93,08080808
0x000B3E94,08080808
0x000B3EC2,080e0830
0x000B3ED7,08000090
0x000B3ED8,08080000
0x000B3ED9,08080800
0x000B3EDB,08090808
0x000B3F17,080000b0
0x000B3F29,083fe822
0x000B3F2A,08083fe8
0x000B3F2E,0808bff8
0x000B3F33,08088808
0x000B3F37,0800000e
0x000B3F38,08080000
0x000B3F39,08080800
0x000B3F3B,08090808
0x000B3F58,08080000
0x000B3F59,08080800
0x000B3F5B,08090808
0x000B3FB7,0800002f
0x000B3FD8,08080000
0x000B3FDC,082a0818
0x000B3FF8,08080000
0x000B3FFA,08090808
0x000B402B,083fe822
0x000B402C,08083fe8
0x000B4089,083fe020
0x000B4097,080000a0
0x000B40B7,08000003
0x000B40C9,083fef22
0x000B40D3,08224821
0x000B4157,0800003f
0x000B415F,0824a21a
0x000B4161,08000824
0x000B4197,0800003f
0x000B41ED,080ff800
0x000B41EF,0808080f
0x000B41F0,08080808
0x000B41F1,08080808
0x000B41F2,08080808
0x000B41F7,0800000f
0x000B41F8,08080000
0x000B41F9,08080800
0x000B41FC,08083c08
0x000B4257,080000b0
0x000B4259,08000800
0x000B427D,080bfc00
0x000B427E,08080bfc
0x000B4281,080bfc08
0x000B4282,08080bfc
0x000B42A7,08081809
0x000B42A8,08080818
0x000B42A9,08080808
0x000B42AA,08080808
0x000B42AB,08080808
0x000B42B8,080c0000
0x000B42BA,0826080c
0x000B42BC,08020826
0x000B42C1,08492fbf
0x000B42C3,080e0849
0x000B42D0,0809afaa
0x000B42D2,080c0809
0x000B42D4,0803080c
0x000B4318,08000000
0x000B4369,081a0922
0x000B436D,0809080a
0x000B4397,080000b0
0x000B4399,08020800
0x000B439F,08022fbf
0x000B43A1,08020802
0x000B43A3,08020802
0x000B43B7,08000092
0x000B43BF,0820a20a
0x000B43C1,081a0820
0x000B43CD,081a0926
0x000B43CF,0809081a
0x000B43F7,08000030
0x000B43F8,08080000
0x000B43F9,08080800
0x000B43FB,083f0808
0x000B4437,08000022
0x000B4438,08080000
0x000B4443,083f8820
0x000B4457,080000b0
0x000B44AD,080208bf
0x000B44AF,08020802
0x000B44B1,08020802
0x000B44B3,08020802
0x000B44FD,080008bf
0x000B44FF,08000800
0x000B4537,08000092
0x000B4658,08000000
0x000B4660,082a68aa
0x000B4670,082f082a
0x000B4672,0800082f
0x000B4674,08000800
0x000B4678,08090000
0x000B4697,080000a0
0x000B46F7,08000092
0x000B4701,0800bf20
0x000B470D,0802be3a
0x000B4737,08000000
0x000B473C,0829bfc8
0x000B475C,0822bfa0
0x000B47A9,083fcb22
0x000B47F7,0800002f
0x000B48CD,0820082f
0x000B48CF,08200820
0x000B48D1,08200820
0x000B48D7,0800002f
0x000B48DB,083f8800
0x000B4917,0800003c
0x000B4918,08080000
0x000B4919,08080800
0x000B491A,08080808
0x000B491B,08080808
0x000B491C,08080808
0x000B4974,08320892
0x000B4998,08080000
0x000B4999,08080800
0x000B499A,08080808
0x000B499B,08080808
0x000B499C,08080808
0x000B49D9,08020800
0x000B49DB,08020802
0x000B49DD,08020802
0x000B49DF,08020802
0x000B49E3,0832bc92
0x000B49E5,080e0832
0x000B49E7,0802080e
0x000B49E9,08020802
0x000B49EB,08020802
0x000B49ED,08020802
0x000B4A97,0800003e
0x000B4AA1,080a1a0a
0x000B4AA9,080a2f0a
0x000B4AF8,08080000
0x000B4AF9,08080800
0x000B4AFA,08080808
0x000B4AFB,08080808
0x000B4AFC,08080808
0x000B4B4B,082ff820
0x000B4B4F,082ff820
0x000B4BB7,080000a0
0x000B4C53,08280c28
0x000B4C87,0800003f
0x000B4C89,08020800
0x000B4C8D,082abc22
0x000B4C8F,080b082a
0x000B4C9C,0808bfbf
0x000B4C9F,083e3e08
0x000B4CA0,08083e3e
0x000B4CA9,08020800
0x000B4CAD,082abc22
0x000B4CAF,080b082a
0x000B4CC3,080008bf
0x000B4D5B,080ff800
0x000B4D5F,080ff808
0x000B4D70,0824bfff
0x000B4D77,08000008
0x000B4D79,08020800
0x000B4D8F,08000a18
0x000B4D91,08030800
0x000B4D93,080c0803
0x000B4DB2,08080809
0x000B4DB3,08080808
0x000B4DB4,08080808
0x000B4DFB,0828fc20
0x000B4DFF,0830bc8a
0x000B4E20,08200820
0x000B4E38,08000000
0x000B4EC2,08201820
0x000B4EF7,08000000
0x000B4F2F,083fe822
0x000B4F57,08000093
0x000B4F97,080000a2
0x000B4FA1,08221a22
0x000B4FA9,08222fbf
0x000B4FC3,0820082f
0x000B4FC5,08200820
0x000B4FC7,08200820
0x000B4FCD,0820082f
0x000B4FCF,08200820
0x000B4FD1,08200820
0x000B4FF7,0800000b
0x000B4FF9,08020800
0x000B5089,082fc000
0x000B50FC,08003fae
0x000B50FE,083f0800
0x000B510A,0800bfc0
0x000B5114,082e0822
0x000B5117,08000008
0x000B5119,08020800
0x000B5157,080000b2
0x000B515F,08222fbf
0x000B5185,080208bf
0x000B519A,080b0828
0x000B519B,08080b08
0x000B519C,0808080b
0x000B5201,08022f02
0x000B5203,083f0802
0x000B5207,080a2f0a
0x000B5232,08088a4a
0x000B5237,0800000c
0x000B5248,082a002a
0x000B524A,082f082a
0x000B5250,08280828
0x000B5252,082c0828
0x000B5279,080bf800
0x000B527A,08080bf8
0x000B527B,0808080b
0x000B527C,08080808
0x000B527D,08080808
0x000B527E,08080808
0x000B527F,08080808
0x000B5280,08080808
0x000B52B7,0800000a
0x000B5329,082ff820
0x000B532D,082ff820
0x000B5346,080c0ff0
0x000B5349,080fff08
0x000B534A,08080fff
0x000B534D,080ff808
0x000B5357,08000078
0x000B535C,083abf88
0x000B5377,08000090
0x000B5378,08080000
0x000B5379,08080800
0x000B537A,08080808
0x000B53D7,08000000
0x000B53D9,08200800
0x000B53DB,08200820
0x000B53EB,08224820
0x000B53ED,08200822
0x000B53EF,08200820
0x000B53F1,08200820
0x000B53F3,08200820
0x000B53F7,0800002c
0x000B540C,082c3f88
0x000B5410,0800bfcb
0x000B5412,08000800
0x000B5414,08000800
0x000B5437,080000a0
0x000B543B,083f8800
0x000B5454,08020862
0x000B5465,080ff800
0x000B5483,080ff800
0x000B54D7,0800002c
0x000B54D9,08020800
0x000B54F1,08388828
0x000B54F2,08083888
0x000B54F3,08080838
0x000B54F4,08080808
0x000B54F7,08000008
0x000B54F8,08080000
0x000B54F9,08080800
0x000B54FA,08080808
0x000B54FB,08080808
0x000B54FC,08080808
0x000B54FF,083faf08
0x000B5500,08083faf
0x000B5501,0808083f
0x000B5502,08080808
0x000B5503,08080808
0x000B5504,08080808
0x000B5509,080a0bbf
0x000B551B,0808ff08
0x000B551C,080808ff
0x000B5567,0800fc0b
0x000B5569,08000800
0x000B5589,080ff800
0x000B558B,0808080f
0x000B558C,08080808
0x000B558F,080ff808
0x000B5591,0808080f
0x000B5592,08080808
0x000B55A9,080c0024
0x000B55D7,080000b0
0x000B55E1,08001825
0x000B55E3,08200800
0x000B55EF,08224921
0x000B55F1,08200822
0x000B55F3,08200820
0x000B5683,0820082f
0x000B568D,0820082f
0x000B569E,08228be2
0x000B56B7,08000090
0x000B56B9,08020800
0x000B56BD,08023e02
0x000B56BF,08020802
0x000B56C3,0802bf02
0x000B56C5,080e0802
0x000B56E7,0820082f
0x000B5737,0800002c
0x000B575C,080028fc
0x000B575E,08000800
0x000B5764,08200820
0x000B5766,08200820
0x000B576C,08280828
0x000B5792,080cbfa8
0x000B5794,0803080c
0x000B57D7,08000088
0x000B57D9,08000800
0x000B57F9,08200800
0x000B5807,08224020
0x000B5809,08260822
0x000B580D,08243e29
0x000B580F,08200824
0x000B5817,0800002c
0x000B583A,08020ffe
0x000B585F,080ff802
0x000B5868,0808bfff
0x000B586B,080ff808
0x000B586F,080ff808
0x000B5874,08000fff
0x000B5889,08183e29
0x000B5897,0800003f
0x000B5899,08020800
0x000B58EF,0826a822
0x000B58F1,080c0826
0x000B58F7,080000a0
0x000B5937,080000a3
0x000B598F,0826a822
0x000B5991,080c0826
0x000B59F1,083a1882
0x000B59F9,08020800
0x000B59FB,08020802
0x000B59FF,08022f02
0x000B5A01,08020802
0x000B5A03,08020802
0x000B5A37,08000008
0x000B5A39,08020800
0x000B5A3B,08020802
0x000B5A57,08000080
0x000B5A77,0800002c
0x000B5AF7,080000a0
0x000B5AFB,083fc802
0x000B5B17,080000a0
0x000B5B37,080000a0
0x000B5B38,08080000
0x000B5B49,08220baf
0x000B5B57,0800000c
0x000B5B58,08080000
0x000B5B59,08080800
0x000B5B5A,08080808
0x000B5B97,0800002f
0x000B5B98,08080000
0x000B5BD2,0824bfff
0x000B5BD7,08000038
0x000B5BD8,08080000
0x000B5C12,08300890
0x000B5C1E,0808bfff
0x000B5C1F,080808bf
0x000B5C20,08080808
0x000B5C9B,0802f80e
0x000B5C9D,08000802
0x000B5C9F,08000800
0x000B5CA3,083ff800
0x000B5CA4,08083ff8
0x000B5CA5,0808083f
0x000B5CA6,08080808
0x000B5CA7,08080808
0x000B5CA8,08080808
0x000B5CA9,08080808
0x000B5CAA,08080808
0x000B5CB7,08000090
0x000B5D2A,08200820
0x000B5D30,08200820
0x000B5D37,08000008
0x000B5D3F,08022f02
0x000B5D58,08180000
0x000B5E03,0820082f
0x000B5E0D,0820082f
0x000B5E33,0822e822
0x000B5E38,08000000
0x000B5E78,08000000
0x000B5E7B,0808bf08
0x000B5EF7,080000b0
0x000B5F0D,0832bc02
0x000B5F57,080000b0
0x000B5F59,08020800
0x000B5F5B,08020802
0x000B5F5D,08020802
0x000B5F63,080008bf
0x000B5F65,08000800
0x000B5F69,080ff800
0x000B5F6B,0808080f
0x000B5F6C,08080808
0x000B5F6D,08080808
0x000B5F6E,08080808
0x000B5F70,08090808
0x000B5F72,08060809
0x000B5F74,08020806
0x000B5F77,08000008
0x000B5F85,083ffc00
0x000B5F97,08000038
0x000B5FBB,083fe800
0x000B601D,080218bf
0x000B602F,08028802
0x000B6037,080000b0
0x000B6038,08080000
0x000B6039,08080800
0x000B603A,08080808
0x000B6059,08020800
0x000B605B,08020802
0x000B608F,08021802
0x000B6091,08020802
0x000B60B7,080000a2
0x000B60D3,080208a2
0x000B60E0,083e089a
0x000B60E1,08083e08
0x000B60FE,0802bf22
0x000B6100,083e0802
0x000B6101,08083e08
0x000B6137,0800003f
0x000B613F,08022fbf
0x000B6197,08000038
0x000B619E,082fbf88
0x000B61BE,0808bfbf
0x000B61BF,080808bf
0x000B61C0,08080808
0x000B61DA,080b0828
0x000B61FF,080ff802
0x000B6203,080ff808
0x000B621F,080ff802
0x000B6223,080ff808
0x000B623F,080ff802
0x000B6243,080ff808
0x000B6261,080208bf
0x000B6263,08020802
0x000B6269,08260822
0x000B626B,080c0826
0x000B6292,0808affb
0x000B62ED,080ff800
0x000B62EF,0808080f
0x000B62F0,08080808
0x000B62F1,08080808
0x000B62F2,08080808
0x000B6317,08000096
0x000B6319,08020800
0x000B631D,083fe802
0x000B6331,083fe802
0x000B6333,0802083f
0x000B634B,0818fc24
0x000B634C,080818fc
0x000B634D,08080818
0x000B634F,080b0808
0x000B635D,0820082f
0x000B635F,08200820
0x000B6377,08000000
0x000B6379,08000800
0x000B638F,082a3e2a
0x000B63D9,08020800
0x000B63F2,0800bfef
0x000B63F4,08000800
0x000B6463,082bc820
0x000B6479,08020800
0x000B6499,08020800
0x000B649B,08020802
0x000B659F,080ff800
0x000B65D8,08080000
0x000B666F,083fe802
0x000B6679,08020800
0x000B667B,08020802
0x000B66B8,08000000
0x000B66BA,083e0800
0x000B66BC,0800083e
0x000B66F9,08000800
0x000B6726,083fa288
0x000B672E,080a3faa
0x000B6732,0838bfc8
0x000B6734,080b0838
0x000B6778,08000000
0x000B67C1,080008bf
0x000B67C3,08000800
0x000B67C5,08000800
0x000B67C7,08000800
0x000B67C9,08000800
0x000B67CB,08000800
0x000B67CD,08000800
0x000B67CF,08000800
0x000B67D7,0800003f
0x000B67D9,08020800
0x000B67EB,080249bf
0x000B6817,080000b0
0x000B6819,08020800
0x000B681B,08020802
0x000B6821,08022fbf
0x000B6823,08020802
0x000B6825,08020802
0x000B6827,083f0802
0x000B6837,0800004c
0x000B6838,08080000
0x000B6839,08080800
0x000B683A,08080808
0x000B683B,08080808
0x000B683C,08080808
0x000B6857,0800000e
0x000B6859,08000800
0x000B687F,080008bf
0x000B6881,08000800
0x000B6883,08000800
0x000B6897,0800000b
0x000B6899,08020800
0x000B689B,08020802
0x000B68BF,083ffc00
0x000B68C1,0820083f
0x000B68C7,0802083f
0x000B68F7,0800000d
0x000B68F9,08000800
0x000B6920,08200bf0
0x000B6937,08000000
0x000B6939,08020800
0x000B6953,0802082f
0x000B6967,080ffc00
0x000B6968,08080ffc
0x000B696B,080ffc08
0x000B696C,08080ffc
0x000B696F,080ffc08
0x000B6970,08080ffc
0x000B6971,0808080f
0x000B6972,08080808
0x000B6977,0800000f
0x000B6981,08021abf
0x000B69E6,082e2f00
0x000B69E8,0800082e
0x000B69F7,08000008
0x000B6A29,082ff820
0x000B6A2D,082ff820
0x000B6A49,0808883f
0x000B6A50,0809082a
0x000B6A52,080c0809
0x000B6A54,0803080c
0x000B6A97,08000090
0x000B6B45,083fec0a
0x000B6B57,080000a0
0x000B6B59,08020800
0x000B6B5B,08020802
0x000B6B5F,08022f02
0x000B6B61,08020802
0x000B6B71,08020902
0x000B6B73,08020802
0x000B6B79,08020800
0x000B6B8D,08090f0a
0x000B6BE1,08223e22
0x000B6BF7,08000000
0x000B6BF8,08080000
0x000B6BF9,08080800
0x000B6BFA,08080808
0x000B6BFD,0808bf08
0x000B6C38,08000000
0x000B6C3B,0808bf08
0x000B6C3D,08060808
0x000B6C57,0800003f
0x000B6CFB,080bf800
0x000B6CFC,08080bf8
0x000B6CFD,0808080b
0x000B6CFE,08080808
0x000B6CFF,08080808
0x000B6D00,08080808
0x000B6D01,08080808
0x000B6D02,08080808
0x000B6D09,08088808
0x000B6D0A,08080888
0x000B6D0B,08080808
0x000B6D0C,08080808
0x000B6D0D,08080808
0x000B6D26,08300890
0x000B6D9C,0822bffe
0x000B6DD7,08000008
0x000B6DE7,083fc822
0x000B6DE9,0802083f
0x000B6DF8,08080000
0x000B6DF9,08080800
0x000B6DFA,08080808
0x000B6DFB,08080808
0x000B6DFC,08080808
0x000B6E14,08028862
0x000B6E39,08020800
0x000B6E3B,08020802
0x000B6E57,080000a0
0x000B6E59,08000800
0x000B6E98,08080000
0x000B6E99,08080800
0x000B6E9A,08080808
0x000B6EBF,080ff802
0x000B6EC3,080ff808
0x000B6EF0,0822bfe2
0x000B6EF7,080000a0
0x000B6EF9,08020800
0x000B6EFB,08020802
0x000B6F18,08080000
0x000B6F1A,082c0808
0x000B6F37,0800003a
0x000B6F3C,0808bfc8
0x000B6F3F,08082f08
0x000B6F40,0808082f
0x000B6F41,08080808
0x000B6F42,08080808
0x000B6F77,08000030
0x000B6FB7,08000003
0x000B6FC9,08020a3f
0x000B6FE2,08201824
0x000B6FE4,08200820
0x000B6FF7,080000a0
0x000B6FF9,08020800
0x000B6FFB,08020802
0x000B7001,080208bf
0x000B70BE,0822bffe
0x000B70F7,0800000b
0x000B710D,083fc800
0x000B7111,08260822
0x000B715F,080ff808
0x000B7163,080ff808
0x000B71F7,0800003f
0x000B7204,08203ffe
0x000B7208,08200bf0
0x000B720C,08200bf0
0x000B7217,080000a0
0x000B722C,082abfaa
0x000B722E,082f082a
0x000B7230,0800082f
0x000B7232,08000800
0x000B7234,08000800
0x000B7248,083888e2
0x000B72A3,080ff800
0x000B72A8,0808bfff
0x000B72F7,08000092
0x000B72F8,08080000
0x000B72F9,08080800
0x000B72FA,08080808
0x000B72FB,08080808
0x000B72FC,08080808
0x000B7326,080c0b88
0x000B7328,082c080c
0x000B733B,0820082f
0x000B733D,08200820
0x000B7343,0802082f
0x000B7345,08020802
0x000B734B,0802483f
0x000B734D,08020802
0x000B73B7,08000000
0x000B73B9,08000800
0x000B73DA,08200020
0x000B7457,08000031
0x000B7458,08080000
0x000B7459,08080800
0x000B745A,08080808
0x000B746A,080a3faa
0x000B7477,0800004a
0x000B7497,08000038
0x000B7498,08080000
0x000B7499,08080800
0x000B749A,08080808
0x000B74C1,080ff880
0x000B74C5,080ff808
0x000B7578,08180000
0x000B75B7,08000070
0x000B75CA,081b0822
0x000B75CE,08183f8e
0x000B75D0,08280818
0x000B75E5,080b0a2a
0x000B75EB,08020f02
0x000B75ED,08020802
0x000B75F8,08060000
0x000B7600,0822bff0
0x000B7602,08260822
0x000B761D,0803f800
0x000B7646,080e3f8e
0x000B7648,082a080e
0x000B7657,08000008
0x000B7666,08263f89
0x000B7668,082f0826
0x000B7677,08000008
0x000B76B7,0800003f
0x000B76B9,08000800
0x000B76E8,080b3fac
0x000B76E9,08080b3f
0x000B76EA,0808080b
0x000B76EF,080a08bf
0x000B76F7,080000a0
0x000B771A,08200820
0x000B7729,08224802
0x000B772B,08260822
0x000B773F,080008bf
0x000B77A4,0808bfca
0x000B77A5,080808bf
0x000B77A6,08080808
0x000B77BF,080008bf
0x000B77D7,0800002f
0x000B77F7,080000b0
0x000B77FD,0808bf0f
0x000B77FE,080808bf
0x000B7801,083c3e08
0x000B7806,081808bf
0x000B780E,082a086a
0x000B7847,081ae824
0x000B7883,0818bfbf
0x000B789B,080ffc00
0x000B789C,08080ffc
0x000B789D,0808080f
0x000B789E,08080808
0x000B789F,08080808
0x000B78A0,08080808
0x000B78A3,080ffc08
0x000B78A4,08080ffc
0x000B78A5,0808080f
0x000B78A6,08080808
0x000B78A7,08080808
0x000B78A8,08080808
0x000B78AB,080ffc08
0x000B78AC,08080ffc
0x000B78AD,0808080f
0x000B78AE,08080808
0x000B78AF,08080808
0x000B78B0,08080808
0x000B78B1,08080808
0x000B78B2,08080808
0x000B78D9,08000800
0x000B78DB,08000800
0x000B793F,083ffc00
0x000B7941,0820083f
0x000B7947,0802083f
0x000B7957,080000a0
0x000B7981,080f8808
0x000B7985,083ffc00
0x000B79D7,08000038
0x000B79D8,08080000
0x000B79DA,08090808
0x000B7A81,08020800
0x000B7AED,0808bf18
0x000B7AEE,080808bf
0x000B7AEF,08080808
0x000B7AF0,08080808
0x000B7B02,083e08a0
0x000B7B12,08200820
0x000B7B17,0800000b
0x000B7B19,08000800
0x000B7B3D,080008bf
0x000B7B3F,08000800
0x000B7B6D,081a4925
0x000B7B77,080000a0
0x000B7BF8,08080000
0x000B7BFC,083f3f88
0x000B7C17,08000038
0x000B7D77,080000aa
0x000B7DB9,08020800
0x000B7DD7,0800003f
0x000B7E2D,080a180a
0x000B7E77,0800003f
0x000B7E79,08020800
0x000B7E7B,08020802
0x000B7E9F,080ff800
0x000B7EA3,080ff808
0x000B7EC1,083f8820
0x000B7EF7,0800002c
0x000B7EF8,08080000
0x000B7EF9,08080800
0x000B7EFA,08080808
0x000B7EFB,08080808
0x000B7EFC,08080808
0x000B7F7E,082998bf
0x000B7FB7,0800003f
0x000B7FB9,08020800
0x000B7FBB,08020802
0x000B7FCD,08227922
0x000B7FD7,0800003f
0x000B803A,08020ffe
0x000B803C,08020802
0x000B8077,08000008
0x000B8079,08290800
0x000B8081,082318be
0x000B8098,08000000
0x000B809C,080008ff
0x000B8117,08000000
0x000B8119,08000800
0x000B811D,082ff800
0x000B811F,0800082f
0x000B8121,08000800
0x000B8125,080ffc00
0x000B8126,08080ffc
0x000B8128,08000808
0x000B812A,08000800
0x000B812E,0800bfff
0x000B8151,0820082f
0x000B8181,083f0c09
0x000B818D,08221822
0x000B818F,083f0822
0x000B8191,0800083f
0x000B81B7,08000039
0x000B81B8,08080000
0x000B81B9,08080800
0x000B81BA,08080808
0x000B81BB,08080808
0x000B81BC,08080808
0x000B81D7,08000071
0x000B81DB,080b8838
0x000B820D,080ff8a0
0x000B820F,0808080f
0x000B8210,08080808
0x000B8211,08080808
0x000B8212,08080808
0x000B8237,0800003a
0x000B8243,083fc820
0x000B8257,08000032
0x000B825B,080bc8b8
0x000B8266,082c3f88
0x000B8268,080b082c
0x000B826C,0808bfc8
0x000B8279,08020800
0x000B82DB,08224821
0x000B82E4,080e3f88
0x000B8337,0800002f
0x000B8338,08080000
0x000B8339,08080800
0x000B833A,08080808
0x000B83B7,08000000
0x000B83E5,080f8808
0x000B840E,0808affb
0x000B840F,080808af
0x000B8410,08080808
0x000B8411,08080808
0x000B8412,08080808
0x000B844A,0800bfc0
0x000B848F,083fe822
0x000B84F7,0800008f
0x000B8510,0808b838
0x000B8511,080808b8
0x000B8512,08080808
0x000B85AE,08200824
0x000B85CE,08203ffe
0x000B85D9,08020600
0x000B8613,080a9a0a
0x000B8637,08000029
0x000B8654,08088888
0x000B8697,08000000
0x000B8699,08000800
0x000B869D,0824bfbe
0x000B86E3,080a2618
0x000B86F7,0800002f
0x000B8701,08229a22
0x000B8738,08000000
0x000B875B,08020e02
0x000B875D,08020802
0x000B875F,08020802
0x000B8763,0802ff02
0x000B8765,08020802
0x000B8767,08020802
0x000B87B7,08000098
0x000B87E9,0803f0b8
0x000B8849,082ff820
0x000B884D,082ff820
0x000B8909,083fc822
0x000B890B,0802083f
0x000B8918,08000000
0x000B8977,080000b0
0x000B898A,080e082a
0x000B898D,083fa808
0x000B898E,08083fa8
0x000B898F,0808083f
0x000B8990,08080808
0x000B8991,08080808
0x000B8992,08080808
0x000B89F9,08021800
0x000B8A05,083fc822
0x000B8A0B,083fca02
0x000B8A11,080208bf
0x000B8A13,08020802
0x000B8A42,08000000
0x000B8A5D,080820bf
0x000B8A73,080208bf
0x000B8A78,08080000
0x000B8A79,08080800
0x000B8A7A,08080808
0x000B8A7F,08002fbf
0x000B8A8B,083f8820
0x000B8A8C,08083f88
0x000B8AD9,08020600
0x000B8B1F,082208bf
0x000B8B58,08000000
0x000B8B5F,082208bf
0x000B8B78,08080000
0x000B8B79,08080800
0x000B8B7A,08080808
0x000B8C37,0800008f
0x000B8C39,08020800
0x000B8CA1,080ff800
0x000B8CB9,08020800
0x000B8D37,08000000
0x000B8D53,08200820
0x000B8D89,083fe020
0x000B8DFB,083f8b08
0x000B8DFC,08083f8b
0x000B8E11,0809091a
0x000B8E2E,080a3f8a
0x000B8E31,083f8a08
0x000B8E32,08083f8a
0x000B8E3D,080ffc00
0x000B8E3E,08080ffc
0x000B8E3F,0808080f
0x000B8E40,08080808
0x000B8E43,080ffc08
0x000B8E44,08080ffc
0x000B8E45,0808080f
0x000B8E46,08080808
0x000B8E4F,080a4818
0x000B8E58,08000000
0x000B8E6A,08003f80
0x000B8E99,080ff800
0x000B8E9D,080ff808
0x000B8EF1,0800383f
0x000B8F17,0800000e
0x000B8F37,0800000a
0x000B8F5D,080008bf
0x000B8F69,083fe822
0x000B8F6B,0802083f
0x000B8F78,08080000
0x000B8F79,08080800
0x000B8F7A,08080808
0x000B8F7B,08080808
0x000B8F7C,08080808
0x000B8F7F,083fbf08
0x000B8F8F,08080888
0x000B8F90,08080808
0x000B8F91,08080808
0x000B8F92,08080808
0x000B8F93,08080808
0x000B8F94,08080808
0x000B90A5,083aaf8a
0x000B90E6,08203fe0
0x000B90E8,08200820
0x000B9117,08000000
0x000B9157,08000000
0x000B9169,083fe800
0x000B9171,083a0822
0x000B9173,0802083a
0x000B91AB,0822183f
0x000B91B8,08000000
0x000B91BC,08020afe
0x000B91F1,083f3822
0x000B91F7,080000a2
0x000B9207,083fc800
0x000B9211,083a0822
0x000B9213,0802083a
0x000B9223,080008af
0x000B9227,083fef00
0x000B9239,08020800
0x000B923B,08020802
0x000B924D,08022802
0x000B9283,080008af
0x000B9287,083fbf00
0x000B9298,08080000
0x000B9299,08080800
0x000B929A,08080808
0x000B929D,083fbf08
0x000B9446,0808a9ca
0x000B9458,08060000
0x000B945A,08290806
0x000B945E,08003fa0
0x000B9478,08080000
0x000B9479,08080800
0x000B947A,08080808
0x000B947E,082abfc8
0x000B9494,08028882
0x000B9497,08000008
0x000B94B8,08080000
0x000B94B9,08080800
0x000B94BA,08080808
0x000B94BE,0822bfe6
0x000B94D4,08088888
0x000B956D,082fc822
0x000B9589,083fe822
0x000B958F,080208bf
0x000B95AA,08183f98
0x000B95BC,08020ffe
0x000B95BE,08020802
0x000B95C0,08020802
0x000B95ED,082ffc99
0x000B95F7,0800002f
0x000B95F9,08020800
0x000B9617,0800003f
0x000B9663,08263e22
0x000B9665,081d0826
0x000B9717,08000008
0x000B9719,08000800
0x000B9773,080a783a
0x000B97A8,08200820
0x000B97D7,08000000
0x000B984C,0808bfff
0x000B984F,080ff808
0x000B9854,08000fff
0x000B9877,080000a2
0x000B9879,08000800
0x000B98A8,08200820
0x000B98B7,08000090
0x000B98B8,08080000
0x000B98F8,08000000
0x000B98FA,083e0800
0x000B9924,0808bfc8
0x000B997B,08000f00
0x000B999C,08000bae
0x000B999E,083f0800
0x000B99A0,0800083f
0x000B99A4,0800bfee
0x000B99A8,0800082e
0x000B99F8,08000000
0x000B9A37,0800009f
0x000B9A39,08020800
0x000B9A4D,083fea02
0x000B9A4F,0802083f
0x000B9A51,08020802
0x000B9A53,08020802
0x000B9A69,082ff820
0x000B9AA3,0820082f
0x000B9AA9,0820082f
0x000B9AD8,08000000
0x000B9AE8,0800082e
0x000B9AEE,08220bee
0x000B9B37,08000092
0x000B9B39,08020800
0x000B9B78,08000000
0x000B9B98,08000000
0x000B9D57,08000000
0x000B9D72,0808bfff
0x000B9D73,080808bf
0x000B9DA6,080822fc
0x000B9DA7,08080822
0x000B9DA8,08080808
0x000B9DB7,0800008f
0x000B9DD9,08020800
0x000B9E3B,083ee100
0x000B9E4F,08222c2a
0x000B9E7F,080608ff
0x000B9E81,08060806
0x000BA2FB,08130077
0x000BA3B9,0800ba00
0x000BA3BD,08009921
0x000BA3C3,08008599
0x000BA945,0810fddd
0x000BADAA,0803f45c
0x000BAE03,08003211
0x000BB180,0852c701
0x000BB580,08147272
0x000BB73A,08331304
0x000BB79A,08003b03
0x000BB79D,0800dd08
0x000BB821,080182bc
0x000BBBA7,0800ff1f
0x000BBD7A,08008863
0x000BBE47,08228c18
0x000BBFB5,083343ce
0x000BC4F8,08512323
0x000BC653,08227b13
0x000BC68A,08255610
0x000BC84C,08205d13
0x000BC9A0,08055335
0x000BCA72,0804225c
0x000BCB11,08003212
0x000BCCE2,0800ce0a
0x000BCE78,0833d417
0x000BD2C2,084206ea
0x000BD313,082220c0
0x000BD33C,08005127
0x000BD44F,08323324
0x000BD4D0,08100300
0x000BD4DC,08001100
0x000BD4DF,08001208
0x000BD51D,08105a02
0x000BD52E,08001130
0x000BD59F,081224bb
0x000BD725,08000007
0x000BD9DB,08010701
0x000BE173,080100a2
0x000BE456,0849814c
0x000BE46B,080f20ff
0x000BEB7E,08008200
0x000BEE76,083d7721
0x000BF904,08531114
0x000BFF4B,08052362
0x000C005E,08344334
0x000C0439,0800bccc
0x000C062F,082a0425
0x000C0647,08005412
0x000C065D,08000300
0x000C0717,081b1b8a
0x000C0732,08536211
0x000C07A1,08335267
0x000C07DE,08354221
0x000C0D4F,08133613
0x000C0FE2,0831b101
0x000C1202,0800b800
0x000C12FE,081500dd
0x000C15C8,0800d949
0x000C16A5,08010500
0x000C1732,080b000a
0x000C1945,08100700
0x000C1C61,08010700
0x000C1DCE,08005410
0x000C1DE6,08000300
0x000C25B6,08325553
0x000C264C,08344686
0x000C279F,0801a814
0x000C2B06,08390016
0x000C2C5A,08441131
0x000C3057,081442ae
0x000C3067,0831a002
0x000C307E,08170513
0x000C329A,081e01c8
0x000C3441,08312c04
0x000C392A,08003801
0x000C39E5,0800bccc
0x000C3E09,0821ef09
0x000C3F5D,08373474
0x000C41A5,08010500
0x000C4228,08100007
0x000C4345,0836fb40
0x000C4407,08100700
0x000C4802,080000fa
0x000C482C,08050082
0x000C4843,08050900
0x000C4AAB,08111235
0x000C4C53,08233122
0x000C549A,082300cb
0x000C5587,08005801
0x000C5642,0800bccc
0x000C5745,08373474
0x000C5D45,08113443
0x000C5F5D,08010500
0x000C5FFB,08000700
0x000C6181,0818000d
0x000C621B,08000013
0x000C6A3C,08531114
0x000C6B32,08005410
0x000C6E0D,08312215
0x000C706C,080088ed
0x000C753B,0832b472
0x000C7855,08534f40
0x000C7A5D,082bbbbc
0x000C7B38,08007715
0x000C7C0A,082116c4
0x000C81EE,0800bc45
0x000C828B,08025cc7
0x000C82B0,08008203
0x000C83BA,08107000
0x000C848D,08010500
0x000C8510,08100007
0x000C86FB,08110700
0x000C8731,08100700
0x000C8D40,08004854
0x000C8F21,0811f322
0x000C934D,080089ed
0x000C98FC,08120103
0x000C990B,08120502
0x000C9A0B,08338902
0x000C9D24,08136236
0x000C9F88,08071001
0x000CA083,0800f054
0x000CA7DD,0800d949
0x000CA99A,08445232
0x000CAB48,08100007
0x000CAB64,08130012
0x000CAD91,08100701
0x000CAEA4,08010207
0x000CB1D1,08003114
0x000CB26A,08003321
0x000CBB73,08424043
0x000CBBE3,08357767
0x000CC05E,08126697
0x000CC262,084e0084
0x000CC7CE,0800c1ff
0x000CC8F1,0800ddee
0x000CC96A,08003102
0x000CC9FC,0800bcbb
0x000CD210,08001e00
0x000CD2A5,08003114
0x000CD33E,08003321
0x000CD455,080201e0
0x000CD4D0,0800cc41
0x000CD4D4,0800aacb
0x000CD4D7,0800b008
0x000CD4DA,08000008
0x000CD4DD,08000008
0x000CD4E1,0810ce00
0x000CD6AC,08057831
0x000CDC3B,08277577
0x000CE3FD,081201a0
0x000CE451,080a1fe0
0x000CE4BC,08122234
0x000CE673,08012421
0x000CE6F5,08230600
0x000CE848,0800cdee
0x000CF3AE,0828ef57
0x000CF3FD,08104311
0x000CF3FE,08081043
0x000CF502,0830654d
0x000CFB16,08010a03
0x000CFB94,0810f6ee
0x000CFBA8,08071047
0x000CFCF9,08370027
0x000CFD41,08001357
0x000CFF2A,08354025
0x000D00AA,0859484c
0x000D0159,080003c0
0x000D016C,08070006
0x000D016E,08000807
0x000D0176,080b000a
0x000D0435,08020101
0x000D0448,0801b02d
0x000D044B,08090108
0x000D0455,080d010c
0x000D0AA7,08007a07
0x000D0AF4,080477ff
0x000D0CDF,08003800
0x000D0FFD,08410741
0x000D105A,08004512
0x000D133D,08323422
0x000D13E8,0800334c
0x000D1E7E,08424342
0x000D1F26,08277577
0x000D247D,084e0084
0x000D263B,08496058
0x000D2D05,08421169
0x000D2D0F,0856568a
0x000D3023,08324011
0x000D335B,0812a1cb
0x000D338C,0800aadc
0x000D339D,0810dd54
0x000D34EB,083f0168
0x000D360E,08006678
0x000D3612,08007754
0x000D371C,08005456
0x000D3787,08445528
0x000D37A6,08004554
0x000D37F1,0800ccff
0x000D38B5,080043e7
0x000D38DC,083e0101
0x000D3AF7,0833006f
0x000D3B37,081f101e
0x000D3CE6,08003522
0x000D3D2E,0800c601
0x000D3D3C,0800c708
0x000D3DBD,0810f938
0x000D3EBA,08104722
0x000D400E,08002e05
0x000D4165,08570538
0x000D4196,08018009
0x000D422E,08120710
0x000D4233,08112244
0x000D43DE,0859484c
0x000D449B,08000700
0x000D44AC,080d000c
0x000D44B6,08110010
0x000D4506,082f002e
0x000D4A0E,080007cf
0x000D4E29,08008989
0x000D4FF1,080b0077
0x000D5041,08025540
0x000D536D,08007701
0x000D53BC,08111212
0x000D5430,08521f30
0x000D5566,083123f3
0x000D5868,083d20ba
0x000D5A0D,08542e18
0x000D5D95,08346311
0x000D5E08,0800a718
0x000D5E7F,08114346
0x000D5EFF,08107c1d
0x000D5F32,08430300
0x000D61FB,08124111
0x000D6437,0800190d
0x000D6452,08009b63
0x000D64F0,0800987a
0x000D657C,0800a907
0x000D66B1,081c0710
0x000D69AA,08431000
0x000D6ABE,08008333
0x000D6BF3,080150e0
0x000D7148,0800df19
0x000D71C1,0800b610
0x000D71C4,08001208
0x000D7552,08000f00
0x000D76BD,08255434
0x000D76D0,08532553
0x000D7718,082121ee
0x000D7D8A,084628fb
0x000D801D,08020312
0x000D8543,08008989
0x000D8565,0800856d
0x000D8685,0846d836
0x000D868F,085100cb
0x000D8701,0811133a
0x000D873B,08001000
0x000D8751,08060007
0x000D89D7,08001000
0x000D8B7B,08010700
0x000D8B8C,08013039
0x000D8E23,08000d00
0x000D8E43,08000700
0x000D9043,080c8290
0x000D9588,083411de
0x000D97C5,08008989
0x000D998D,080b0077
0x000D99DD,08025540
0x000D9D1F,0800c477
0x000DA1D5,08005502
0x000DA28C,08470711
0x000DA3AA,08541112
0x000DA46F,080022fa
0x000DA549,0831115b
0x000DA781,082310dc
0x000DA849,08124111
0x000DAA49,0800990c
0x000DAA64,08009baa
0x000DAB05,080098f8
0x000DAB91,0800a907
0x000DAED8,08100088
0x000DBAC3,08008989
0x000DBAE5,0800856d
0x000DBC39,0846d836
0x000DBC43,085100cb
0x000DBCB5,0811133a
0x000DBD05,08010007
0x000DC1E4,08000f00
0x000DC20D,08000700
0x000DC78D,08008989
0x000DC955,080b0077
0x000DC9A5,08025540
0x000DCC13,08523323
0x000DCCB0,0800c477
0x000DD349,08431045
0x000DD489,08005502
0x000DD72B,0800a718
0x000DD7A2,08114346
0x000DD822,08107c1d
0x000DD84D,08311135
0x000DDB1E,08124120
0x000DDD1D,0800990c
0x000DDD38,08009baa
0x000DDDD9,0800f598
0x000DDE65,0800a95a
0x000DE26A,08531902
0x000DE297,08100088
0x000DE3AB,0800330c
0x000DE4DD,080150e0
0x000DE862,08504518
0x000DE8D9,08121118
0x000DE8EC,08531101
0x000DE90A,0822010b
0x000DE9BF,0800ff18
0x000DE9E7,0851551c
0x000DEA42,0800b610
0x000DEA45,08001208
0x000DEDD9,0800c10f
0x000DF773,08438000
0x000DF843,08020312
0x000DFBB9,08234222
0x000DFD70,08008989
0x000DFD93,0800be85
0x000DFEA9,0846d836
0x000DFEB3,085100cb
0x000DFF25,0811133a
0x000DFF7B,08000700
0x000E03BC,08010143
0x000E03D3,08470107
0x000E041E,081f011e
0x000E06E3,08000007
0x000E07F2,08072039
0x000E0D33,08510451
0x000E0F09,08008989
0x000E10D1,080b0077
0x000E1121,08025540
0x000E1340,08457700
0x000E1445,08007701
0x000E1940,083d20ba
0x000E1B03,08431045
0x000E1D25,08008716
0x000E1DA0,0800dc1a
0x000E2064,08009a88
0x000E22C6,084632c3
0x000E2490,08108811
0x000E2586,08008333
0x000E25C6,08122322
0x000E27F0,08100187
0x000E29E5,08504418
0x000E2B0D,0800bf17
0x000E2B18,080710b7
0x000E2B23,0852407f
0x000E2B44,0803324c
0x000E2B61,08009610
0x000E2B64,08001208
0x000E2D6D,08444cdc
0x000E2DF3,08000f00
0x000E2F39,08255434
0x000E2F4C,08532553
0x000E3B80,08008989
0x000E3BA2,0800856d
0x000E3D01,080200ba
0x000E3D9A,0800c50a
0x000E3DB4,0800cb9b
0x000E3E90,08039045
0x000E3F2A,0801d0bb
0x000E3F56,0800a907
0x000E4080,0808f800
0x000E421E,08530700
0x000E42D8,08445444
0x000E44D1,0846d836
0x000E44DB,085100cb
0x000E454D,0811133a
0x000E45A0,08000710
0x000E45DA,081c001b
0x000E4996,08100000
0x000E4997,08081000
0x000E4AE4,08000700
0x000E4B6D,0807005d
0x000E4CA9,0842f701
0x000E4F25,08120712
0x000E4F75,08121512
0x000E520E,08005410
0x000E5226,08000300
0x000E59F6,08325553
0x000E5A8C,08344686
0x000E5BDF,0801a814
0x000E5F46,08390016
0x000E609A,08441131
0x000E6497,081442ae
0x000E64A7,0831a002
0x000E64BE,08170513
0x000E66DA,081e01c8
0x000E6D45,0800f0bc
0x000E6D85,083f06e4
0x000E6E2F,08005803
0x000E7024,08437700
0x000E71BA,0800d949
0x000E72C5,08010500
0x000E7366,080b000a
0x000E75A7,08100700
0x000E797D,081200e5
0x000E7ACA,08005410
0x000E7AE2,08000300
0x000E82B2,08325553
0x000E8348,08344686
0x000E849B,0801a814
0x000E8802,08390016
0x000E8956,08441131
0x000E8D53,081442ae
0x000E8D63,0831a002
0x000E8D7A,08170513
0x000E8F96,081e01c8
0x000E913D,08312c04
0x000E9626,08003801
0x000E96E1,0800bccc
0x000E9B38,08252212
0x000E9B7E,08216f0a
0x000E9E43,0800d949
0x000EA12D,08010500
0x000EA1B0,081e0007
0x000EA40F,08100700
0x000EA7F4,0800c504
0x000EA859,0800fa00
0x000EA85C,08040108
0x000EA883,08050003
0x000EA9D2,08005410
0x000EA9EA,08000300
0x000EB1BA,08325553
0x000EB250,08344686
0x000EB3A3,0801a814
0x000EB70A,08390016
0x000EB85E,08441131
0x000EBC5B,081442ae
0x000EBC6B,0831a002
0x000EBC82,08170513
0x000EBE9E,081e01c8
0x000EC509,0800f0bc
0x000EC549,083f06e4
0x000EC5F3,08005803
0x000EC7E8,08437700
0x000EC97E,0800d949
0x000ECB79,08010500
0x000ECC1A,080b000a
0x000ECE5F,08100700
0x000ED24C,0800e504
0x000ED3A6,08005410
0x000ED3BE,08000300
0x000EDB8E,08325553
0x000EDC24,08344686
0x000EDD77,0801a814
0x000EE0DE,08390016
0x000EE232,08441131
0x000EE62F,081442ae
0x000EE63F,0831a002
0x000EE656,08170513
0x000EE872,081e01c8
0x000EEA19,08312c04
0x000EEEBF,08003801
0x000EEF7A,0800bccc
0x000EF06C,0812c6cb
0x000EF0B9,08035c87
0x000EF354,0800d949
0x000EF481,08010500
0x000EF504,08100007
0x000EF6CB,08100700
0x000EFA2F,0800dd04
0x000F00B8,08531114
0x000F06FF,08052362
0x000F0812,08344334
0x000F0BCA,0800bccc
0x000F0DCD,08005412
0x000F0DE3,08000300
0x000F0E71,08123533
0x000F0F4D,08232122
0x000F1211,08350a00
0x000F182E,0800b801
0x000F18D2,081500dd
0x000F19CD,083305cb
0x000F1B6C,0800d949
0x000F1B9B,0811a32e
0x000F1BF6,08350500
0x000F224D,08525496
0x000F2253,08251f08
0x000F2308,081306e4
0x000F2731,08010500
0x000F27C8,08110007
0x000F2858,083e003d
0x000F2A91,08100700
0x000F2D2F,08014b1b
0x000F3136,08005410
0x000F314E,08000300
0x000F391E,08325553
0x000F39B4,08344686
0x000F3B07,0801a814
0x000F3E6E,08390016
0x000F3FC2,08441131
0x000F43BF,081442ae
0x000F43CF,0831a002
0x000F43E6,08170513
0x000F4602,081e01c8
0x000F47A9,08312c04
0x000F4C92,08003801
0x000F4D4D,0800bccc
0x000F51A4,08252212
0x000F51EA,08216f0a
0x000F54AF,0800d949
0x000F575C,0810faaf
0x000F5885,08010500
0x000F5908,081e0007
0x000F5B9F,08100700
0x000F5E91,084f1201
0x000F6020,0800fa00
0x000F604A,08050003
0x000F623E,08015232
0x000F65FD,08351221
0x000F69A0,0800bc6d
0x000F6AEC,083f409e
0x000F6D33,08009801
0x000F702C,0800d949
0x000F7645,08010500
0x000F76D4,08040007
0x000F78EA,0815001d
0x000F81A4,08531114
0x000F87EB,08052362
0x000F88FE,08344334
0x000F8BA6,08312111
0x000F8BD0,08005412
0x000F8BE7,08000300
0x000F8D97,08524012
0x000F8EED,08344686
0x000F8FCE,08243311
0x000F9014,08350a00
0x000F9C13,081211b5
0x000F9CB9,08010500
0x000F9D52,080b000a
0x000F9F6D,08100700
0x000FA128,084a9f00
0x000FA18D,08010701
0x000FA7B7,0800aa1c
0x000FAA34,0840a600
0x000FABEE,0844761e
0x000FAED6,080b1007
0x000FB07A,08361329
0x000FB0D8,08000007
0x000FB2D3,08200724
0x000FB7D6,0840a600
0x000FBAFE,081010fc
0x000FBC2D,08003f50
0x000FBCAE,08025775
0x000FBF31,0800dc42
0x000FBFC5,083f00ee
0x000FC058,08464441
0x000FC4A6,0800b2be
0x000FC50E,080022be
0x000FC511,08003208
0x000FC702,08361329
0x000FC758,08000007
0x000FC9E6,08006b01
0x000FC9FF,08041104
0x000FCD2A,08100000
0x000FD04A,0840a600
0x000FD372,081010fc
0x000FD469,08003f50
0x000FD76D,0800dc42
0x000FDA4A,080d3322
0x000FDCE8,0800b2be
0x000FDD50,0800a022
0x000FDD53,08003208
0x000FDEC5,08017001
0x000FDF83,08001263
0x000FE0B2,08361329
0x000FE108,08000007
0x000FE41A,08000067
0x000FE432,08041104
0x000FE8D2,08005410
0x000FE8EA,08000300
0x000FF0BA,08325553
0x000FF150,08344686
0x000FF2A3,0801a814
0x000FF60A,08390016
0x000FF75E,08441131
0x000FFB5B,081442ae
0x000FFB6B,0831a002
0x000FFB82,08170513
0x000FFD9E,081e01c8
0x00100409,0800f0bc
0x00100449,083f06e4
0x001004F3,08005803
0x001007B8,08113443
0x00100885,0800d940
0x001009BD,08010500
0x00100A5E,080b000a
0x00100C5B,08100700
0x00101010,0800e501
0x0010115A,08005410
0x00101172,08000300
0x00101942,08325553
0x001019D8,08344686
0x00101B2B,0801a814
0x00101E92,08390016
0x00101FE6,08441131
0x001023E3,081442ae
0x001023F3,0831a002
0x0010240A,08170513
0x00102626,081e01c8
0x001027CD,08312c04
0x00102CB6,08003801
0x00102D71,0800bccc
0x00103011,08131222
0x0010306D,08470cc1
0x001032E7,0800d949
0x00103598,0810af21
0x001036F5,08010500
0x0010378C,081b0007
0x00103800,082e002d
0x001039D3,08100700
0x00103C03,0811a720
0x00103D92,0800c504
0x00103DF7,0800fa00
0x00103DFA,08040108
0x00103E21,08050003
0x00103E3A,08100000
0x00103F66,08005410
0x00103F7E,08000300
0x0010474E,08325553
0x001047E4,08344686
0x00104937,0801a814
0x00104C9E,08390016
0x00104DF2,08441131
0x001051EF,081442ae
0x001051FF,0831a002
0x00105216,08170513
0x00105432,081e01c8
0x00105635,08431127
0x00105695,08113443
0x00105757,0800d949
0x00105B2B,08236237
0x00105D17,08007801
0x00105DCC,0800f0bc
0x00105FC5,08010500
0x00106066,080b000a
0x00106247,08100700
0x00106574,08010100
0x001065A8,08010700
0x00107150,0805236a
0x0010761C,0800bccc
0x0010781F,08005412
0x00107835,08000300
0x0010799D,08232122
0x00107F90,08326513
0x0010827F,0800b801
0x001084E6,08122767
0x0010859D,0800d949
0x00108712,084f05cb
0x0010888A,082bdccd
0x00108C68,08525446
0x00108D56,081306ef
0x00109091,08010500
0x00109121,08400007
0x00109364,08100700
0x00109942,08005410
0x0010995A,08000300
0x0010A12A,08325553
0x0010A1C0,08344686
0x0010A313,0801a814
0x0010A67A,08390016
0x0010A7CE,08441131
0x0010ABCB,081442ae
0x0010ABDB,0831a002
0x0010ABF2,08170513
0x0010AE0E,081e01c8
0x0010AFB5,08312c04
0x0010B45B,08003801
0x0010B516,0800bccc
0x0010B608,0812c6cb
0x0010B655,08035c87
0x0010B8F0,0800d949
0x0010BA1D,08010500
0x0010BAAC,08100007
0x0010BCA3,08100700
0x0010BFC7,0800dd04
0x0010C156,08005410
0x0010C16E,08000300
0x0010C93E,08325553
0x0010C9D4,08344686
0x0010CB27,0801a814
0x0010CE8E,08390016
0x0010CFE2,08441131
0x0010D3DF,081442ae
0x0010D3EF,0831a002
0x0010D406,08170513
0x0010D622,081e01c8
0x0010D7C9,08312c04
0x0010DC6F,08003801
0x0010DD2A,0800bccc
0x0010DEDE,0813c6cb
0x0010DF2B,08045c87
0x0010E1B3,0800d946
0x0010E2FD,08010500
0x0010E38C,08100007
0x0010E443,08440043
0x0010E44D,08480047
0x0010E55B,08100700
0x0010E776,08010b01
0x0010E9FA,08005410
0x0010EA12,08000300
0x0010F1E2,08325553
0x0010F278,08344686
0x0010F3CB,0801a814
0x0010F732,08390016
0x0010F886,08441131
0x0010FC83,081442ae
0x0010FC93,0831a002
0x0010FCAA,08170513
0x0010FEC6,081e01c8
0x00110531,0800f0bc
0x00110571,083f06e4
0x0011061B,08005803
0x001108E0,08113443
0x001109AD,0800d940
0x00110AB9,08010500
0x00110B5A,080b000a
0x00110D87,08100700
0x0011112D,0800e501
0x00111152,08100000
0x001114AF,0830760b
0x00111726,08332245
0x00111838,08003f50
0x00111C84,0800be80
0x001120C9,08232333
0x00112132,08002432
0x00112133,08080024
0x00112318,08040007
0x0011256B,08000700
0x00112912,0800a0aa
0x00112963,0800aa1c
0x00112A3D,08000300
0x00112BC3,080022b0
0x00113175,08345677
0x00113183,08023333
0x0011324E,08432334
0x00113356,08514820
0x0011362D,08278832
0x0011364B,08224038
0x00113836,08520b43
0x0011387B,08330700
0x00113956,08224021
0x00113B07,0811c224
0x00113CE2,0800ba01
0x00113E01,08451196
0x00113E97,085320b7
0x0011424C,08000501
0x001143F7,0800c324
0x00114470,08541106
0x00114506,082b02aa
0x001145B8,08008a07
0x00114632,08005434
0x00114646,08390854
0x001146C4,0814459f
0x00114826,08006654
0x00114C7B,08001010
0x00114DF6,08010b20
0x001153E0,0830f430
0x00115445,080f3031
0x00115698,08400307
0x001156F3,08440b40
0x00115836,08005410
0x0011584E,08000300
0x0011601E,08325553
0x001160B4,08344686
0x00116207,0801a814
0x0011656E,08390016
0x001166C2,08441131
0x00116ABF,081442ae
0x00116ACF,0831a002
0x00116AE6,08170513
0x00116D02,081e01c8
0x00116EA9,08312c04
0x00117392,08003801
0x0011744D,0800bccc
0x001178A4,08252212
0x001178EA,08216f0a
0x00117BAF,0800d949
0x00117D9F,080efede
0x00117ED5,08010500
0x00117F58,08100007
0x00118157,08100700
0x00118596,080100fa
0x00118598,08010801
0x001185AA,08050000
0x001185C0,08040500
0x001185D7,08050009
0x001186F6,08005410
0x0011870E,08000300
0x00118EDE,08325553
0x00118F74,08344686
0x001190C7,0801a814
0x0011942E,08390016
0x00119582,08441131
0x0011997F,081442ae
0x0011998F,0831a002
0x001199A6,08170513
0x00119BC2,081e01c8
0x00119D69,08312c04
0x0011A252,08003801
0x0011A30D,0800bccc
0x0011A764,08252212
0x0011A7AA,08216f0a
0x0011AA6F,0800d949
0x0011AC5F,080efede
0x0011AD95,08010500
0x0011AE18,08100007
0x0011B017,08100700
0x0011B456,080100fa
0x0011B458,08010801
0x0011B46A,08050000
0x0011B480,08040500
0x0011B497,08050009
0x0011B5B6,08005410
0x0011B5CE,08000300
0x0011BD9E,08325553
0x0011BE34,08344686
0x0011BF87,0801a814
0x0011C2EE,08390016
0x0011C442,08441131
0x0011C83F,081442ae
0x0011C84F,0831a002
0x0011C866,08170513
0x0011CA82,081e01c8
0x0011CC29,08312c04
0x0011D112,08003801
0x0011D1CD,0800bccc
0x0011D624,08252212
0x0011D66A,08216f0a
0x0011D92F,0800d949
0x0011DB1F,080efede
0x0011DC55,08010500
0x0011DCD8,08100007
0x0011DED7,08100700
0x0011E316,080100fa
0x0011E318,08010801
0x0011E32A,08050000
0x0011E340,08040500
0x0011E357,08050009
0x0011E476,08005410
0x0011E48E,08000300
0x0011EC5E,08325553
0x0011ECF4,08344686
0x0011EE47,0801a814
0x0011F1AE,08390016
0x0011F302,08441131
0x0011F6FF,081442ae
0x0011F70F,0831a002
0x0011F726,08170513
0x0011F942,081e01c8
0x0011FAE9,08312c04
0x0011FFD2,08003801
0x0012008D,0800bccc
0x001204E4,08252212
0x0012052A,08216f0a
0x001207EF,0800d949
0x001209DF,080efede
0x00120B15,08010500
0x00120B98,08100007
0x00120D97,08100700
0x001211D6,080100fa
0x001211D8,08010801
0x001211EA,08050000
0x00121200,08040500
0x00121217,08050009
0x00121336,08005410
0x0012134E,08000300
0x00121B1E,08325553
0x00121BB4,08344686
0x00121D07,0801a814
0x0012206E,08390016
0x001221C2,08441131
0x001225BF,081442ae
0x001225CF,0831a002
0x001225E6,08170513
0x00122802,081e01c8
0x001229A9,08312c04
0x00122E92,08003801
0x00122F4D,0800bccc
0x001233A4,08252212
0x001233EA,08216f0a
0x001236AF,0800d949
0x0012389F,080efede
0x001239D5,08010500
0x00123A58,08100007
0x00123C57,08100700
0x00124096,080100fa
0x00124098,08010801
0x001240AA,08050000
0x001240C0,08040500
0x001240D7,08050009
0x001241F6,08005410
0x0012420E,08000300
0x001249DE,08325553
0x00124A74,08344686
0x00124BC7,0801a814
0x00124F2E,08390016
0x00125082,08441131
0x0012547F,081442ae
0x0012548F,0831a002
0x001254A6,08170513
0x001256C2,081e01c8
0x00125869,08312c04
0x00125D52,08003801
0x00125E0D,0800bccc
0x00126264,08252212
0x001262AA,08216f0a
0x0012656F,0800d949
0x0012675F,080efede
0x00126895,08010500
0x00126918,08100007
0x00126B17,08100700
0x00126F56,080100fa
0x00126F58,08010801
0x00126F6A,08050000
0x00126F80,08040500
0x00126F97,08050009
0x001270B6,08005410
0x001270CE,08000300
0x0012789E,08325553
0x00127934,08344686
0x00127A87,0801a814
0x00127DEE,08390016
0x00127F42,08441131
0x0012833F,081442ae
0x0012834F,0831a002
0x00128366,08170513
0x00128582,081e01c8
0x00128729,08312c04
0x00128C12,08003801
0x00128CCD,0800bccc
0x00129124,08252212
0x0012916A,08216f0a
0x0012942F,0800d949
0x0012961F,080efede
0x00129755,08010500
0x001297D8,08100007
0x001299D7,08100700
0x00129E16,080100fa
0x00129E18,08010801
0x00129E2A,08050000
0x00129E40,08040500
0x00129E57,08050009
0x00129EE6,08005410
0x00129EFE,08000300
0x0012A299,08232554
0x0012A5EB,08114321
0x0012A84B,0801a814
0x0012ABB3,08390016
0x0012AD08,08441131
0x0012B638,08217372
0x0012B670,0800d949
0x0012B793,08441f48
0x0012B7FD,08276520
0x0012BC30,08007801
0x0012BCE4,0800bccc
0x0012BE05,0813930d
0x0012C1C1,08010500
0x0012C245,08000370
0x0012C258,08070006
0x0012C25A,08000807
0x0012C475,08100700
0x0012C90F,080008ff
0x0012C923,080008ff
0x0012C931,08000300
0x0012C935,08000000
0x0012C937,08000800
0x0012C945,08000100
0x0012C94B,080008ff
0x0012C95D,080000ff
0x0012C95F,08000800
0x0012C973,080008ff
0x0012C987,08000800
0x0012C999,080002ff
0x0012C99B,08000800
0x0012C9B3,08000800
0x0012C9C5,080002ff
0x0012C9C7,08000800
0x0012C9D5,08000300
0x0012C9D9,08000000
0x0012C9DB,08000800
0x0012C9E9,08000100
0x0012C9EF,080008ff
0x0012CA01,080000ff
0x0012CA03,08000800
0x0012CA17,080008ff
0x0012CA2B,080008ff
0x0012CA3F,080008ff
0x0012CA55,080000ff
0x0012CA57,08000800
0x0012CA6B,080008ff
0x0012CA79,08000300
0x0012CA7D,08000000
0x0012CA7F,08000800
0x0012CA8D,08000100
0x0012CA93,080008ff
0x0012CAA7,08000800
0x0012CAB9,080002ff
0x0012CABB,08000800
0x0012CACF,080008ff
0x0012CAE3,080008ff
0x0012CAF5,08000300
0x0012CAF9,08000000
0x0012CAFB,08000800
0x0012CB09,08000100
0x0012CB0F,080008ff
0x0012CB21,080000ff
0x0012CB23,08000800
0x0012CB37,080008ff
0x0012CB4B,08000800
0x0012CB5D,080002ff
0x0012CB5F,08000800
0x0012CB73,080008ff
0x0012CB87,080008ff
0x0012CB9F,080008ff
0x0012CBB3,080008ff
0x0012CBC1,08000300
0x0012CBC5,08000000
0x0012CBC7,08000800
0x0012CBD5,08000100
0x0012CBDB,080008ff
0x0012CBED,080000ff
0x0012CBEF,08000800
0x0012CC03,080008ff
0x0012CC17,08000800
0x0012CC29,080002ff
0x0012CC2B,08000800
0x0012CC43,080008ff
0x0012CC57,080008ff
0x0012CC65,08000300
0x0012CC69,08000000
0x0012CC6B,08000800
0x0012CC79,08000100
0x0012CC7F,080008ff
0x0012CC91,080000ff
0x0012CC93,08000800
0x0012CCA7,080008ff
0x0012CCBB,08000800
0x0012CCCD,080002ff
0x0012CCCF,08000800
0x0012CCE7,08000800
0x0012CCF9,080004ff
0x0012CCFB,08000800
0x0012CD09,08000300
0x0012CD0D,08000000
0x0012CD0F,08000800
0x0012CD1D,08000100
0x0012CD23,080008ff
0x0012CD35,080000ff
0x0012CD37,08000800
0x0012CD4B,080008ff
0x0012CD5F,080008ff
0x0012CD73,080008ff
0x0012CD89,08000500
0x0012CD8B,08000800
0x0012CD9D,080005ff
0x0012CD9F,08000800
0x0012CDAD,08000300
0x0012CDB1,08000000
0x0012CDB3,08000800
0x0012CDC1,08000100
0x0012CDC7,080008ff
0x0012CDD9,080000ff
0x0012CDDB,08000800
0x0012CDEF,080008ff
0x0012CE03,080008ff
0x0012CE17,080008ff
0x0012CE2D,080000ff
0x0012CE2F,08000800
0x0012CE43,080008ff
0x0012CE51,08000300
0x0012CE55,08000000
0x0012CE57,08000800
0x0012CE65,08000100
0x0012CE6B,080008ff
0x0012CE7F,08000800
0x0012CE91,080002ff
0x0012CE93,08000800
0x0012CEA7,080008ff
0x0012CEBB,080008ff
0x0012CED1,080000ff
0x0012CED3,08000800
0x0012CEE7,080008ff
0x0012CEF5,08000300
0x0012CEF9,08000000
0x0012CEFB,08000800
0x0012CF09,08000100
0x0012CF0F,080008ff
0x0012CF23,08000800
0x0012CF35,080002ff
0x0012CF37,08000800
0x0012CF4B,080008ff
0x0012CF5F,080008ff
0x0012CF75,08000000
0x0012CF77,08000800
0x0012CF8B,080008ff
0x0012CF9D,080000ff
0x0012CF9F,08000800
0x0012CFB3,080008ff
0x0012CFC7,08000800
0x0012CFD9,080002ff
0x0012CFDB,08000800
0x0012CFEF,080008ff
0x0012D003,080008ff
0x0012D019,08000000
0x0012D01B,08000800
0x0012D02F,080008ff
0x0012D041,080000ff
0x0012D043,08000800
0x0012D057,080008ff
0x0012D06B,08000800
0x0012D07D,080002ff
0x0012D07F,08000800
0x0012D093,080008ff
0x0012D0A7,080008ff
0x0012D0C0,0812ca4c
0x0012D0C4,0812caf0
0x0012D0D8,0812ce24
0x0012D0DC,0812cec8
0x0012D0E0,0812cf6c
0x0012D0E4,0812d010
0x0012D109,08000500
0x0012D12C,0812d0f4
0x0012D130,0812d104
0x0012D134,0812d114
0x0012D177,08001800
0x0012D179,08000800
0x0012D17B,08000800
0x0012D18B,08000000
0x0012D18D,08000800
0x0012D18F,08000800
0x0012D1A1,08000000
0x0012D1A3,08000800
0x0012D1B5,08000000
0x0012D1B7,08000800
0x0012D1CD,08000900
0x0012D1CF,08000800
0x0012D1E1,080009ff
0x0012D1E3,08000800
0x0012D1F7,080008ff
0x0012D20B,080008ff
0x0012D223,08000800
0x0012D235,08000aff
0x0012D237,08000800
0x0012D24B,080008ff
0x0012D25F,080008ff
0x0012D275,08000b00
0x0012D277,08000800
0x0012D289,08000bff
0x0012D28B,08000800
0x0012D29F,080008ff
0x0012D2B3,080008ff
0x0012D2D0,0812d26c
0x0012D2D7,08000100
0x0012D5B1,08000000
0x0012D6AD,08000000
0x0012D79F,08001000
0x0012D7F3,08001000
0x0012D847,08001000
0x0012D89B,08001000
0x0012D8EF,08001000
0x0012D943,08001000
0x0012D9BD,08000500
0x0012D9DC,0812d9a4
0x0012D9E0,0812d9b4
0x0012D9E4,0812d9c4
0x0012DA10,08004301
0x0012DA44,08003400
0x0012DAD9,08016350
0x0012DC31,0803c701
0x0012DDB9,08012d19
0x0012DEF2,0835ad5a
0x0012DF34,0812df14
0x0012DF4C,0812df3c
0x0012E43A,0835ad5a
0x0012E47C,0812e45c
0x0012E494,0812e484
0x0012E5C9,0800ff03
0x0012E6D8,08011042
0x0012E747,08001311
0x0012E7E0,080f055b
0x0012E956,0835ad5a
0x0012E998,0812e978
0x0012E9B0,0812e9a0
0x0012E9B3,08001008
0x0012EA14,08003400
0x0012EA34,08007b60
0x0012EB3D,0800e603
0x0012EB57,08028b60
0x0012ED66,0835ad5a
0x0012EDD8,0812ed88
0x0012EDDC,0812eda0
0x0012EDE0,0812edb8
0x0012EE08,0812ede8
0x0012EE0C,0812edf0
0x0012EE10,0812edf8
0x0012F425,08100d00
0x0012F5A1,08000000
0x0012F5A3,08000800
0x0012F5C9,08000000
0x0012F5CB,08000800
0x0012F5F1,08000000
0x0012F5F3,08000800
0x0012F619,08000000
0x0012F61B,08000800
0x0012F641,08000000
0x0012F643,08000800
0x0012F669,08000000
0x0012F66B,08000800
0x0012F691,08000000
0x0012F693,08000800
0x0012F6B9,08000000
0x0012F6BB,08000800
0x0012F6E1,08000000
0x0012F6E3,08000800
0x0012F709,08000000
0x0012F70B,08000800
0x0012F731,08000000
0x0012F733,08000800
0x0012F759,08000000
0x0012F75B,08000800
0x0012F781,08000000
0x0012F783,08000800
0x0012F7A9,08000000
0x0012F7AB,08000800
0x0012F7E5,08000000
0x0012F7E7,08000800
0x0012F7FB,08001000
0x0012F821,08000000
0x0012F823,08000800
0x0012F849,08000000
0x0012F84B,08000800
0x0012F871,08000000
0x0012F873,08000800
0x0012F899,08000000
0x0012F89B,08000800
0x0012F8C1,08000000
0x0012F8C3,08000800
0x0012F8E9,08000000
0x0012F8EB,08000800
0x0012F911,08000000
0x0012F913,08000800
0x0012F921,080000ff
0x0012F939,08000000
0x0012F93B,08000800
0x0012F961,08000000
0x0012F963,08000800
0x0012F989,08000000
0x0012F98B,08000800
0x0012F9B1,08000000
0x0012F9B3,08000800
0x0012F9D9,08000000
0x0012F9DB,08000800
0x0012FA01,08000000
0x0012FA03,08000800
0x0012FA29,08000000
0x0012FA2B,08000800
0x0012FA51,08000000
0x0012FA53,08000800
0x0012FA79,08000000
0x0012FA7B,08000800
0x0012FAA1,08000000
0x0012FAA3,08000800
0x0012FAC9,08000000
0x0012FACB,08000800
0x0012FAF1,08000000
0x0012FAF3,08000800
0x0012FB19,08000000
0x0012FB1B,08000800
0x0012FB41,08000000
0x0012FB43,08000800
0x0012FB69,08000000
0x0012FB6B,08000800
0x0012FB91,08000000
0x0012FB93,08000800
0x0012FBB9,08000000
0x0012FBBB,08000800
0x0012FBE1,08000000
0x0012FBE3,08000800
0x0012FC09,08000000
0x0012FC0B,08000800
0x0012FC31,08000000
0x0012FC33,08000800
0x0012FC59,08000000
0x0012FC5B,08000800
0x00130061,08014317
0x00130279,0814a500
0x00130293,0800107b
0x001307BB,08009714
0x00130D41,0814a500
0x00130D5B,0800107b
0x001317A5,0814a500
0x001317BF,0800107b
0x00131C74,0800fd10
0x001320FC,0800af1f
0x001322B5,0814a500
0x001322CF,0800107b
0x0013271F,081112cf
0x00132BB1,0814a500
0x00132BCB,0800107b
0x001333A5,0803008a
0x00133921,0814a500
0x0013393B,0800107b
0x001344D9,0814a500
0x001344F3,0800107b
0x00134A2D,0814a500
0x00134A47,0800107b
0x00134DC4,08009103
0x00134E5C,0800e22a
0x001351FE,0859d8ff
0x0013535D,0814a500
0x00135377,0800107b
0x001358C0,080014e8
0x001358C4,0800364d
0x00135BDC,080b911f
0x00135C71,0814a500
0x00135C8B,0800107b
0x00135CC0,0848f147
0x00136459,0814a500
0x00136473,0800107b
0x001364A8,0848f147
0x00136C39,0814a500
0x00136C53,0800107b
0x00136C88,0848f147
0x00137233,0809045e
0x001372F6,08515202
0x00137482,08174841
0x001374A6,08008c03
0x0013757D,0814a500
0x00137597,0800107b
0x001375CC,0848f147
0x00137D8C,081100e8
0x00138145,0814a500
0x0013815F,0800107b
0x00138194,0848f147
0x001383DB,08004101
0x0013885E,08113cef
0x00138F5D,0814a500
0x00138F77,0800107b
0x00139223,08004101
0x00139A7D,0814a500
0x00139A97,0800107b
0x00139CFF,08004101
0x0013A369,08125161
0x0013A6FB,081101de
0x0013AA61,0814a500
0x0013AA7B,0800107b
0x0013AFC9,0814a500
0x0013AFE3,0800107b
0x0013B651,0814a500
0x0013B66B,0800107b
0x0013BD3F,08120011
0x0013BE99,0814a500
0x0013BEB3,0800107b
0x0013C537,0811e900
0x0013C54D,0814a500
0x0013C567,0800107b
0x0013C753,08008f68
0x0013C820,0800f4a4
0x0013C939,0841017f
0x0013CB85,0814a500
0x0013CB9F,0800107b
0x0013CDF3,0801951f
0x0013CE5B,0800126c
0x0013CE5F,0800ac4b
0x0013CFD4,0810cd71
0x0013CFF7,08272a11
0x0013D41D,0814a500
0x0013D437,0800107b
0x0013DA79,0836056d
0x0013DD39,0814f203
0x0013DDB0,083f02b1
0x0013DDFB,08100013
0x0013DE41,0814a500
0x0013DE5B,0800107b
0x00142A78,081428a8
0x00142A7C,081428c0
0x00142A80,081428d8
0x00142A84,081428f0
0x00142A85,08081428
0x00142A88,08142908
0x00142A8C,08142920
0x00142A90,08142938
0x00142A98,08142968
0x00142A9C,08142980
0x00142AA0,08142998
0x00142AA4,081429b0
0x00142AA8,081429c8
0x00142AAC,081429e0
0x00142AB0,081429f8
0x00142AB4,08142a10
0x00142AB8,08142a28
0x00142AC3,08000008
0x00142AC7,08000100
0x00142ACF,08000100
0x00142AD7,08000300
0x00142ADF,08000500
0x00142AEB,08000600
0x00142AEF,08000700
0x00142AF1,08000800
0x00142AF3,08000800
0x00142AF7,08000700
0x00142AFF,08000900
0x00142B07,08000b00
0x00142B6B,08000000
0x00142B7B,08000300
0x00142B81,080000ff
0x00142B8B,08000600
0x00142B9B,08000900
0x00142BA8,08142ad4
0x00142BAC,08142ae8
0x00142BB0,08142afc
0x00142BB4,08142b10
0x00142BB8,08142b24
0x00142BBC,08142b38
0x00142BC0,08142b4c
0x00142BC4,08142b60
0x00142BC8,08142b70
0x00142BCC,08142b80
0x00142BD0,08142b90
0x00144050,08143fe8
0x00144054,08144000
0x00144058,08144018
0x0014405C,08144030
0x0014405F,08000008
0x00145411,08000000
0x00145D10,08145c90
0x00145D14,08145ca8
0x00145D18,08145cc0
0x00145D1C,08145cd8
0x00145D20,08145cf0
0x00145D23,08000008
0x00145D2F,08000300
0x00145D3B,08000500
0x001479C4,0814795c
0x001479C8,08147974
0x001479CC,0814798c
0x001479D0,081479a4
0x001479D3,08000008
0x001479DF,08000300
0x0014926C,08149204
0x00149270,0814921c
0x00149274,08149234
0x00149278,0814924c
0x001492A4,08149288
0x0014A724,0814a6bc
0x0014A728,0814a6d4
0x0014A72C,0814a6ec
0x0014A730,0814a704
0x0014A733,08000008
0x0014A73F,08000300
0x0014C3E4,0814c364
0x0014C3E8,0814c37c
0x0014C3EC,0814c394
0x0014C3F0,0814c3ac
0x0014C3F4,0814c3c4
0x0014C3F7,08000008
0x0014C40F,08000500
0x0014E498,0814e430
0x0014E49C,0814e448
0x0014E4A0,0814e460
0x0014E4A4,0814e478
0x0014E4A7,08000008
0x0014FD40,0814fcd8
0x0014FD44,0814fcf0
0x0014FD45,080814fc
0x0014FD48,0814fd08
0x0014FD4C,0814fd20
0x0014FD78,0814fd5c
0x00154780,081545b0
0x00154784,081545c8
0x00154788,081545e0
0x0015478C,081545f8
0x00154790,08154610
0x00154794,08154628
0x00154798,08154640
0x001547A0,08154670
0x001547A4,08154688
0x001547A8,081546a0
0x001547AC,081546b8
0x001547B0,081546d0
0x001547B4,081546e8
0x001547B8,08154700
0x001547BC,08154718
0x001547C0,08154730
0x001547CB,08000008
0x001547CF,08000100
0x001547D7,08000100
0x001547DF,08000300
0x001547E7,08000500
0x001547F3,08000600
0x001547F7,08000700
0x001547F9,08000800
0x001547FB,08000800
0x001547FF,08000700
0x00154807,08000900
0x0015480F,08000b00
0x00154873,08000000
0x00154883,08000300
0x00154889,080000ff
0x00154893,08000600
0x001548A3,08000900
0x001548B0,081547dc
0x001548B4,081547f0
0x001548B8,08154804
0x001548BC,08154818
0x001548C0,0815482c
0x001548C4,08154840
0x001548C8,08154854
0x001548CC,08154868
0x001548D0,08154878
0x001548D4,08154888
0x001548D8,08154898
0x00155D58,08155cf0
0x00155D59,0808155c
0x00155D5C,08155d08
0x00155D60,08155d20
0x00155D64,08155d38
0x00155D67,08000008
0x00157618,08157598
0x0015761C,081575b0
0x00157620,081575c8
0x00157624,081575e0
0x00157628,081575f8
0x0015762B,08000008
0x00157637,08000300
0x00157643,08000500
0x001592CC,08159264
0x001592D0,0815927c
0x001592D4,08159294
0x001592D8,081592ac
0x001592DB,08000008
0x0015A774,0815a70c
0x0015A778,0815a724
0x0015A77C,0815a73c
0x0015A780,0815a754
0x0015A7AC,0815a790
0x0015BC2C,0815bbc4
0x0015BC30,0815bbdc
0x0015BC34,0815bbf4
0x0015BC38,0815bc0c
0x0015BC3B,08000008
0x0015D4EC,0815d46c
0x0015D4F0,0815d484
0x0015D4F4,0815d49c
0x0015D4F8,0815d4b4
0x0015D4FC,0815d4cc
0x0015D4FF,08000008
0x0015D50B,08000300
0x0015D517,08000500
0x0015F1A0,0815f138
0x0015F1A4,0815f150
0x0015F1A8,0815f168
0x0015F1AC,0815f180
0x0015F1AF,08000008
0x00160648,081605e0
0x0016064C,081605f8
0x00160650,08160610
0x00160654,08160628
0x00160680,08160664
0x00165088,08164eb8
0x0016508C,08164ed0
0x00165090,08164ee8
0x00165094,08164f00
0x00165098,08164f18
0x0016509C,08164f30
0x001650A0,08164f48
0x001650A8,08164f78
0x001650AC,08164f90
0x001650B0,08164fa8
0x001650B4,08164fc0
0x001650B8,08164fd8
0x001650BC,08164ff0
0x001650BD,0808164f
0x001650C0,08165008
0x001650C4,08165020
0x001650C8,08165038
0x001650D3,08000008
0x001650D7,08000100
0x001650DF,08000100
0x001650E7,08000300
0x001650EF,08000500
0x001650FB,08000600
0x001650FF,08000700
0x00165101,08000800
0x00165103,08000800
0x00165107,08000700
0x0016510F,08000900
0x00165117,08000b00
0x0016517B,08000000
0x0016518B,08000300
0x00165191,080000ff
0x0016519B,08000600
0x001651AB,08000900
0x001651B8,081650e4
0x001651BC,081650f8
0x001651C0,0816510c
0x001651C4,08165120
0x001651C8,08165134
0x001651CC,08165148
0x001651D0,0816515c
0x001651D4,08165170
0x001651D8,08165180
0x001651DC,08165190
0x001651E0,081651a0
0x00166660,081665f8
0x00166664,08166610
0x00166668,08166628
0x0016666C,08166640
0x0016666F,08000008
0x00167F20,08167ea0
0x00167F24,08167eb8
0x00167F28,08167ed0
0x00167F2C,08167ee8
0x00167F30,08167f00
0x00167F33,08000008
0x00167F4F,08000500
0x001697D8,08169770
0x001697DC,08169788
0x001697E0,081697a0
0x001697E4,081697b8
0x001697E7,08000008
0x0016B080,0816b018
0x0016B084,0816b030
0x0016B088,0816b048
0x0016B08C,0816b060
0x0016B0B8,0816b09c
0x0016C538,0816c4d0
0x0016C53C,0816c4e8
0x0016C540,0816c500
0x0016C544,0816c518
0x0016C547,08000008
0x0016DDF8,0816dd78
0x0016DDFC,0816dd90
0x0016DE00,0816dda8
0x0016DE04,0816ddc0
0x0016DE08,0816ddd8
0x0016DE0B,08000008
0x0016DE27,08000500
0x0016DE2D,080000ff
0x0016F6B0,0816f648
0x0016F6B4,0816f660
0x0016F6B8,0816f678
0x0016F6BC,0816f690
0x0016F6BF,08000008
0x00170F58,08170ef0
0x00170F59,0808170e
0x00170F5C,08170f08
0x00170F60,08170f20
0x00170F64,08170f38
0x00170F90,08170f74
0x00174598,081743c8
0x0017459C,081743e0
0x001745A0,081743f8
0x001745A4,08174410
0x001745A8,08174428
0x001745AC,08174440
0x001745B0,08174458
0x001745B8,08174488
0x001745BC,081744a0
0x001745C4,081744d0
0x001745C8,081744e8
0x001745CC,08174500
0x001745D0,08174518
0x001745D4,08174530
0x001745D8,08174548
0x001745DC,08174560
0x001745E0,08174578
0x001745E3,08000008
0x001745E7,08000100
0x001745EF,08000100
0x001745F7,08000300
0x001745FF,08000500
0x0017460B,08000600
0x0017460F,08000700
0x00174611,08000800
0x00174613,08000800
0x00174617,08000700
0x0017461F,08000900
0x00174627,08000b00
0x0017468B,08000000
0x0017469B,08000300
0x001746A1,080000ff
0x001746AB,08000600
0x001746BB,08000900
0x001746C8,081745f4
0x001746C9,08081745
0x001746CC,08174608
0x001746D0,0817461c
0x001746D8,08174644
0x001746DC,08174658
0x001746E0,0817466c
0x001746E4,08174680
0x001746E8,08174690
0x001746EC,081746a0
0x001746F0,081746b0
0x00175B6D,0808175a
0x00175B70,08175b08
0x00175B74,08175b20
0x00175B78,08175b38
0x00175B7C,08175b50
0x00175B7F,08000008
0x001769FD,08000000
0x00177018,08176fb0
0x0017701C,08176fc8
0x00177020,08176fe0
0x00177024,08176ff8
0x00177027,08000008
0x001778D1,08000000
0x00178CC4,08178c5c
0x00178CC8,08178c74
0x00178CCC,08178c8c
0x00178CD0,08178ca4
0x00178CD3,08000008
0x0017A16C,0817a104
0x0017A170,0817a11c
0x0017A174,0817a134
0x0017A178,0817a14c
0x0017A1A4,0817a188
0x0017D7AC,0817d5dc
0x0017D7B0,0817d5f4
0x0017D7B4,0817d60c
0x0017D7B8,0817d624
0x0017D7BC,0817d63c
0x0017D7C0,0817d654
0x0017D7C4,0817d66c
0x0017D7CC,0817d69c
0x0017D7D0,0817d6b4
0x0017D7D8,0817d6e4
0x0017D7DC,0817d6fc
0x0017D7E0,0817d714
0x0017D7E4,0817d72c
0x0017D7E8,0817d744
0x0017D7EC,0817d75c
0x0017D7F0,0817d774
0x0017D7F4,0817d78c
0x0017D7F7,08000008
0x0017D7FB,08000100
0x0017D803,08000100
0x0017D80B,08000300
0x0017D813,08000500
0x0017D81F,08000600
0x0017D823,08000700
0x0017D825,08000800
0x0017D827,08000800
0x0017D82B,08000700
0x0017D833,08000900
0x0017D83B,08000b00
0x0017D89F,08000000
0x0017D8AF,08000300
0x0017D8B5,080000ff
0x0017D8BF,08000600
0x0017D8CF,08000900
0x0017D8D9,080817d7
0x0017D8DC,0817d808
0x0017D8E0,0817d81c
0x0017D8E4,0817d830
0x0017D8EC,0817d858
0x0017D8F0,0817d86c
0x0017D8F4,0817d880
0x0017D8F8,0817d894
0x0017D8FC,0817d8a4
0x0017D900,0817d8b4
0x0017D904,0817d8c4
0x0017ED84,0817ed1c
0x0017ED88,0817ed34
0x0017ED8C,0817ed4c
0x0017ED90,0817ed64
0x0017ED93,08000008
0x0018022C,081801c4
0x00180230,081801dc
0x00180234,081801f4
0x00180238,0818020c
0x0018023B,08000008
0x001822D8,08182270
0x001822DC,08182288
0x001822E0,081822a0
0x001822E4,081822b8
0x001822E7,08000008
0x00183F80,08183f18
0x00183F84,08183f30
0x00183F88,08183f48
0x00183F8C,08183f60
0x00183FB8,08183f9c
0x001875C0,081873f0
0x001875C1,08081873
0x001875C4,08187408
0x001875C8,08187420
0x001875CC,08187438
0x001875D0,08187450
0x001875D4,08187468
0x001875D8,08187480
0x001875E0,081874b0
0x001875E4,081874c8
0x001875EC,081874f8
0x001875F0,08187510
0x001875F4,08187528
0x001875F8,08187540
0x001875FC,08187558
0x00187600,08187570
0x00187604,08187588
0x00187608,081875a0
0x0018760B,08000008
0x0018760F,08000100
0x00187617,08000100
0x0018761F,08000300
0x00187627,08000500
0x00187633,08000600
0x00187637,08000700
0x00187639,08000800
0x0018763B,08000800
0x0018763F,08000700
0x00187647,08000900
0x0018764F,08000b00
0x001876B3,08000000
0x001876C3,08000300
0x001876C9,080000ff
0x001876D3,08000600
0x001876E3,08000900
0x001876E9,080000ff
0x001876F0,0818761c
0x001876F4,08187630
0x001876F8,08187644
0x00187700,0818766c
0x00187704,08187680
0x00187708,08187694
0x0018770C,081876a8
0x00187710,081876b8
0x00187714,081876c8
0x00187718,081876d8
0x00188B98,08188b30
0x00188B9C,08188b48
0x00188BA0,08188b60
0x00188BA4,08188b78
0x00188BA7,08000008
0x0018A040,08189fd8
0x0018A044,08189ff0
0x0018A045,0808189f
0x0018A048,0818a008
0x0018A04C,0818a020
0x0018A04F,08000008
0x0018BCEC,0818bc84
0x0018BCF0,0818bc9c
0x0018BCF4,0818bcb4
0x0018BCF8,0818bccc
0x0018BCFB,08000008
0x0018D194,0818d12c
0x0018D198,0818d144
0x0018D19C,0818d15c
0x0018D1A0,0818d174
0x0018D1CC,0818d1b0
0x001903E1,08000000
0x00191BD4,08191a04
0x00191BD8,08191a1c
0x00191BDC,08191a34
0x00191BE0,08191a4c
0x00191BE4,08191a64
0x00191BE8,08191a7c
0x00191BEC,08191a94
0x00191BF4,08191ac4
0x00191BF8,08191adc
0x00191BFC,08191af4
0x00191C00,08191b0c
0x00191C04,08191b24
0x00191C08,08191b3c
0x00191C0C,08191b54
0x00191C10,08191b6c
0x00191C14,08191b84
0x00191C1F,08000008
0x00191C23,08000100
0x00191C2B,08000100
0x00191C33,08000300
0x00191C3B,08000500
0x00191C47,08000600
0x00191C4B,08000700
0x00191C4D,08000800
0x00191C4F,08000800
0x00191C53,08000700
0x00191C5B,08000900
0x00191C63,08000b00
0x00191CC7,08000000
0x00191CD7,08000300
0x00191CDD,080000ff
0x00191CE7,08000600
0x00191CF7,08000900
0x00191D04,08191c30
0x00191D08,08191c44
0x00191D0C,08191c58
0x00191D10,08191c6c
0x00191D14,08191c80
0x00191D18,08191c94
0x00191D1C,08191ca8
0x00191D20,08191cbc
0x00191D24,08191ccc
0x00191D28,08191cdc
0x00191D2C,08191cec
0x001931AC,08193144
0x001931B0,0819315c
0x001931B4,08193174
0x001931B8,0819318c
0x001931BB,08000008
0x00194069,08000000
0x00194E54,08194dec
0x00194E58,08194e04
0x00194E5C,08194e1c
0x00194E60,08194e34
0x00194E63,08000008
0x00195A21,08000000
0x00197718,08197698
0x0019771C,081976b0
0x00197720,081976c8
0x00197728,081976f8
0x0019772B,08000008
0x0019773F,08000500
0x00198BC8,08198b60
0x00198BCC,08198b78
0x00198BD0,08198b90
0x00198BD4,08198ba8
0x00198C00,08198be4
0x0019A080,0819a018
0x0019A084,0819a030
0x0019A088,0819a048
0x0019A08C,0819a060
0x0019A08F,08000008
0x0019B928,0819b8c0
0x0019B92C,0819b8d8
0x0019B930,0819b8f0
0x0019B931,080819b8
0x0019B934,0819b908
0x0019B937,08000008
0x0019E1EC,0819e16c
0x0019E1F0,0819e184
0x0019E1F4,0819e19c
0x0019E1FC,0819e1cc
0x0019E1FF,08000008
0x0019E213,08000500
0x0019F69C,0819f634
0x0019F6A0,0819f64c
0x0019F6A4,0819f664
0x0019F6A8,0819f67c
0x0019F6D4,0819f6b8
0x001A2CDC,081a2b0c
0x001A2CE0,081a2b24
0x001A2CE4,081a2b3c
0x001A2CE8,081a2b54
0x001A2CEC,081a2b6c
0x001A2CF0,081a2b84
0x001A2CF4,081a2b9c
0x001A2CFC,081a2bcc
0x001A2D00,081a2be4
0x001A2D08,081a2c14
0x001A2D0C,081a2c2c
0x001A2D10,081a2c44
0x001A2D14,081a2c5c
0x001A2D18,081a2c74
0x001A2D1C,081a2c8c
0x001A2D20,081a2ca4
0x001A2D24,081a2cbc
0x001A2D27,08000008
0x001A2D2B,08000100
0x001A2D33,08000100
0x001A2D3B,08000300
0x001A2D43,08000500
0x001A2D4F,08000600
0x001A2D53,08000700
0x001A2D55,08000800
0x001A2D57,08000800
0x001A2D5B,08000700
0x001A2D63,08000900
0x001A2D6B,08000b00
0x001A2DCF,08000000
0x001A2DDF,08000300
0x001A2DE5,080000ff
0x001A2DEF,08000600
0x001A2DFF,08000900
0x001A2E0C,081a2d38
0x001A2E10,081a2d4c
0x001A2E14,081a2d60
0x001A2E1C,081a2d88
0x001A2E20,081a2d9c
0x001A2E24,081a2db0
0x001A2E28,081a2dc4
0x001A2E2C,081a2dd4
0x001A2E30,081a2de4
0x001A2E34,081a2df4
0x001A42B4,081a424c
0x001A42B8,081a4264
0x001A42BC,081a427c
0x001A42C0,081a4294
0x001A42C3,08000008
0x001A575C,081a56f4
0x001A5760,081a570c
0x001A5764,081a5724
0x001A5768,081a573c
0x001A576B,08000008
0x001A7408,081a73a0
0x001A740C,081a73b8
0x001A7410,081a73d0
0x001A7414,081a73e8
0x001A7417,08000008
0x001A88B0,081a8848
0x001A88B4,081a8860
0x001A88B8,081a8878
0x001A88BC,081a8890
0x001A88E8,081a88cc
0x001ABEE9,080000ff
0x001ABEF0,081abd20
0x001ABEF4,081abd38
0x001ABEF8,081abd50
0x001ABEFC,081abd68
0x001ABF00,081abd80
0x001ABF04,081abd98
0x001ABF08,081abdb0
0x001ABF10,081abde0
0x001ABF14,081abdf8
0x001ABF1C,081abe28
0x001ABF20,081abe40
0x001ABF24,081abe58
0x001ABF28,081abe70
0x001ABF2C,081abe88
0x001ABF30,081abea0
0x001ABF34,081abeb8
0x001ABF38,081abed0
0x001ABF3B,08000008
0x001ABF3F,08000100
0x001ABF47,08000100
0x001ABF4F,08000300
0x001ABF57,08000500
0x001ABF63,08000600
0x001ABF67,08000700
0x001ABF69,08000800
0x001ABF6B,08000800
0x001ABF6F,08000700
0x001ABF77,08000900
0x001ABF7F,08000b00
0x001ABFE3,08000000
0x001ABFF3,08000300
0x001ABFF9,080000ff
0x001AC003,08000600
0x001AC013,08000900
0x001AC020,081abf4c
0x001AC024,081abf60
0x001AC028,081abf74
0x001AC030,081abf9c
0x001AC034,081abfb0
0x001AC038,081abfc4
0x001AC03C,081abfd8
0x001AC040,081abfe8
0x001AC044,081abff8
0x001AC045,08081abf
0x001AC048,081ac008
0x001AD4C8,081ad460
0x001AD4CC,081ad478
0x001AD4D0,081ad490
0x001AD4D4,081ad4a8
0x001AD4D7,08000008
0x001AE96D,08081ae8
0x001AE970,081ae908
0x001AE974,081ae920
0x001AE978,081ae938
0x001AE97C,081ae950
0x001AE97F,08000008
0x001B061C,081b05b4
0x001B0620,081b05cc
0x001B0624,081b05e4
0x001B0628,081b05fc
0x001B062B,08000008
0x001B1EC4,081b1e5c
0x001B1EC8,081b1e74
0x001B1ECC,081b1e8c
0x001B1ED0,081b1ea4
0x001B1EFC,081b1ee0
0x001B5504,081b5334
0x001B5508,081b534c
0x001B550C,081b5364
0x001B5510,081b537c
0x001B5514,081b5394
0x001B5518,081b53ac
0x001B551C,081b53c4
0x001B5524,081b53f4
0x001B5528,081b540c
0x001B5530,081b543c
0x001B5534,081b5454
0x001B5538,081b546c
0x001B553C,081b5484
0x001B5540,081b549c
0x001B5544,081b54b4
0x001B5548,081b54cc
0x001B554C,081b54e4
0x001B554F,08000008
0x001B5553,08000100
0x001B555B,08000100
0x001B5563,08000300
0x001B556B,08000500
0x001B5577,08000600
0x001B557B,08000700
0x001B557D,08000800
0x001B557F,08000800
0x001B5583,08000700
0x001B558B,08000900
0x001B5593,08000b00
0x001B55F7,08000000
0x001B5607,08000300
0x001B560D,080000ff
0x001B5617,08000600
0x001B5627,08000900
0x001B5634,081b5560
0x001B5638,081b5574
0x001B563C,081b5588
0x001B5644,081b55b0
0x001B5648,081b55c4
0x001B564C,081b55d8
0x001B5650,081b55ec
0x001B5654,081b55fc
0x001B5658,081b560c
0x001B565C,081b561c
0x001B6ADC,081b6a74
0x001B6AE0,081b6a8c
0x001B6AE4,081b6aa4
0x001B6AE8,081b6abc
0x001B6AEB,08000008
0x001B7F84,081b7f1c
0x001B7F88,081b7f34
0x001B7F8C,081b7f4c
0x001B7F90,081b7f64
0x001B7F93,08000008
0x001B9C30,081b9bc8
0x001B9C34,081b9be0
0x001B9C38,081b9bf8
0x001B9C3C,081b9c10
0x001B9C3F,08000008
0x001BB0D8,081bb070
0x001BB0DC,081bb088
0x001BB0E0,081bb0a0
0x001BB0E4,081bb0b8
0x001BB110,081bb0f4
0x001BE718,081be548
0x001BE71C,081be560
0x001BE720,081be578
0x001BE724,081be590
0x001BE728,081be5a8
0x001BE72C,081be5c0
0x001BE730,081be5d8
0x001BE735,08081be5
0x001BE738,081be608
0x001BE73C,081be620
0x001BE744,081be650
0x001BE748,081be668
0x001BE74C,081be680
0x001BE750,081be698
0x001BE754,081be6b0
0x001BE758,081be6c8
0x001BE75C,081be6e0
0x001BE760,081be6f8
0x001BE763,08000008
0x001BE767,08000100
0x001BE76F,08000100
0x001BE777,08000300
0x001BE77F,08000500
0x001BE78B,08000600
0x001BE78F,08000700
0x001BE791,08000800
0x001BE793,08000800
0x001BE797,08000700
0x001BE79F,08000900
0x001BE7A7,08000b00
0x001BE80B,08000000
0x001BE81B,08000300
0x001BE821,080000ff
0x001BE82B,08000600
0x001BE83B,08000900
0x001BE848,081be774
0x001BE84C,081be788
0x001BE850,081be79c
0x001BE858,081be7c4
0x001BE85C,081be7d8
0x001BE860,081be7ec
0x001BE864,081be800
0x001BE868,081be810
0x001BE86C,081be820
0x001BE870,081be830
0x001BFCF0,081bfc88
0x001BFCF4,081bfca0
0x001BFCF8,081bfcb8
0x001BFCFC,081bfcd0
0x001BFCFF,08000008
0x001C1198,081c1130
0x001C119C,081c1148
0x001C11A0,081c1160
0x001C11A4,081c1178
0x001C11A7,08000008
0x001C3244,081c31dc
0x001C3248,081c31f4
0x001C324C,081c320c
0x001C3250,081c3224
0x001C3253,08000008
0x001C46EC,081c4684
0x001C46F0,081c469c
0x001C46F4,081c46b4
0x001C46F8,081c46cc
0x001C4724,081c4708
0x001C4729,0810847e
0x001C7D2C,081c7b5c
0x001C7D30,081c7b74
0x001C7D34,081c7b8c
0x001C7D38,081c7ba4
0x001C7D3C,081c7bbc
0x001C7D40,081c7bd4
0x001C7D44,081c7bec
0x001C7D4C,081c7c1c
0x001C7D50,081c7c34
0x001C7D58,081c7c64
0x001C7D5C,081c7c7c
0x001C7D60,081c7c94
0x001C7D64,081c7cac
0x001C7D68,081c7cc4
0x001C7D6C,081c7cdc
0x001C7D70,081c7cf4
0x001C7D74,081c7d0c
0x001C7D77,08000008
0x001C7D7B,08000100
0x001C7D83,08000100
0x001C7D8B,08000300
0x001C7D93,08000500
0x001C7D9F,08000600
0x001C7DA3,08000700
0x001C7DA5,08000800
0x001C7DA7,08000800
0x001C7DAB,08000700
0x001C7DB3,08000900
0x001C7DBB,08000b00
0x001C7E1F,08000000
0x001C7E2F,08000300
0x001C7E35,080000ff
0x001C7E3F,08000600
0x001C7E4F,08000900
0x001C7E5C,081c7d88
0x001C7E60,081c7d9c
0x001C7E64,081c7db0
0x001C7E6C,081c7dd8
0x001C7E70,081c7dec
0x001C7E74,081c7e00
0x001C7E78,081c7e14
0x001C7E7C,081c7e24
0x001C7E80,081c7e34
0x001C7E84,081c7e44
0x001C9304,081c929c
0x001C9308,081c92b4
0x001C930C,081c92cc
0x001C9310,081c92e4
0x001C9313,08000008
0x001CABC4,081cab44
0x001CABC8,081cab5c
0x001CABCC,081cab74
0x001CABD0,081cab8c
0x001CABD4,081caba4
0x001CABD7,08000008
0x001CABE3,08000300
0x001CABEF,08000500
0x001CCC78,081ccc10
0x001CCC7C,081ccc28
0x001CCC80,081ccc40
0x001CCC84,081ccc58
0x001CCC87,08000008
0x001CE120,081ce0b8
0x001CE124,081ce0d0
0x001CE128,081ce0e8
0x001CE12C,081ce100
0x001CE158,081ce13c
0x001D1760,081d1590
0x001D1764,081d15a8
0x001D1768,081d15c0
0x001D176C,081d15d8
0x001D1770,081d15f0
0x001D1771,08081d15
0x001D1774,081d1608
0x001D1778,081d1620
0x001D1780,081d1650
0x001D1784,081d1668
0x001D178C,081d1698
0x001D1790,081d16b0
0x001D1794,081d16c8
0x001D1798,081d16e0
0x001D179C,081d16f8
0x001D17A0,081d1710
0x001D17A4,081d1728
0x001D17A8,081d1740
0x001D17AB,08000008
0x001D17AF,08000100
0x001D17B7,08000100
0x001D17BF,08000300
0x001D17C7,08000500
0x001D17D3,08000600
0x001D17D7,08000700
0x001D17D9,08000800
0x001D17DB,08000800
0x001D17DF,08000700
0x001D17E7,08000900
0x001D17EF,08000b00
0x001D1853,08000000
0x001D1863,08000300
0x001D1869,080000ff
0x001D1873,08000600
0x001D1883,08000900
0x001D1890,081d17bc
0x001D1894,081d17d0
0x001D1898,081d17e4
0x001D18A0,081d180c
0x001D18A4,081d1820
0x001D18A8,081d1834
0x001D18AC,081d1848
0x001D18B0,081d1858
0x001D18B4,081d1868
0x001D18B8,081d1878
0x001D2D38,081d2cd0
0x001D2D3C,081d2ce8
0x001D2D40,081d2d00
0x001D2D44,081d2d18
0x001D2D47,08000008
0x001D41E0,081d4178
0x001D41E4,081d4190
0x001D41E8,081d41a8
0x001D41EC,081d41c0
0x001D41EF,08000008
0x001D5A8C,081d5a24
0x001D5A90,081d5a3c
0x001D5A94,081d5a54
0x001D5A98,081d5a6c
0x001D5A9F,08000000
0x001D5AB8,081d5a98
0x001D6F38,081d6ed0
0x001D6F3C,081d6ee8
0x001D6F40,081d6f00
0x001D6F44,081d6f18
0x001D6F70,081d6f54
0x001DA578,081da3a8
0x001DA57C,081da3c0
0x001DA580,081da3d8
0x001DA584,081da3f0
0x001DA585,08081da3
0x001DA588,081da408
0x001DA58C,081da420
0x001DA590,081da438
0x001DA598,081da468
0x001DA59C,081da480
0x001DA5A4,081da4b0
0x001DA5A8,081da4c8
0x001DA5AC,081da4e0
0x001DA5B0,081da4f8
0x001DA5B4,081da510
0x001DA5B8,081da528
0x001DA5BC,081da540
0x001DA5C0,081da558
0x001DA5C3,08000008
0x001DA5C7,08000100
0x001DA5CF,08000100
0x001DA5D7,08000300
0x001DA5DF,08000500
0x001DA5EB,08000600
0x001DA5EF,08000700
0x001DA5F1,08000800
0x001DA5F3,08000800
0x001DA5F7,08000700
0x001DA5FF,08000900
0x001DA607,08000b00
0x001DA66B,08000000
0x001DA67B,08000300
0x001DA681,080000ff
0x001DA68B,08000600
0x001DA69B,08000900
0x001DA6A8,081da5d4
0x001DA6AC,081da5e8
0x001DA6B0,081da5fc
0x001DA6B8,081da624
0x001DA6BC,081da638
0x001DA6C0,081da64c
0x001DA6C4,081da660
0x001DA6C8,081da670
0x001DA6CC,081da680
0x001DA6D0,081da690
0x001DBB50,081dbae8
0x001DBB54,081dbb00
0x001DBB58,081dbb18
0x001DBB5C,081dbb30
0x001DBB5F,08000008
0x001DCFF8,081dcf90
0x001DCFFC,081dcfa8
0x001DD000,081dcfc0
0x001DD004,081dcfd8
0x001DD007,08000008
0x001DF0A4,081df03c
0x001DF0A8,081df054
0x001DF0AC,081df06c
0x001DF0B0,081df084
0x001DF0B3,08000008
0x001E0BAF,080020ff
0x001E0BD7,080020ff
0x001E0BEC,081e0ae4
0x001E0BF0,081e0afc
0x001E0BF4,081e0b14
0x001E0BF8,081e0b7c
0x001E0C21,08081e0b
0x001E0C24,081e0c08
0x001E422C,081e405c
0x001E4230,081e4074
0x001E4234,081e408c
0x001E4238,081e40a4
0x001E423C,081e40bc
0x001E4240,081e40d4
0x001E4244,081e40ec
0x001E424C,081e411c
0x001E4250,081e4134
0x001E4258,081e4164
0x001E425C,081e417c
0x001E4260,081e4194
0x001E4264,081e41ac
0x001E4268,081e41c4
0x001E426C,081e41dc
0x001E4270,081e41f4
0x001E4274,081e420c
0x001E4277,08000008
0x001E427B,08000100
0x001E4283,08000100
0x001E428B,08000300
0x001E4293,08000500
0x001E429F,08000600
0x001E42A3,08000700
0x001E42A5,08000800
0x001E42A7,08000800
0x001E42AB,08000700
0x001E42B3,08000900
0x001E42BB,08000b00
0x001E431F,08000000
0x001E432F,08000300
0x001E4335,080000ff
0x001E433F,08000600
0x001E434F,08000900
0x001E435C,081e4288
0x001E4360,081e429c
0x001E4364,081e42b0
0x001E436C,081e42d8
0x001E4370,081e42ec
0x001E4374,081e4300
0x001E4378,081e4314
0x001E437C,081e4324
0x001E4380,081e4334
0x001E4384,081e4344
0x001E5804,081e579c
0x001E5808,081e57b4
0x001E580C,081e57cc
0x001E5810,081e57e4
0x001E5813,08000008
0x001E6CAC,081e6c44
0x001E6CB0,081e6c5c
0x001E6CB4,081e6c74
0x001E6CB8,081e6c8c
0x001E6CBB,08000008
0x001E8D58,081e8cf0
0x001E8D5C,081e8d08
0x001E8D60,081e8d20
0x001E8D64,081e8d38
0x001E8D67,08000008
0x001EAA00,081ea998
0x001EAA04,081ea9b0
0x001EAA08,081ea9c8
0x001EAA0C,081ea9e0
0x001EAA38,081eaa1c
0x001EE040,081ede70
0x001EE044,081ede88
0x001EE048,081edea0
0x001EE04C,081edeb8
0x001EE050,081eded0
0x001EE054,081edee8
0x001EE058,081edf00
0x001EE060,081edf30
0x001EE064,081edf48
0x001EE06C,081edf78
0x001EE070,081edf90
0x001EE074,081edfa8
0x001EE078,081edfc0
0x001EE07C,081edfd8
0x001EE080,081edff0
0x001EE084,081ee008
0x001EE088,081ee020
0x001EE08B,08000008
0x001EE08F,08000100
0x001EE097,08000100
0x001EE09F,08000300
0x001EE0A7,08000500
0x001EE0B3,08000600
0x001EE0B7,08000700
0x001EE0B9,08000800
0x001EE0BB,08000800
0x001EE0BF,08000700
0x001EE0C7,08000900
0x001EE0CF,08000b00
0x001EE133,08000000
0x001EE143,08000300
0x001EE149,080000ff
0x001EE153,08000600
0x001EE163,08000900
0x001EE170,081ee09c
0x001EE174,081ee0b0
0x001EE178,081ee0c4
0x001EE180,081ee0ec
0x001EE184,081ee100
0x001EE188,081ee114
0x001EE18C,081ee128
0x001EE190,081ee138
0x001EE194,081ee148
0x001EE198,081ee158
0x001EF618,081ef5b0
0x001EF61C,081ef5c8
0x001EF620,081ef5e0
0x001EF624,081ef5f8
0x001EF627,08000008
0x001F0AC0,081f0a58
0x001F0AC4,081f0a70
0x001F0AC8,081f0a88
0x001F0ACC,081f0aa0
0x001F0ACF,08000008
0x001F2B6C,081f2b04
0x001F2B70,081f2b1c
0x001F2B74,081f2b34
0x001F2B78,081f2b4c
0x001F2B7B,08000008
0x001F4014,081f3fac
0x001F4018,081f3fc4
0x001F401C,081f3fdc
0x001F4020,081f3ff4
0x001F404C,081f4030
0x001F7654,081f7484
0x001F7658,081f749c
0x001F765C,081f74b4
0x001F7660,081f74cc
0x001F7664,081f74e4
0x001F7668,081f74fc
0x001F766C,081f7514
0x001F7674,081f7544
0x001F7678,081f755c
0x001F7680,081f758c
0x001F7684,081f75a4
0x001F7688,081f75bc
0x001F768C,081f75d4
0x001F7690,081f75ec
0x001F7694,081f7604
0x001F7698,081f761c
0x001F769C,081f7634
0x001F769F,08000008
0x001F76A3,08000100
0x001F76AB,08000100
0x001F76B3,08000300
0x001F76BB,08000500
0x001F76C7,08000600
0x001F76CB,08000700
0x001F76CD,08000800
0x001F76CF,08000800
0x001F76D3,08000700
0x001F76DB,08000900
0x001F76E3,08000b00
0x001F7747,08000000
0x001F7757,08000300
0x001F775D,080000ff
0x001F7767,08000600
0x001F7777,08000900
0x001F7784,081f76b0
0x001F7788,081f76c4
0x001F778C,081f76d8
0x001F7794,081f7700
0x001F7798,081f7714
0x001F779C,081f7728
0x001F77A0,081f773c
0x001F77A4,081f774c
0x001F77A8,081f775c
0x001F77AC,081f776c
0x001F8C2C,081f8bc4
0x001F8C30,081f8bdc
0x001F8C34,081f8bf4
0x001F8C38,081f8c0c
0x001F8C3B,08000008
0x001FA0D4,081fa06c
0x001FA0D8,081fa084
0x001FA0DC,081fa09c
0x001FA0E0,081fa0b4
0x001FA0E3,08000008
0x001FC180,081fc118
0x001FC184,081fc130
0x001FC188,081fc148
0x001FC18C,081fc160
0x001FC18F,08000008
0x001FD628,081fd5c0
0x001FD62C,081fd5d8
0x001FD630,081fd5f0
0x001FD631,08081fd5
0x001FD634,081fd608
0x001FD660,081fd644
0x00200C68,08200a98
0x00200C6C,08200ab0
0x00200C70,08200ac8
0x00200C74,08200ae0
0x00200C78,08200af8
0x00200C7C,08200b10
0x00200C80,08200b28
0x00200C88,08200b58
0x00200C8C,08200b70
0x00200C94,08200ba0
0x00200C98,08200bb8
0x00200C9C,08200bd0
0x00200CA0,08200be8
0x00200CA4,08200c00
0x00200CA8,08200c18
0x00200CAC,08200c30
0x00200CB0,08200c48
0x00200CB3,08000008
0x00200CB7,08000100
0x00200CBF,08000100
0x00200CC7,08000300
0x00200CCF,08000500
0x00200CDB,08000600
0x00200CDF,08000700
0x00200CE1,08000800
0x00200CE3,08000800
0x00200CE7,08000700
0x00200CEF,08000900
0x00200CF7,08000b00
0x00200D5B,08000000
0x00200D6B,08000300
0x00200D71,080000ff
0x00200D7B,08000600
0x00200D8B,08000900
0x00200D98,08200cc4
0x00200D9C,08200cd8
0x00200DA0,08200cec
0x00200DA8,08200d14
0x00200DAC,08200d28
0x00200DB0,08200d3c
0x00200DB4,08200d50
0x00200DB8,08200d60
0x00200DBC,08200d70
0x00200DC0,08200d80
0x00203080,08202fd8
0x00203084,08202ff0
0x00203085,0808202f
0x00203088,08203008
0x0020308C,08203020
0x00203090,08203060
0x00203093,08000008
0x00204D30,08204cc8
0x00204D34,08204ce0
0x00204D38,08204cf8
0x00204D3C,08204d10
0x00204D3F,08000008
0x002075F4,08207574
0x002075F8,0820758c
0x002075FC,082075a4
0x00207600,082075bc
0x00207607,08000008
0x00208EA4,08208e3c
0x00208EA8,08208e54
0x00208EAC,08208e6c
0x00208EB0,08208e84
0x00208EDC,08208ec0
0x0020C4E4,0820c314
0x0020C4E8,0820c32c
0x0020C4EC,0820c344
0x0020C4F0,0820c35c
0x0020C4F4,0820c374
0x0020C4F8,0820c38c
0x0020C4FC,0820c3a4
0x0020C504,0820c3d4
0x0020C508,0820c3ec
0x0020C510,0820c41c
0x0020C514,0820c434
0x0020C518,0820c44c
0x0020C51C,0820c464
0x0020C520,0820c47c
0x0020C524,0820c494
0x0020C528,0820c4ac
0x0020C52C,0820c4c4
0x0020C52F,08000008
0x0020C533,08000100
0x0020C53B,08000100
0x0020C543,08000300
0x0020C54B,08000500
0x0020C557,08000600
0x0020C55B,08000700
0x0020C55D,08000800
0x0020C55F,08000800
0x0020C563,08000700
0x0020C56B,08000900
0x0020C573,08000b00
0x0020C5D7,08000000
0x0020C5E7,08000300
0x0020C5ED,080000ff
0x0020C5F7,08000600
0x0020C607,08000900
0x0020C614,0820c540
0x0020C618,0820c554
0x0020C61C,0820c568
0x0020C624,0820c590
0x0020C628,0820c5a4
0x0020C62C,0820c5b8
0x0020C630,0820c5cc
0x0020C634,0820c5dc
0x0020C638,0820c5ec
0x0020C63C,0820c5fc
0x0020DABC,0820da54
0x0020DAC0,0820da6c
0x0020DAC4,0820da84
0x0020DAC8,0820da9c
0x0020DACB,08000008
0x0020F764,0820f6fc
0x0020F768,0820f714
0x0020F76C,0820f72c
0x0020F770,0820f744
0x0020F773,08000008
0x00211810,082117a8
0x00211814,082117c0
0x00211818,082117d8
0x0021181C,082117f0
0x0021181F,08000008
0x00212CB8,08212c50
0x00212CBC,08212c68
0x00212CC0,08212c80
0x00212CC4,08212c98
0x00212CF0,08212cd4
0x00212D03,0841ce29
0x002162F8,08216128
0x002162FC,08216140
0x00216300,08216158
0x00216304,08216170
0x00216308,08216188
0x0021630C,082161a0
0x00216310,082161b8
0x00216318,082161e8
0x0021631C,08216200
0x00216324,08216230
0x00216328,08216248
0x0021632C,08216260
0x00216330,08216278
0x00216334,08216290
0x00216338,082162a8
0x0021633C,082162c0
0x00216340,082162d8
0x00216343,08000008
0x00216347,08000100
0x0021634F,08000100
0x00216357,08000300
0x0021635F,08000500
0x0021636B,08000600
0x0021636F,08000700
0x00216371,08000800
0x00216373,08000800
0x00216377,08000700
0x0021637F,08000900
0x00216387,08000b00
0x002163EB,08000000
0x002163FB,08000300
0x00216401,080000ff
0x0021640B,08000600
0x0021641B,08000900
0x00216428,08216354
0x0021642C,08216368
0x00216430,0821637c
0x00216438,082163a4
0x0021643C,082163b8
0x00216440,082163cc
0x00216444,082163e0
0x00216448,082163f0
0x0021644C,08216400
0x00216450,08216410
0x002178D0,08217868
0x002178D4,08217880
0x002178D8,08217898
0x002178DC,082178b0
0x002178DF,08000008
0x00219590,08219510
0x00219594,08219528
0x00219598,08219540
0x0021959C,08219558
0x002195A0,08219570
0x002195A3,08000008
0x002195B7,08000500
0x0021BA40,0821b9d8
0x0021BA44,0821b9f0
0x0021BA45,080821b9
0x0021BA48,0821ba08
0x0021BA4F,08000008
0x0021D6E8,0821d680
0x0021D6EC,0821d698
0x0021D6F0,0821d6b0
0x0021D6F4,0821d6c8
0x0021D720,0821d704
0x00220D28,08220b58
0x00220D2C,08220b70
0x00220D30,08220b88
0x00220D34,08220ba0
0x00220D38,08220bb8
0x00220D3C,08220bd0
0x00220D40,08220be8
0x00220D48,08220c18
0x00220D4C,08220c30
0x00220D54,08220c60
0x00220D58,08220c78
0x00220D5C,08220c90
0x00220D60,08220ca8
0x00220D64,08220cc0
0x00220D68,08220cd8
0x00220D6C,08220cf0
0x00220D6D,0808220c
0x00220D70,08220d08
0x00220D73,08000008
0x00220D77,08000100
0x00220D7F,08000100
0x00220D87,08000300
0x00220D8F,08000500
0x00220D9B,08000600
0x00220D9F,08000700
0x00220DA1,08000800
0x00220DA3,08000800
0x00220DA7,08000700
0x00220DAF,08000900
0x00220DB7,08000b00
0x00220E1B,08000000
0x00220E2B,08000300
0x00220E31,080000ff
0x00220E3B,08000600
0x00220E4B,08000900
0x00220E58,08220d84
0x00220E5C,08220d98
0x00220E60,08220dac
0x00220E68,08220dd4
0x00220E6C,08220de8
0x00220E70,08220dfc
0x00220E74,08220e10
0x00220E78,08220e20
0x00220E7C,08220e30
0x00220E80,08220e40
0x00222300,08222298
0x00222304,082222b0
0x00222308,082222c8
0x0022230C,082222e0
0x0022230F,08000008
0x002237A8,08223740
0x002237AC,08223758
0x002237B0,08223770
0x002237B4,08223788
0x002237B7,08000008
0x00225454,082253ec
0x00225458,08225404
0x0022545C,0822541c
0x00225460,08225434
0x00225463,08000008
0x002268FC,08226894
0x00226900,082268ac
0x00226904,082268c4
0x00226908,082268dc
0x0022692D,080000ff
0x00226934,08226918
0x00229F3C,08229d6c
0x00229F40,08229d84
0x00229F44,08229d9c
0x00229F48,08229db4
0x00229F4C,08229dcc
0x00229F50,08229de4
0x00229F54,08229dfc
0x00229F5C,08229e2c
0x00229F60,08229e44
0x00229F68,08229e74
0x00229F6C,08229e8c
0x00229F70,08229ea4
0x00229F74,08229ebc
0x00229F78,08229ed4
0x00229F7C,08229eec
0x00229F80,08229f04
0x00229F84,08229f1c
0x00229F87,08000008
0x00229F8B,08000100
0x00229F93,08000100
0x00229F9B,08000300
0x00229FA3,08000500
0x00229FAF,08000600
0x00229FB3,08000700
0x00229FB5,08000800
0x00229FB7,08000800
0x00229FBB,08000700
0x00229FC3,08000900
0x00229FCB,08000b00
0x0022A02F,08000000
0x0022A03F,08000300
0x0022A045,080000ff
0x0022A04F,08000600
0x0022A05F,08000900
0x0022A06C,08229f98
0x0022A070,08229fac
0x0022A074,08229fc0
0x0022A07C,08229fe8
0x0022A080,08229ffc
0x0022A084,0822a010
0x0022A088,0822a024
0x0022A08C,0822a034
0x0022A090,0822a044
0x0022A094,0822a054
0x0022B514,0822b4ac
0x0022B518,0822b4c4
0x0022B51C,0822b4dc
0x0022B520,0822b4f4
0x0022B523,08000008
0x0022C9BC,0822c954
0x0022C9C0,0822c96c
0x0022C9C4,0822c984
0x0022C9C8,0822c99c
0x0022C9CB,08000008
0x0022EA80,0822ea00
0x0022EA84,0822ea18
0x0022EA88,0822ea30
0x0022EA8C,0822ea48
0x0022EA90,0822ea60
0x0022EA93,08000008
0x0022FF30,0822fec8
0x0022FF34,0822fee0
0x0022FF38,0822fef8
0x0022FF3C,0822ff10
0x0022FF68,0822ff4c
0x00233570,082333a0
0x00233574,082333b8
0x00233578,082333d0
0x0023357C,082333e8
0x00233580,08233400
0x00233584,08233418
0x00233588,08233430
0x00233590,08233460
0x00233594,08233478
0x0023359C,082334a8
0x002335A0,082334c0
0x002335A4,082334d8
0x002335A8,082334f0
0x002335A9,08082334
0x002335AC,08233508
0x002335B0,08233520
0x002335B4,08233538
0x002335B8,08233550
0x002335BB,08000008
0x002335BF,08000100
0x002335C7,08000100
0x002335CF,08000300
0x002335D7,08000500
0x002335E3,08000600
0x002335E7,08000700
0x002335E9,08000800
0x002335EB,08000800
0x002335EF,08000700
0x002335F7,08000900
0x002335FF,08000b00
0x00233663,08000000
0x00233673,08000300
0x00233679,080000ff
0x00233683,08000600
0x00233693,08000900
0x002336A0,082335cc
0x002336A4,082335e0
0x002336A8,082335f4
0x002336A9,08082335
0x002336B0,0823361c
0x002336B4,08233630
0x002336B8,08233644
0x002336BC,08233658
0x002336C0,08233668
0x002336C4,08233678
0x002336C8,08233688
0x00234B48,08234ae0
0x00234B4C,08234af8
0x00234B50,08234b10
0x00234B54,08234b28
0x00234B57,08000008
0x00235FF0,08235f88
0x00235FF4,08235fa0
0x00235FF8,08235fb8
0x00235FFC,08235fd0
0x00235FFF,08000008
0x002380B4,08238034
0x002380B8,0823804c
0x002380BC,08238064
0x002380C0,0823807c
0x002380C4,08238094
0x002380C7,08000008
0x00239564,082394fc
0x00239568,08239514
0x0023956C,0823952c
0x00239570,08239544
0x0023959C,08239580
0x0023CBA4,0823c9d4
0x0023CBA8,0823c9ec
0x0023CBAC,0823ca04
0x0023CBB0,0823ca1c
0x0023CBB4,0823ca34
0x0023CBB8,0823ca4c
0x0023CBBC,0823ca64
0x0023CBC4,0823ca94
0x0023CBC8,0823caac
0x0023CBD0,0823cadc
0x0023CBD4,0823caf4
0x0023CBD8,0823cb0c
0x0023CBDC,0823cb24
0x0023CBE0,0823cb3c
0x0023CBE4,0823cb54
0x0023CBE8,0823cb6c
0x0023CBEC,0823cb84
0x0023CBEF,08000008
0x0023CBF3,08000100
0x0023CBFB,08000100
0x0023CC03,08000300
0x0023CC0B,08000500
0x0023CC17,08000600
0x0023CC1B,08000700
0x0023CC1D,08000800
0x0023CC1F,08000800
0x0023CC23,08000700
0x0023CC2B,08000900
0x0023CC33,08000b00
0x0023CC97,08000000
0x0023CCA7,08000300
0x0023CCAD,080000ff
0x0023CCB7,08000600
0x0023CCC7,08000900
0x0023CCD4,0823cc00
0x0023CCD8,0823cc14
0x0023CCDC,0823cc28
0x0023CCE4,0823cc50
0x0023CCE8,0823cc64
0x0023CCEC,0823cc78
0x0023CCF0,0823cc8c
0x0023CCF4,0823cc9c
0x0023CCF8,0823ccac
0x0023CCFC,0823ccbc
0x0023E17C,0823e114
0x0023E180,0823e12c
0x0023E184,0823e144
0x0023E188,0823e15c
0x0023E18B,08000008
0x0023F624,0823f5bc
0x0023F628,0823f5d4
0x0023F62C,0823f5ec
0x0023F630,0823f604
0x0023F633,08000008
0x002416E8,08241668
0x002416EC,08241680
0x002416F0,08241698
0x002416F4,082416b0
0x002416F8,082416c8
0x002416FB,08000008
0x00242B98,08242b30
0x00242B9C,08242b48
0x00242BA0,08242b60
0x00242BA4,08242b78
0x00242BD0,08242bb4
0x002475D5,08082473
0x002475D8,08247408
0x002475DC,08247420
0x002475E0,08247438
0x002475E4,08247450
0x002475E8,08247468
0x002475EC,08247480
0x002475F0,08247498
0x002475F8,082474c8
0x002475FC,082474e0
0x00247600,082474f8
0x00247604,08247510
0x00247608,08247528
0x0024760C,08247540
0x00247610,08247558
0x00247614,08247570
0x00247618,08247588
0x00247623,08000008
0x00247627,08000100
0x0024762F,08000100
0x00247637,08000300
0x0024763F,08000500
0x0024764B,08000600
0x0024764F,08000700
0x00247651,08000800
0x00247653,08000800
0x00247657,08000700
0x0024765F,08000900
0x00247667,08000b00
0x002476CB,08000000
0x002476DB,08000300
0x002476E1,080000ff
0x002476EB,08000600
0x002476FB,08000900
0x00247708,08247634
0x0024770C,08247648
0x00247710,0824765c
0x00247714,08247670
0x00247718,08247684
0x0024771C,08247698
0x00247720,082476ac
0x00247724,082476c0
0x00247728,082476d0
0x0024772C,082476e0
0x00247730,082476f0
0x00248BB0,08248b48
0x00248BB4,08248b60
0x00248BB8,08248b78
0x00248BBC,08248b90
0x00248BBF,08000008
0x0024A058,08249ff0
0x0024A059,0808249f
0x0024A05C,0824a008
0x0024A060,0824a020
0x0024A064,0824a038
0x0024A067,08000008
0x0024BD04,0824bc9c
0x0024BD08,0824bcb4
0x0024BD0C,0824bccc
0x0024BD10,0824bce4
0x0024BD13,08000008
0x0024D1AC,0824d144
0x0024D1B0,0824d15c
0x0024D1B4,0824d174
0x0024D1B8,0824d18c
0x0024D1E4,0824d1c8
0x0024E664,0824e5fc
0x0024E668,0824e614
0x0024E66C,0824e62c
0x0024E670,0824e644
0x0024E673,08000008
0x0024F4F9,0800000f
0x0024FB0C,0824faa4
0x0024FB10,0824fabc
0x0024FB14,0824fad4
0x0024FB18,0824faec
0x0024FB1B,08000008
0x002517B8,08251750
0x002517BC,08251768
0x002517C0,08251780
0x002517C4,08251798
0x002517C7,08000008
0x00252C60,08252bf8
0x00252C64,08252c10
0x00252C68,08252c28
0x00252C6C,08252c40
0x00252C98,08252c7c
0x002576A0,082574d0
0x002576A4,082574e8
0x002576A8,08257500
0x002576AC,08257518
0x002576B0,08257530
0x002576B4,08257548
0x002576B8,08257560
0x002576C0,08257590
0x002576C4,082575a8
0x002576C8,082575c0
0x002576CC,082575d8
0x002576D0,082575f0
0x002576D1,08082575
0x002576D4,08257608
0x002576D8,08257620
0x002576DC,08257638
0x002576E0,08257650
0x002576EB,08000008
0x002576EF,08000100
0x002576F7,08000100
0x002576FF,08000300
0x00257707,08000500
0x00257713,08000600
0x00257717,08000700
0x00257719,08000800
0x0025771B,08000800
0x0025771F,08000700
0x00257727,08000900
0x0025772F,08000b00
0x00257793,08000000
0x002577A3,08000300
0x002577A9,080000ff
0x002577B3,08000600
0x002577C3,08000900
0x002577D0,082576fc
0x002577D4,08257710
0x002577D8,08257724
0x002577DC,08257738
0x002577E0,0825774c
0x002577E4,08257760
0x002577E8,08257774
0x002577EC,08257788
0x002577F0,08257798
0x002577F4,082577a8
0x002577F8,082577b8
0x00258C78,08258c10
0x00258C7C,08258c28
0x00258C80,08258c40
0x00258C84,08258c58
0x00258C87,08000008
0x0025A920,0825a8b8
0x0025A924,0825a8d0
0x0025A928,0825a8e8
0x0025A92C,0825a900
0x0025A92F,08000008
0x0025C9CC,0825c964
0x0025C9D0,0825c97c
0x0025C9D4,0825c994
0x0025C9D8,0825c9ac
0x0025C9DB,08000008
0x0025DE74,0825de0c
0x0025DE78,0825de24
0x0025DE7C,0825de3c
0x0025DE80,0825de54
0x0025DEAC,0825de90
0x0025F32C,0825f2c4
0x0025F330,0825f2dc
0x0025F334,0825f2f4
0x0025F338,0825f30c
0x0025F33B,08000008
0x00260BD4,08260b6c
0x00260BD8,08260b84
0x00260BDC,08260b9c
0x00260BE0,08260bb4
0x00260BE3,08000008
0x00262880,08262818
0x00262884,08262830
0x00262888,08262848
0x0026288C,08262860
0x0026288F,08000008
0x00263D28,08263cc0
0x00263D2C,08263cd8
0x00263D30,08263cf0
0x00263D31,0808263c
0x00263D34,08263d08
0x00263D60,08263d44
0x00263D73,084def19
0x00268768,08268598
0x0026876C,082685b0
0x00268770,082685c8
0x00268774,082685e0
0x00268778,082685f8
0x0026877C,08268610
0x00268780,08268628
0x00268788,08268658
0x0026878C,08268670
0x00268790,08268688
0x00268794,082686a0
0x00268798,082686b8
0x0026879C,082686d0
0x002687A0,082686e8
0x002687A4,08268700
0x002687A8,08268718
0x002687B3,08000008
0x002687B7,08000100
0x002687BF,08000100
0x002687C7,08000300
0x002687CF,08000500
0x002687DB,08000600
0x002687DF,08000700
0x002687E1,08000800
0x002687E3,08000800
0x002687E7,08000700
0x002687EF,08000900
0x002687F7,08000b00
0x0026885B,08000000
0x0026886B,08000300
0x00268871,080000ff
0x0026887B,08000600
0x0026888B,08000900
0x00268898,082687c4
0x0026889C,082687d8
0x002688A0,082687ec
0x002688A4,08268800
0x002688A8,08268814
0x002688AC,08268828
0x002688B0,0826883c
0x002688B4,08268850
0x002688B8,08268860
0x002688BC,08268870
0x002688C0,08268880
0x00269D40,08269cd8
0x00269D44,08269cf0
0x00269D45,0808269c
0x00269D48,08269d08
0x00269D4C,08269d20
0x00269D4F,08000008
0x0026B1E8,0826b180
0x0026B1EC,0826b198
0x0026B1F0,0826b1b0
0x0026B1F4,0826b1c8
0x0026B1F7,08000008
0x0026CE94,0826ce2c
0x0026CE98,0826ce44
0x0026CE9C,0826ce5c
0x0026CEA0,0826ce74
0x0026CEA3,08000008
0x0026E33C,0826e2d4
0x0026E340,0826e2ec
0x0026E344,0826e304
0x0026E348,0826e31c
0x0026E374,0826e358
0x0026F7F4,0826f78c
0x0026F7F8,0826f7a4
0x0026F7FC,0826f7bc
0x0026F800,0826f7d4
0x0026F803,08000008
0x00270C9C,08270c34
0x00270CA0,08270c4c
0x00270CA4,08270c64
0x00270CA8,08270c7c
0x00270CAB,08000008
0x00272948,082728e0
0x0027294C,082728f8
0x00272950,08272910
0x00272954,08272928
0x00272957,08000008
0x00273DF0,08273d88
0x00273DF4,08273da0
0x00273DF8,08273db8
0x00273DFC,08273dd0
0x00273E28,08273e0c
0x00273E3B,0841ce25
0x00278830,08278660
0x00278834,08278678
0x00278838,08278690
0x0027883C,082786a8
0x00278840,082786c0
0x00278844,082786d8
0x00278848,082786f0
0x00278849,08082786
0x00278850,08278720
0x00278854,08278738
0x00278858,08278750
0x0027885C,08278768
0x00278860,08278780
0x00278864,08278798
0x00278868,082787b0
0x0027886C,082787c8
0x00278870,082787e0
0x0027887B,08000008
0x0027887F,08000100
0x00278887,08000100
0x0027888F,08000300
0x00278897,08000500
0x002788A3,08000600
0x002788A7,08000700
0x002788A9,08000800
0x002788AB,08000800
0x002788AF,08000700
0x002788B7,08000900
0x002788BF,08000b00
0x00278923,08000000
0x00278933,08000300
0x00278939,080000ff
0x00278943,08000600
0x00278953,08000900
0x00278960,0827888c
0x00278964,082788a0
0x00278968,082788b4
0x0027896C,082788c8
0x00278970,082788dc
0x00278974,082788f0
0x00278978,08278904
0x0027897C,08278918
0x00278980,08278928
0x00278984,08278938
0x00278988,08278948
0x00279E08,08279da0
0x00279E0C,08279db8
0x00279E10,08279dd0
0x00279E14,08279de8
0x00279E17,08000008
0x0027B2B0,0827b248
0x0027B2B4,0827b260
0x0027B2B8,0827b278
0x0027B2BC,0827b290
0x0027B2BF,08000008
0x0027CF5C,0827cef4
0x0027CF60,0827cf0c
0x0027CF64,0827cf24
0x0027CF68,0827cf3c
0x0027CF6B,08000008
0x0027E404,0827e39c
0x0027E408,0827e3b4
0x0027E40C,0827e3cc
0x0027E410,0827e3e4
0x0027E43C,0827e420
0x0027F8BC,0827f854
0x0027F8C0,0827f86c
0x0027F8C4,0827f884
0x0027F8C8,0827f89c
0x0027F8CB,08000008
0x00280D64,08280cfc
0x00280D68,08280d14
0x00280D6C,08280d2c
0x00280D70,08280d44
0x00280D73,08000008
0x00282A10,082829a8
0x00282A14,082829c0
0x00282A18,082829d8
0x00282A1C,082829f0
0x00282A1F,08000008
0x00283EB8,08283e50
0x00283EBC,08283e68
0x00283EC0,08283e80
0x00283EC4,08283e98
0x00283EF0,08283ed4
0x002874F8,08287328
0x002874FC,08287340
0x00287500,08287358
0x00287504,08287370
0x00287508,08287388
0x0028750C,082873a0
0x00287510,082873b8
0x00287518,082873e8
0x0028751C,08287400
0x00287524,08287430
0x00287528,08287448
0x0028752C,08287460
0x00287530,08287478
0x00287534,08287490
0x00287538,082874a8
0x0028753C,082874c0
0x00287540,082874d8
0x00287543,08000008
0x00287547,08000100
0x0028754F,08000100
0x00287557,08000300
0x0028755F,08000500
0x0028756B,08000600
0x0028756F,08000700
0x00287571,08000800
0x00287573,08000800
0x00287577,08000700
0x0028757F,08000900
0x00287587,08000b00
0x002875EB,08000000
0x002875FB,08000300
0x00287601,080000ff
0x0028760B,08000600
0x0028761B,08000900
0x00287628,08287554
0x0028762C,08287568
0x00287630,0828757c
0x00287638,082875a4
0x0028763C,082875b8
0x00287640,082875cc
0x00287644,082875e0
0x00287648,082875f0
0x0028764C,08287600
0x00287650,08287610
0x00288AD0,08288a68
0x00288AD4,08288a80
0x00288AD8,08288a98
0x00288ADC,08288ab0
0x00288ADF,08000008
0x00289F78,08289f10
0x00289F7C,08289f28
0x00289F80,08289f40
0x00289F84,08289f58
0x00289F87,08000008
0x0028C024,0828bfbc
0x0028C028,0828bfd4
0x0028C02C,0828bfec
0x0028C030,0828c004
0x0028C033,08000008
0x0028DCCC,0828dc64
0x0028DCD0,0828dc7c
0x0028DCD4,0828dc94
0x0028DCD8,0828dcac
0x0028DD04,0828dce8
0x0029130C,0829113c
0x00291310,08291154
0x00291314,0829116c
0x00291318,08291184
0x0029131C,0829119c
0x00291320,082911b4
0x00291324,082911cc
0x0029132C,082911fc
0x00291330,08291214
0x00291338,08291244
0x0029133C,0829125c
0x00291340,08291274
0x00291344,0829128c
0x00291348,082912a4
0x0029134C,082912bc
0x00291350,082912d4
0x00291354,082912ec
0x00291357,08000008
0x0029135B,08000100
0x00291363,08000100
0x0029136B,08000300
0x00291373,08000500
0x0029137F,08000600
0x00291383,08000700
0x00291385,08000800
0x00291387,08000800
0x0029138B,08000700
0x00291393,08000900
0x0029139B,08000b00
0x002913FF,08000000
0x0029140F,08000300
0x00291415,080000ff
0x0029141F,08000600
0x0029142F,08000900
0x0029143C,08291368
0x00291440,0829137c
0x00291444,08291390
0x0029144C,082913b8
0x00291450,082913cc
0x00291454,082913e0
0x00291458,082913f4
0x0029145C,08291404
0x00291460,08291414
0x00291464,08291424
0x002928E4,0829287c
0x002928E8,08292894
0x002928EC,082928ac
0x002928F0,082928c4
0x002928F3,08000008
0x00293D8C,08293d24
0x00293D90,08293d3c
0x00293D94,08293d54
0x00293D98,08293d6c
0x00293D9B,08000008
0x00294E38,08294dd0
0x00294E3C,08294de8
0x00294E40,08294e00
0x00294E44,08294e18
0x00294E47,08000008
0x002966E0,08296678
0x002966E4,08296690
0x002966E8,082966a8
0x002966EC,082966c0
0x00296718,082966fc
0x0029B180,0829af50
0x0029B184,0829af68
0x0029B188,0829af80
0x0029B18C,0829af98
0x0029B190,0829afb0
0x0029B194,0829afc8
0x0029B198,0829afe0
0x0029B1A0,0829b010
0x0029B1A4,0829b028
0x0029B1AC,0829b058
0x0029B1B0,0829b070
0x0029B1B4,0829b088
0x0029B1B8,0829b0a0
0x0029B1BC,0829b0b8
0x0029B1C0,0829b0d0
0x0029B1C4,0829b0e8
0x0029B1CC,0829b118
0x0029B1D0,0829b130
0x0029B1D8,0829b160
0x0029B1DB,08000008
0x0029B1DF,08000100
0x0029B1E7,08000100
0x0029B1EF,08000300
0x0029B1F7,08000500
0x0029B203,08000600
0x0029B207,08000700
0x0029B209,08000800
0x0029B20B,08000800
0x0029B20F,08000700
0x0029B217,08000900
0x0029B21F,08000b00
0x0029B22B,08000c00
0x0029B22F,08000e00
0x0029B233,08000d00
0x0029B237,08000e00
0x0029B23F,08000f00
0x0029B243,08001100
0x0029B247,08001000
0x0029B24B,08001100
0x0029B253,08001200
0x0029B257,08001400
0x0029B25F,08001400
0x0029B267,08001500
0x0029B26B,08001700
0x0029B26F,08001600
0x0029B273,08001700
0x0029B280,0829b1ec
0x0029B284,0829b200
0x0029B288,0829b214
0x0029B28C,0829b228
0x0029B290,0829b23c
0x0029B294,0829b250
0x0029B298,0829b264
0x0029CF18,0829ceb0
0x0029CF1C,0829cec8
0x0029CF20,0829cee0
0x0029CF24,0829cef8
0x0029CF50,0829cf34
0x0029CF63,0841ce19
0x002A0558,082a0388
0x002A055C,082a03a0
0x002A0560,082a03b8
0x002A0564,082a03d0
0x002A0568,082a03e8
0x002A056C,082a0400
0x002A0570,082a0418
0x002A0578,082a0448
0x002A057C,082a0460
0x002A0584,082a0490
0x002A0588,082a04a8
0x002A058C,082a04c0
0x002A0590,082a04d8
0x002A0594,082a04f0
0x002A0595,08082a04
0x002A0598,082a0508
0x002A059C,082a0520
0x002A05A0,082a0538
0x002A05A3,08000008
0x002A05A7,08000100
0x002A05AF,08000100
0x002A05B7,08000300
0x002A05BF,08000500
0x002A05CB,08000600
0x002A05CF,08000700
0x002A05D1,08000800
0x002A05D3,08000800
0x002A05D7,08000700
0x002A05DF,08000900
0x002A05E7,08000b00
0x002A064B,08000000
0x002A065B,08000300
0x002A0661,080000ff
0x002A066B,08000600
0x002A067B,08000900
0x002A0688,082a05b4
0x002A068C,082a05c8
0x002A0690,082a05dc
0x002A0698,082a0604
0x002A069C,082a0618
0x002A06A0,082a062c
0x002A06A4,082a0640
0x002A06A8,082a0650
0x002A06AC,082a0660
0x002A06B0,082a0670
0x002A1B30,082a1ac8
0x002A1B34,082a1ae0
0x002A1B38,082a1af8
0x002A1B3C,082a1b10
0x002A1B3F,08000008
0x002A2FD8,082a2f70
0x002A2FDC,082a2f88
0x002A2FE0,082a2fa0
0x002A2FE4,082a2fb8
0x002A2FE7,08000008
0x002A4C84,082a4c1c
0x002A4C88,082a4c34
0x002A4C8C,082a4c4c
0x002A4C90,082a4c64
0x002A4C93,08000008
0x002A612C,082a60c4
0x002A6130,082a60dc
0x002A6134,082a60f4
0x002A6138,082a610c
0x002A6164,082a6148
0x002A6177,0841ce19
0x002A976C,082a959c
0x002A9770,082a95b4
0x002A9774,082a95cc
0x002A9778,082a95e4
0x002A977C,082a95fc
0x002A9780,082a9614
0x002A9784,082a962c
0x002A978C,082a965c
0x002A9790,082a9674
0x002A9798,082a96a4
0x002A979C,082a96bc
0x002A97A0,082a96d4
0x002A97A4,082a96ec
0x002A97A8,082a9704
0x002A97AC,082a971c
0x002A97B0,082a9734
0x002A97B4,082a974c
0x002A97B7,08000008
0x002A97BB,08000100
0x002A97C3,08000100
0x002A97CB,08000300
0x002A97D3,08000500
0x002A97DF,08000600
0x002A97E3,08000700
0x002A97E5,08000800
0x002A97E7,08000800
0x002A97EB,08000700
0x002A97F3,08000900
0x002A97FB,08000b00
0x002A985F,08000000
0x002A986F,08000300
0x002A9875,080000ff
0x002A987F,08000600
0x002A988F,08000900
0x002A989C,082a97c8
0x002A98A0,082a97dc
0x002A98A4,082a97f0
0x002A98AC,082a9818
0x002A98B0,082a982c
0x002A98B4,082a9840
0x002A98B8,082a9854
0x002A98BC,082a9864
0x002A98C0,082a9874
0x002A98C4,082a9884
0x002AAD44,082aacdc
0x002AAD48,082aacf4
0x002AAD4C,082aad0c
0x002AAD50,082aad24
0x002AAD53,08000008
0x002AC1EC,082ac184
0x002AC1F0,082ac19c
0x002AC1F4,082ac1b4
0x002AC1F8,082ac1cc
0x002AC1FB,08000008
0x002ADE98,082ade30
0x002ADE9C,082ade48
0x002ADEA0,082ade60
0x002ADEA4,082ade78
0x002ADEA7,08000008
0x002AF340,082af2d8
0x002AF344,082af2f0
0x002AF345,08082af2
0x002AF348,082af308
0x002AF34C,082af320
0x002AF378,082af35c
0x002AF38B,0841ce19
0x002B2980,082b27b0
0x002B2984,082b27c8
0x002B2988,082b27e0
0x002B298C,082b27f8
0x002B2990,082b2810
0x002B2994,082b2828
0x002B2998,082b2840
0x002B29A0,082b2870
0x002B29A4,082b2888
0x002B29AC,082b28b8
0x002B29B0,082b28d0
0x002B29B4,082b28e8
0x002B29B8,082b2900
0x002B29BC,082b2918
0x002B29C0,082b2930
0x002B29C4,082b2948
0x002B29C8,082b2960
0x002B29CB,08000008
0x002B29CF,08000100
0x002B29D7,08000100
0x002B29DF,08000300
0x002B29E7,08000500
0x002B29F3,08000600
0x002B29F7,08000700
0x002B29F9,08000800
0x002B29FB,08000800
0x002B29FF,08000700
0x002B2A07,08000900
0x002B2A0F,08000b00
0x002B2A73,08000000
0x002B2A83,08000300
0x002B2A89,080000ff
0x002B2A93,08000600
0x002B2AA3,08000900
0x002B2AB0,082b29dc
0x002B2AB4,082b29f0
0x002B2AB8,082b2a04
0x002B2AC0,082b2a2c
0x002B2AC4,082b2a40
0x002B2AC8,082b2a54
0x002B2ACC,082b2a68
0x002B2AD0,082b2a78
0x002B2AD4,082b2a88
0x002B2AD8,082b2a98
0x002B3F58,082b3ef0
0x002B3F59,08082b3e
0x002B3F5C,082b3f08
0x002B3F60,082b3f20
0x002B3F64,082b3f38
0x002B3F67,08000008
0x002B5400,082b5398
0x002B5404,082b53b0
0x002B5408,082b53c8
0x002B540C,082b53e0
0x002B540F,08000008
0x002B70AC,082b7044
0x002B70B0,082b705c
0x002B70B4,082b7074
0x002B70B8,082b708c
0x002B70BB,08000008
0x002B8554,082b84ec
0x002B8558,082b8504
0x002B855C,082b851c
0x002B8560,082b8534
0x002B858C,082b8570
0x002BBB94,082bb9c4
0x002BBB98,082bb9dc
0x002BBB9C,082bb9f4
0x002BBBA0,082bba0c
0x002BBBA4,082bba24
0x002BBBA8,082bba3c
0x002BBBAC,082bba54
0x002BBBB4,082bba84
0x002BBBB8,082bba9c
0x002BBBC0,082bbacc
0x002BBBC4,082bbae4
0x002BBBC8,082bbafc
0x002BBBCC,082bbb14
0x002BBBD0,082bbb2c
0x002BBBD4,082bbb44
0x002BBBD8,082bbb5c
0x002BBBDC,082bbb74
0x002BBBDF,08000008
0x002BBBE3,08000100
0x002BBBEB,08000100
0x002BBBF3,08000300
0x002BBBFB,08000500
0x002BBC07,08000600
0x002BBC0B,08000700
0x002BBC0D,08000800
0x002BBC0F,08000800
0x002BBC13,08000700
0x002BBC1B,08000900
0x002BBC23,08000b00
0x002BBC87,08000000
0x002BBC97,08000300
0x002BBC9D,080000ff
0x002BBCA7,08000600
0x002BBCB7,08000900
0x002BBCC4,082bbbf0
0x002BBCC8,082bbc04
0x002BBCCC,082bbc18
0x002BBCD4,082bbc40
0x002BBCD8,082bbc54
0x002BBCDC,082bbc68
0x002BBCE0,082bbc7c
0x002BBCE4,082bbc8c
0x002BBCE8,082bbc9c
0x002BBCEC,082bbcac
0x002BD16C,082bd104
0x002BD170,082bd11c
0x002BD174,082bd134
0x002BD178,082bd14c
0x002BD17B,08000008
0x002BEA14,082be9ac
0x002BEA18,082be9c4
0x002BEA1C,082be9dc
0x002BEA20,082be9f4
0x002BEA23,08000008
0x002C02C0,082c0258
0x002C02C4,082c0270
0x002C02C8,082c0288
0x002C02CC,082c02a0
0x002C02CF,08000008
0x002C1B68,082c1b00
0x002C1B6C,082c1b18
0x002C1B70,082c1b30
0x002C1B74,082c1b48
0x002C1B87,08000100
0x002C1B8B,08000000
0x002C1B98,082c1b84
0x002C65A0,082c63d0
0x002C65A4,082c63e8
0x002C65A8,082c6400
0x002C65AC,082c6418
0x002C65B0,082c6430
0x002C65B4,082c6448
0x002C65BC,082c6478
0x002C65C0,082c6490
0x002C65C8,082c64c0
0x002C65CC,082c64d8
0x002C65D0,082c64f0
0x002C65D1,08082c64
0x002C65D4,082c6508
0x002C65D8,082c6520
0x002C65DC,082c6538
0x002C65E4,082c6568
0x002C65EB,08000008
0x002C65EF,08000100
0x002C65F7,08000100
0x002C65FF,08000300
0x002C6607,08000500
0x002C6613,08000600
0x002C6617,08000700
0x002C6619,08000800
0x002C661B,08000800
0x002C661F,08000700
0x002C6627,08000900
0x002C662F,08000b00
0x002C663B,08000000
0x002C663F,08000c00
0x002C6643,08000000
0x002C6647,08000d00
0x002C664F,08000300
0x002C6653,08000e00
0x002C6657,08000300
0x002C665B,08000f00
0x002C6663,08000600
0x002C6667,08001000
0x002C666B,08000600
0x002C666F,08001100
0x002C6677,08000900
0x002C667B,08001200
0x002C667F,08000900
0x002C6690,082c65fc
0x002C6694,082c6610
0x002C6698,082c6624
0x002C66A0,082c664c
0x002C66A4,082c6660
0x002C66A8,082c6674
0x002C8479,08000008
0x002C8F28,082c8ec0
0x002C8F2C,082c8ed8
0x002C8F30,082c8ef0
0x002C8F4B,08000000
0x002C8F54,082c8f34
0x002CB7D4,082cb76c
0x002CB7D8,082cb784
0x002CB7DC,082cb79c
0x002CB80C,082cb7f0
0x002D0A0E,082c0000
0x002D0A12,0844082d
0x002D0A14,082d0844
0x002D0A18,082d085c
0x002D0A1C,082d0874
0x002D0A20,082d088c
0x002D0A24,082d08a4
0x002D0A28,082d08bc
0x002D0A30,082d08ec
0x002D0A34,082d0904
0x002D0A3C,082d0934
0x002D0A40,082d094c
0x002D0A44,082d0964
0x002D0A48,082d097c
0x002D0A4C,082d0994
0x002D0A54,082d09c4
0x002D0A5C,082d09f4
0x002D0A5F,08000008
0x002D0A63,08000100
0x002D0A6B,08000100
0x002D0A73,08000300
0x002D0A7B,08000500
0x002D0A87,08000600
0x002D0A8B,08000700
0x002D0A8D,08000800
0x002D0A8F,08000800
0x002D0A93,08000700
0x002D0A9B,08000900
0x002D0AA3,08000b00
0x002D0AAF,08000000
0x002D0AB3,08000c00
0x002D0AB7,08000000
0x002D0ABB,08000d00
0x002D0AC3,08000300
0x002D0AC7,08000e00
0x002D0ACB,08000300
0x002D0ACF,08000f00
0x002D0AD7,08000600
0x002D0ADB,08001000
0x002D0ADF,08000600
0x002D0AE3,08001100
0x002D0AEB,08000900
0x002D0AEF,08001200
0x002D0AF3,08000900
0x002D0B04,082d0a70
0x002D0B08,082d0a84
0x002D0B0C,082d0a98
0x002D0B14,082d0ac0
0x002D0B18,082d0ad4
0x002D0B1C,082d0ae8
0x002D3BFC,082d3b34
0x002D3C00,082d3b4c
0x002D3C04,082d3b64
0x002D3C0C,082d3b94
0x002D3C10,082d3bac
0x002D3C14,082d3bc4
0x002D3C1B,08000008
0x002D3C33,08000500
0x002D3C37,08000600
0x002D3C3F,08000800
0x002D6CE0,082d6c60
0x002D6CE4,082d6c78
0x002D6CE8,082d6c90
0x002D6CF0,082d6cc0
0x002D6D0F,08000500
0x002D6D1C,082d6d00
0x002DD844,082dd554
0x002DD848,082dd56c
0x002DD84C,082dd584
0x002DD850,082dd59c
0x002DD854,082dd5b4
0x002DD858,082dd5cc
0x002DD860,082dd5fc
0x002DD864,082dd614
0x002DD86C,082dd644
0x002DD870,082dd65c
0x002DD874,082dd674
0x002DD87C,082dd6a4
0x002DD880,082dd6bc
0x002DD884,082dd6d4
0x002DD888,082dd6ec
0x002DD88C,082dd704
0x002DD890,082dd71c
0x002DD894,082dd734
0x002DD89C,082dd764
0x002DD8A0,082dd77c
0x002DD8A4,082dd794
0x002DD8B0,082dd7dc
0x002DD8B4,082dd7f4
0x002DD8B8,082dd80c
0x002DD8BF,08000008
0x002DD8C3,08000100
0x002DD8CB,08000100
0x002DD8D3,08000300
0x002DD8DB,08000500
0x002DD8E7,08000600
0x002DD8EB,08000700
0x002DD8ED,08000800
0x002DD8EF,08000800
0x002DD8F3,08000700
0x002DD8FB,08000900
0x002DD903,08000b00
0x002DD90F,08000000
0x002DD913,08000c00
0x002DD917,08000d00
0x002DD91B,08000e00
0x002DD91F,08000f00
0x002DD923,08001000
0x002DD92B,08000300
0x002DD92F,08001100
0x002DD933,08001200
0x002DD93B,08001400
0x002DD93F,08001500
0x002DD947,08000600
0x002DD94B,08001600
0x002DD94F,08001700
0x002DD953,08001800
0x002DD957,08001900
0x002DD95B,08001a00
0x002DD963,08000900
0x002DD967,08001b00
0x002DD96B,08001c00
0x002DD96F,08001d00
0x002DD973,08001e00
0x002DD977,08001f00
0x002DD984,082dd8d0
0x002DD988,082dd8e4
0x002DD98C,082dd8f8
0x002DD994,082dd928
0x002DD998,082dd944
0x002DD99C,082dd960
0x002E0A34,082e09b4
0x002E0A38,082e09cc
0x002E0A3C,082e09e4
0x002E0A44,082e0a14
0x002E0A47,08000008
0x002E0A5B,08000300
0x002E32E4,082e327c
0x002E32E8,082e3294
0x002E32EC,082e32ac
0x002E331C,082e3300
0x002E6124,082e597c
0x002E6128,082e59bc
0x002E612C,082e5a24
0x002E6130,082e5a8c
0x002E6134,082e5acc
0x002E6138,082e5b0c
0x002E613C,082e5b4c
0x002E6140,082e5b8c
0x002E6144,082e5bcc
0x002E614C,082e5c74
0x002E6150,082e5cdc
0x002E6158,082e5dac
0x002E615C,082e5e14
0x002E6168,082e5efc
0x002E616C,082e5f3c
0x002E6170,082e5f7c
0x002E6174,082e5fe4
0x002E6178,082e604c
0x002E617C,082e60b4
0x002E617F,08000008
0x002E6183,08001000
0x002E6187,08001100
0x002E618B,08001000
0x002E6193,08000100
0x002E6197,08001200
0x002E619F,08001200
0x002E61AB,08001400
0x002E61AF,08001500
0x002E61B3,08001400
0x002E61BB,08000300
0x002E61BF,08001600
0x002E61C3,08001700
0x002E61C7,08001600
0x002E6224,082e6190
0x002E6228,082e61a4
0x002E622C,082e61b8
0x002E6234,082e61e0
0x002E6238,082e61f4
0x002E623C,082e6208
0x002E7A5C,082e7a24
0x002E7A60,082e7a3c
0x002E7A63,08000008
0x002E7A6F,08000100
0x002E7A73,08000000
0x002E929C,082e9264
0x002E92A0,082e927c
0x002E92B3,08000100
0x002E92B7,08000000
0x002E92C4,082e92b0
0x002EBDFC,082eb910
0x002EBE00,082eb93c
0x002EBE04,082eb97c
0x002EBE08,082eb9bc
0x002EBE0C,082eb9e8
0x002EBE10,082eba14
0x002EBE14,082eba40
0x002EBE18,082eba6c
0x002EBE1C,082eba98
0x002EBE24,082ebb04
0x002EBE28,082ebb44
0x002EBE30,082ebbc4
0x002EBE34,082ebc04
0x002EBE40,082ebc9c
0x002EBE44,082ebcc8
0x002EBE48,082ebcf4
0x002EBE4C,082ebd34
0x002EBE50,082ebd74
0x002EBE54,082ebdb4
0x002EBE57,08000008
0x002EBE5B,08001000
0x002EBE5F,08001100
0x002EBE63,08001000
0x002EBE6B,08000100
0x002EBE6F,08001200
0x002EBE77,08001200
0x002EBE83,08001400
0x002EBE87,08001500
0x002EBE8B,08001400
0x002EBE93,08000300
0x002EBE97,08001600
0x002EBE9B,08001700
0x002EBE9F,08001600
0x002EBEFC,082ebe68
0x002EBF00,082ebe7c
0x002EBF04,082ebe90
0x002EBF0C,082ebeb8
0x002EBF10,082ebecc
0x002EBF14,082ebee0
0x002EDFBC,082edf2c
0x002EDFC0,082edf44
0x002EDFC4,082edf5c
0x002EDFC8,082edf9c
0x002EDFCB,08000108
0x002EDFD7,08000300
0x002EDFDF,08000000
0x002EDFE8,082edfc8
0x002EF838,082ef800
0x002EF83C,082ef818
0x002EF84F,08000100
0x002EF853,08000000
0x002EF860,082ef84c
0x002F3AC8,082f3898
0x002F3ACC,082f38b0
0x002F3AD0,082f38c8
0x002F3AD4,082f38e0
0x002F3AD8,082f38f8
0x002F3ADC,082f3910
0x002F3AE0,082f3928
0x002F3AE8,082f3958
0x002F3AEC,082f3970
0x002F3AF4,082f39a0
0x002F3AF8,082f39b8
0x002F3AFC,082f39d0
0x002F3B00,082f39e8
0x002F3B04,082f3a00
0x002F3B08,082f3a18
0x002F3B0C,082f3a30
0x002F3B10,082f3a48
0x002F3B14,082f3a60
0x002F3B18,082f3a78
0x002F3B1C,082f3a90
0x002F3B20,082f3aa8
0x002F3B23,08000008
0x002F3B27,08000100
0x002F3B2F,08000100
0x002F3B37,08000300
0x002F3B3F,08000500
0x002F3B4B,08000600
0x002F3B4F,08000700
0x002F3B51,08000800
0x002F3B53,08000800
0x002F3B57,08000700
0x002F3B5F,08000900
0x002F3B67,08000b00
0x002F3BC7,08000000
0x002F3BD3,08000300
0x002F3BDF,08000600
0x002F3BEB,08000900
0x002F3BF8,082f3b34
0x002F3BFC,082f3b48
0x002F3C00,082f3b5c
0x002F3C08,082f3b84
0x002F3C0C,082f3b98
0x002F3C10,082f3bac
0x002F3C14,082f3bc0
0x002F3C18,082f3bcc
0x002F3C1C,082f3bd8
0x002F3C20,082f3be4
0x002F4C88,082f4c38
0x002F4C8C,082f4c50
0x002F4C90,082f4c68
0x002F4CAB,08000000
0x002F4CB8,082f4ca0
0x002F54F7,08000008
0x002F797F,080010ff
0x002F79AB,080010ff
0x002F79D7,080010ff
0x002F7A03,080010ff
0x002F7A2F,080010ff
0x002F7A5B,080010ff
0x002F7A87,080010ff
0x002F7AB3,080010ff
0x002F7ADF,080010ff
0x002F7B0B,080010ff
0x002F7B37,080010ff
0x002F7B63,080010ff
0x002F7B8F,080010ff
0x002F7BBB,080010ff
0x002F7BE7,080010ff
0x002F7C13,080010ff
0x002F7C3F,080010ff
0x002F7C6B,080010ff
0x002F7C97,080010ff
0x002F7CC3,080010ff
0x002F7CEF,080010ff
0x002F7D1B,080010ff
0x002F7D47,080010ff
0x002F7D73,080010ff
0x002F7D9F,080010ff
0x002F7DCB,080010ff
0x002F7DF7,080010ff
0x002F7E23,080010ff
0x002F7E4F,080010ff
0x002F7E7B,080010ff
0x002F7EA7,080010ff
0x002F7ED3,080010ff
0x002F7EFF,080010ff
0x002F7F2B,080010ff
0x002F7F57,080010ff
0x002F7F83,080010ff
0x002F7FAF,080010ff
0x002F7FDB,080010ff
0x002F8007,080010ff
0x002F8033,080010ff
0x002F805F,080010ff
0x002F808B,080010ff
0x002F80B7,080010ff
0x002F80E3,080010ff
0x002F810F,080010ff
0x002F813B,080010ff
0x002F8167,080010ff
0x002F8193,080010ff
0x002F81A8,082f798c
0x002F81AC,082f79b8
0x002F81B4,082f7a10
0x002F81B8,082f7a3c
0x002F81C0,082f7a94
0x002F81C4,082f7ac0
0x002F81C8,082f7aec
0x002F81CC,082f7b18
0x002F81D0,082f7b44
0x002F81D4,082f7b70
0x002F81D8,082f7b9c
0x002F81DC,082f7bc8
0x002F81E0,082f7bf4
0x002F81E4,082f7c20
0x002F81E8,082f7c4c
0x002F81EC,082f7c78
0x002F81F0,082f7ca4
0x002F81F4,082f7cd0
0x002F81F8,082f7cfc
0x002F81FC,082f7d28
0x002F8200,082f7d54
0x002F8204,082f7d80
0x002F8208,082f7dac
0x002F820C,082f7dd8
0x002F8210,082f7e04
0x002F8214,082f7e30
0x002F8218,082f7e5c
0x002F821C,082f7e88
0x002F8220,082f7eb4
0x002F8224,082f7ee0
0x002F8228,082f7f0c
0x002F822C,082f7f38
0x002F8230,082f7f64
0x002F8234,082f7f90
0x002F8238,082f7fbc
0x002F823C,082f7fe8
0x002F8240,082f8014
0x002F8244,082f8040
0x002F8248,082f806c
0x002F824C,082f8098
0x002F8250,082f80c4
0x002F8254,082f80f0
0x002F8258,082f811c
0x002F825C,082f8148
0x002F8260,082f8174
0x002F8289,08000100
0x002F83C8,082f82a4
0x002F83CC,082f82e8
0x002F83D0,082f832c
0x002F83D4,082f8370
0x002F83D8,082f8384
0x002F83DC,082f8398
0x002F83E0,082f83ac
0x002F8C3F,080010ff
0x002F8C6B,080010ff
0x002F8C97,080010ff
0x002F8CC3,080010ff
0x002F8CEF,080010ff
0x002F8D1B,080010ff
0x002F8D47,080010ff
0x002F8D5C,082f8c4c
0x002F8D60,082f8c78
0x002F8D64,082f8ca4
0x002F8D68,082f8cd0
0x002F8D6C,082f8cfc
0x002F8D70,082f8d28
0x002F8D7F,08000300
0x002F8D8B,08000600
0x002F9403,080010ff
0x002F942F,080010ff
0x002F945B,080010ff
0x002F9470,082f9410
0x002F9474,082f943c
0x002F9487,08000100
0x002F948B,08000000
0x002F9498,082f9484
0x002FCAA0,082fc8d0
0x002FCAA4,082fc8e8
0x002FCAA8,082fc900
0x002FCAAC,082fc918
0x002FCAB0,082fc930
0x002FCAB4,082fc948
0x002FCAB8,082fc960
0x002FCAC0,082fc990
0x002FCAC4,082fc9a8
0x002FCACC,082fc9d8
0x002FCAD0,082fc9f0
0x002FCAD1,08082fc9
0x002FCAD4,082fca08
0x002FCAD8,082fca20
0x002FCADC,082fca38
0x002FCAE0,082fca50
0x002FCAE4,082fca68
0x002FCAE8,082fca80
0x002FCAEB,08000008
0x002FCAEF,08000100
0x002FCAF7,08000100
0x002FCAFF,08000300
0x002FCB07,08000500
0x002FCB13,08000600
0x002FCB17,08000700
0x002FCB19,08000800
0x002FCB1B,08000800
0x002FCB1F,08000700
0x002FCB27,08000900
0x002FCB2F,08000b00
0x002FCB93,08000000
0x002FCBA3,08000300
0x002FCBA9,080000ff
0x002FCBB3,08000600
0x002FCBC3,08000900
0x002FCBD0,082fcafc
0x002FCBD4,082fcb10
0x002FCBD8,082fcb24
0x002FCBE0,082fcb4c
0x002FCBE4,082fcb60
0x002FCBE8,082fcb74
0x002FCBEC,082fcb88
0x002FCBF0,082fcb98
0x002FCBF4,082fcba8
0x002FCBF8,082fcbb8
0x002FE078,082fe010
0x002FE07C,082fe028
0x002FE080,082fe040
0x002FE084,082fe058
0x002FE087,08000008
0x002FF520,082ff4b8
0x002FF524,082ff4d0
0x002FF528,082ff4e8
0x002FF52C,082ff500
0x002FF52F,08000008
0x003011CC,08301164
0x003011D0,0830117c
0x003011D4,08301194
0x003011D8,083011ac
0x003011DB,08000008
0x00302674,0830260c
0x00302678,08302624
0x0030267C,0830263c
0x00302680,08302654
0x003026AC,08302690
0x00305CB4,08305ae4
0x00305CB8,08305afc
0x00305CBC,08305b14
0x00305CC0,08305b2c
0x00305CC4,08305b44
0x00305CC8,08305b5c
0x00305CCC,08305b74
0x00305CD4,08305ba4
0x00305CD8,08305bbc
0x00305CE0,08305bec
0x00305CE4,08305c04
0x00305CE8,08305c1c
0x00305CEC,08305c34
0x00305CF0,08305c4c
0x00305CF4,08305c64
0x00305CF8,08305c7c
0x00305CFC,08305c94
0x00305CFF,08000008
0x00305D03,08000100
0x00305D0B,08000100
0x00305D13,08000300
0x00305D1B,08000500
0x00305D27,08000600
0x00305D2B,08000700
0x00305D2D,08000800
0x00305D2F,08000800
0x00305D33,08000700
0x00305D3B,08000900
0x00305D43,08000b00
0x00305DA7,08000000
0x00305DB7,08000300
0x00305DBD,080000ff
0x00305DC7,08000600
0x00305DD7,08000900
0x00305DE4,08305d10
0x00305DE8,08305d24
0x00305DEC,08305d38
0x00305DF4,08305d60
0x00305DF8,08305d74
0x00305DFC,08305d88
0x00305E00,08305d9c
0x00305E04,08305dac
0x00305E08,08305dbc
0x00305E0C,08305dcc
0x0030728C,08307224
0x00307290,0830723c
0x00307294,08307254
0x00307298,0830726c
0x0030729B,08000008
0x00308734,083086cc
0x00308738,083086e4
0x0030873C,083086fc
0x00308740,08308714
0x00308743,08000008
0x0030A7E0,0830a778
0x0030A7E4,0830a790
0x0030A7E8,0830a7a8
0x0030A7EC,0830a7c0
0x0030A7EF,08000008
0x0030BC81,080000ff
0x0030BC88,0830bc20
0x0030BC8C,0830bc38
0x0030BC90,0830bc50
0x0030BC94,0830bc68
0x0030BCC0,0830bca4
0x0030DD60,0830dcf8
0x0030DD64,0830dd10
0x0030DD68,0830dd28
0x0030DD6C,0830dd40
0x0030DD7F,08000000
0x0030DD83,08000300
0x0030DD8B,08000300
0x0030F5E8,0830f5b0
0x0030F5EC,0830f5c8
0x0030F5EF,08000008
0x0030F5F3,08000100
0x00311E80,08311e18
0x00311E84,08311e30
0x00311E88,08311e48
0x00311E8F,08000008
0x0031472C,083146c4
0x00314730,083146dc
0x00314734,083146f4
0x0031473B,08000008
0x00315FA4,08315f6c
0x00315FA8,08315f84
0x00315FBB,08000100
0x00315FBF,08000000
0x00315FCC,08315fb8
0x00315FD1,0810847e
0x003195D4,08319404
0x003195D8,0831941c
0x003195DC,08319434
0x003195E0,0831944c
0x003195E4,08319464
0x003195E8,0831947c
0x003195EC,08319494
0x003195F4,083194c4
0x003195F8,083194dc
0x00319600,0831950c
0x00319604,08319524
0x00319608,0831953c
0x0031960C,08319554
0x00319610,0831956c
0x00319614,08319584
0x00319618,0831959c
0x0031961C,083195b4
0x0031961F,08000008
0x00319623,08000100
0x0031962B,08000100
0x00319633,08000300
0x0031963B,08000500
0x00319647,08000600
0x0031964B,08000700
0x0031964D,08000800
0x0031964F,08000800
0x00319653,08000700
0x0031965B,08000900
0x00319663,08000b00
0x003196C7,08000000
0x003196D7,08000300
0x003196DD,080000ff
0x003196E7,08000600
0x003196F7,08000900
0x00319704,08319630
0x00319708,08319644
0x0031970C,08319658
0x00319714,08319680
0x00319718,08319694
0x0031971C,083196a8
0x00319720,083196bc
0x00319724,083196cc
0x00319728,083196dc
0x0031972C,083196ec
0x0031ABAC,0831ab44
0x0031ABB0,0831ab5c
0x0031ABB4,0831ab74
0x0031ABB8,0831ab8c
0x0031ABBB,08000008
0x0031C46C,0831c3ec
0x0031C470,0831c404
0x0031C474,0831c41c
0x0031C478,0831c434
0x0031C47C,0831c44c
0x0031C47F,08000008
0x0031C48B,08000300
0x0031C497,08000500
0x0031E520,0831e4b8
0x0031E524,0831e4d0
0x0031E528,0831e4e8
0x0031E52C,0831e500
0x0031E52F,08000008
0x0031F9C8,0831f960
0x0031F9CC,0831f978
0x0031F9D0,0831f990
0x0031F9D4,0831f9a8
0x0031FA00,0831f9e4
0x00323008,08322e38
0x0032300C,08322e50
0x00323010,08322e68
0x00323014,08322e80
0x00323018,08322e98
0x0032301C,08322eb0
0x00323020,08322ec8
0x00323028,08322ef8
0x0032302C,08322f10
0x00323034,08322f40
0x00323038,08322f58
0x0032303C,08322f70
0x00323040,08322f88
0x00323044,08322fa0
0x00323048,08322fb8
0x0032304C,08322fd0
0x00323050,08322fe8
0x00323053,08000008
0x00323057,08000100
0x0032305F,08000100
0x00323067,08000300
0x0032306F,08000500
0x0032307B,08000600
0x0032307F,08000700
0x00323081,08000800
0x00323083,08000800
0x00323087,08000700
0x0032308F,08000900
0x00323097,08000b00
0x003230FB,08000000
0x0032310B,08000300
0x00323111,080000ff
0x0032311B,08000600
0x0032312B,08000900
0x00323138,08323064
0x0032313C,08323078
0x00323140,0832308c
0x00323148,083230b4
0x0032314C,083230c8
0x00323150,083230dc
0x00323154,083230f0
0x00323158,08323100
0x0032315C,08323110
0x00323160,08323120
0x003245E0,08324578
0x003245E4,08324590
0x003245E8,083245a8
0x003245EC,083245c0
0x003245EF,08000008
0x00325E81,080000ff
0x00325E88,08325e20
0x00325E8C,08325e38
0x00325E90,08325e50
0x00325E94,08325e68
0x00325E97,08000008
0x0032874C,083286cc
0x00328750,083286e4
0x00328754,083286fc
0x0032875C,0832872c
0x0032875F,08000008
0x00328773,08000500
0x00329BFC,08329b94
0x00329C00,08329bac
0x00329C04,08329bc4
0x00329C08,08329bdc
0x00329C2D,080000ff
0x00329C34,08329c18
0x0032A220,08531114
0x0032A88D,08010500
0x0032A90D,08100710
0x0032B5FD,08200720
0x0032BADB,08009700
0x0032BBB1,08530710
0x0032BD9A,08239700
0x0032BFD4,08000b08
0x0032C318,08251e00
0x0032C3F3,08329626
0x0032C463,08041003
0x0032C4A0,0810200f
0x0032C4B9,08031090
0x0032C826,0840a600
0x0032C908,08332245
0x0032CAA2,0810107c
0x0032CD71,0800dced
0x0032CD7E,083408cd
0x0032CDA8,0833010b
0x0032CF65,08137f02
0x0032CFDE,082b2a7e
0x0032CFF6,0824c407
0x0032D192,08361329
0x0032D22E,08000007
0x0032D234,08040900
0x0032D627,0830760b
0x0032DB8E,08000707
0x0032DC97,08334533
0x0032DCCC,08006643
0x0032DCD1,08003466
0x0032DCD2,08080034
0x0032DDE7,0833ed00
0x0032DE93,08030035
0x0032E11B,0800fd03
0x0032E430,08031064
0x0032E62F,08204120
0x0032E64C,08200720
0x0032ED64,08531114
0x0032F3D1,08010500
0x0032F465,08100710
0x0032F59D,08020a00
0x0032F5D0,08004f00
0x0032F620,08103a00
0x0032F652,0800801b
0x0032F680,08402a22
0x0032F6CB,08102a22
0x0032F835,08007f32
0x0032F857,08070d00
0x0032F863,08030721
0x0032F8A7,08204f2a
0x0032F937,0810b04d
0x0032F951,0800bf07
0x0032F95E,08005f30
0x0032F963,08004420
0x0032F9FA,084b0750
0x0032FA54,08370600
0x0032FB85,0808e017
0x0032FB98,08060503
0x0032FC30,0842005a
0x0032FC44,080910eb
0x0032FC49,0802e027
0x0032FCC8,08281623
0x0032FCD6,080f0029
0x0032FCE2,08071015
0x0032FCFA,08070045
0x0032FD12,08001309
0x0032FD5F,08100530
0x0032FDDD,0800b900
0x0032FE16,08431055
0x0032FE5B,08104526
0x0032FEAB,08221029
0x0032FEBE,08000700
0x0032FEC7,08002923
0x0032FF0A,082a3b30
0x0032FF3A,0830305e
0x0032FF9E,0807103c
0x0032FFB0,08320c1c
0x0032FFF5,08471767
0x00330082,08009b01
0x0033008B,08009e07
0x0033011D,080dd308
0x00330189,08336609
0x003301B3,08004f3c
0x003301F2,0800dc07
0x0033028E,080700a0
0x003302D6,08104c4c
0x00330320,080b0f11
0x00330321,08080b0f
0x003303A6,08007438
0x00330490,081c4507
0x003304E3,083e4727
0x0033052B,084b5e66
0x003305B5,0810721a
0x003305BC,0830ea31
0x003305E6,08008c86
0x003305F5,0800f68c
0x00330606,0820a207
0x00330621,08308201
0x003306C2,08509c03
0x003306C3,0808509c
0x003306D6,080630f3
0x003306FA,0806709d
0x00330724,082a6839
0x00330762,084f0700
0x003307D4,080d3232
0x0033080D,08000900
0x003308CB,08008681
0x0033092D,08107401
0x00330A17,080f200e
0x00330AA7,085a2847
0x00330B92,08100510
0x00330BAE,0800c207
0x00330C3A,084a4a6c
0x00330C63,08304409
0x00330CCA,08100700
0x00330E07,08200c10
0x00330E14,08008a8e
0x00330E1E,08000120
0x00330E81,08100600
0x00330EDA,0833727a
0x00330F11,08400f00
0x00331012,0820a513
0x00331225,0800be0b
0x003313B6,080a5a70
0x00331405,0816106b
0x00331598,08009341
0x003315DA,08070710
0x003315E5,081e3310
0x00331614,08006565
0x0033168C,08070041
0x003318C3,083f2d4d
0x00331928,08000720
0x00331AAF,08200620
0x00331B69,08131616
0x00331B9F,080b0b11
0x00331BC1,080f4768
0x00331BC2,08080f47
0x00331BC4,08020808
0x00331BCC,08070011
0x00331BF1,080c2c5f
0x00331BFB,0805152c
0x00331C15,0818c1dc
0x00331C2B,08000b1a
0x00331C45,0805736c
0x00331C4C,0807001d
0x00331C63,08360037
0x00331C9D,08316b22
0x00331CA0,08030008
0x00331CB9,083a2a6b
0x00331CBC,08410b08
0x00331CC4,08004811
0x00331CCD,08044c11
0x00331EC1,08363307
0x00332082,08524707
0x003320E5,0807108b
0x00332178,08400e40
0x003321B6,08068307
0x0033221E,08070088
0x0033222D,080b5f83
0x003322B9,080c152c
0x003322BE,081a8f71
0x003322ED,08054283
0x003322F8,08010002
0x003322FF,08002192
0x0033231D,08428700
0x00332353,08421d50
0x0033235A,0811226b
0x00332361,08228f07
0x00332364,08054208
0x003323E4,08343426
0x003323FA,08123a41
0x00332436,0847072c
0x00332439,08242b08
0x0033246E,083232b8
0x0033247B,083d4226
0x003324A8,080e403a
0x003324DD,08051207
0x003324EC,0812000c
0x003325E6,0805191e
0x00332630,08000f22
0x0033276B,08323a32
0x0033280C,08070042
0x00332870,08002822
0x00332879,0802055f
0x00332888,08266726
0x003328BE,080e390e
0x003329E9,08425d78
0x00332B88,08034000
0x00332B92,080b1e1d
0x00332BAE,08222021
0x00332BB8,08194012
0x00332BF7,081e211d
0x00332C34,0801020c
0x00332C56,080b3a10
0x00332C63,0805260b
0x00332C6E,08352507
0x00332C73,08004002
0x00332CC5,08201100
0x00332D82,08423731
0x00332D9A,08104307
0x00332DFF,08520f40
0x00332FCC,08000007
0x00333212,08010701
0x0033321D,08010c01
0x00333279,08008769
0x003333C2,0800802c
0x0033344C,08122828
0x00333515,08000720
0x003335D3,08207d6d
0x003335D9,08104a10
0x00333630,08004310
0x00333656,080d213c
0x00333691,08022a2a
0x003336A2,08030007
0x003336DB,08103410
0x003336E6,08003940
0x00333777,08000700
0x0033379D,08002910
0x003337CA,080a0a09
0x003337FB,08004140
0x0033388A,08000700
0x003338E3,0800b30f
0x003338EE,08002700
0x0033390C,08070914
0x003339B3,08242e33
0x003339C1,08011032
0x00333B56,0820923b
0x00333C4A,08203a00
0x00333C8D,08510710
0x00333CD7,0848e018
0x00333CEE,0844363a
0x00333D12,08342a18
0x00333F82,081b0700
0x0033403D,082a586c
0x00334078,080a0b0e
0x00334079,08080a0b
0x003340F6,08073e50
0x00334189,08011318
0x0033418B,08040801
0x00334333,0800824e
0x00334439,08105410
0x00334560,08007d07
0x00334564,082a5f6d
0x0033456F,08007f07
0x00334587,08008235
0x0033459B,08071407
0x003345D1,080b1033
0x00334716,080b3f00
0x003347FD,0820f306
0x00334897,08101707
0x003348B2,08000710
0x003348D2,08000700
0x003349ED,08007f30
0x00334AE4,08000700
0x00334B0A,08078583
0x00334BED,08000700
0x00334E3E,08407b01
0x00335054,08423d3d
0x0033508C,08393935
0x00335091,08484c42
0x00335169,08100700
0x003352D2,08101f79
0x00335302,08209c21
0x00335381,08004f67
0x00335429,080fd71e
0x00335755,08007739
0x003357A1,08306b47
0x0033580F,0810e409
0x003358BE,0837001d
0x003359D1,084d170a
0x00335B71,08141e20
0x00335C33,0845000a
0x00335FA7,08200750
0x00335FEA,08009e20
0x0033605C,08407310
0x003360C3,08002164
0x00336125,08000f00
0x00336132,08002625
0x00336207,0800ff07
0x0033635F,08222533
0x00336369,082b463f
0x003366E7,0800f117
0x00336734,0810e918
0x00336736,08190810
0x0033689C,08000007
0x00336AE2,08010701
0x00336AED,08010c01
0x00336BFB,08452020
0x00336C10,08530301
0x00336E1A,08031c48
0x00336FC0,08002c2c
0x00336FE4,08000211
0x00337055,08000f00
0x00337113,080f2c56
0x0033738C,0800c100
0x00337471,08460405
0x00337494,0811402c
0x003375FB,08300a00
0x00337615,0800c007
0x00337914,0807861a
0x00337970,0800867f
0x003379E1,08109a9a
0x00337AA6,080c0c00
0x00337B89,0810221e
0x00337BE6,083f0097
0x00337C5E,08009a41
0x00337DC3,0808301a
0x00337DEF,080f0700
0x00337E2F,0803003e
0x00337EB6,08050602
0x00337EE7,08041001
0x00338005,080c1010
0x00338008,08091708
0x00338037,0805202d
0x00338112,083b1003
0x00338113,08083b10
0x00338118,080c3718
0x00338145,08254b00
0x0033814F,08010e0b
0x003381C2,08276912
0x0033839D,08142514
0x00338404,08050109
0x0033843C,0801b03f
0x00338477,08040412
0x0033847A,083f0108
0x003385E7,084f070b
0x00338754,083a005c
0x00338791,08009981
0x00338884,0820110c
0x00338C00,083344e1
0x00338D4D,080c2d01
0x00338D52,08521a0c
0x00338D53,0808521a
0x00338D54,08080852
0x00338E0E,08544c4c
0x00338EAA,082e1010
0x00339047,08428543
0x003390D9,080c1081
0x003390DA,08080c10
0x0033910F,08351b15
0x0033912A,08194828
0x0033912F,08201915
0x00339222,080b0603
0x00339243,081a0e19
0x00339244,08081a0e
0x00339291,083df5fd
0x003392C8,0840a0a4
0x00339381,08004223
0x003393EE,0800ce13
0x0033959A,08006666
0x003395B5,08475544
0x003395BA,0804014c
0x00339614,085a4490
0x0033970B,083f0700
0x00339714,08104807
0x003398A5,08036613
0x003398AB,0801813d
0x00339930,080a2f25
0x003399F2,08360705
0x00339D0D,08004302
0x00339E86,08352f3a
0x00339EC5,081cad19
0x0033A030,08000007
0x0033A276,08010701
0x0033A281,08010c01
0x0033A2E7,080007d0
0x0033A324,08000100
0x0033A345,08207700
0x0033A395,08102217
0x0033A3A9,08509797
0x0033A3AD,08000700
0x0033A3BC,08004420
0x0033A451,08402f01
0x0033A485,08003b09
0x0033A52B,08004e10
0x0033A583,08102700
0x0033A5B9,08100740
0x0033A7C9,0803cb11
0x0033A7EE,08103221
0x0033A858,08300fa8
0x0033A885,0837415a
0x0033A8C4,08070035
0x0033A923,0800a007
0x0033A9B5,08006527
0x0033AC01,0838fd3d
0x0033AC95,08470705
0x0033ACA7,0820321c
0x0033ACAB,08050404
0x0033ACC1,08010218
0x0033ACFF,0840609c
0x0033AD04,08306b44
0x0033AD10,08107172
0x0033AD33,0800974f
0x0033AD3A,0810cf07
0x0033AD3F,0810a307
0x0033AF58,08000710
0x0033B219,0833726c
0x0033B3F4,08205b8f
0x0033B404,08428866
0x0033B409,082d0700
0x0033B4DB,0845007e
0x0033B542,08254806
0x0033B55B,08006542
0x0033B56F,08360405
0x0033B5FD,0800120c
0x0033B663,08203400
0x0033B697,08050033
0x0033B6A0,08050029
0x0033B6D4,08002c44
0x0033B6F3,08243f39
0x0033B6F4,0808243f
0x0033B794,0807107b
0x0033B910,081a8504
0x0033B927,08111738
0x0033B930,080f2b2c
0x0033BB94,08112840
0x0033BBEB,08403924
0x0033BBF1,08100730
0x0033BCE1,0816206e
0x0033BD57,0800ff4d
0x0033BD6C,08400760
0x0033BD7A,080150bf
0x0033BE63,08003c03
0x0033BE7E,08000e03
0x0033BE9A,0810523d
0x0033BEB0,08003c23
0x0033BEF1,08070d10
0x0033BEFB,08070905
0x0033BEFC,08080709
0x0033BF1C,08074010
0x0033BFB7,08006140
0x0033C1B0,0810703d
0x0033C1D4,082052d9
0x0033C1DA,08005f15
0x0033C1E3,08105740
0x0033C1ED,08005260
0x0033C24C,08070506
0x0033C261,08066b26
0x0033C262,0808066b
0x0033C428,08073098
0x0033C57E,0800bc00
0x0033C63E,08150fc0
0x0033C64C,08003e25
0x0033C6E4,080d0a00
0x0033C848,08000007
0x0033CB3B,08005a40
0x0033CB7A,08006c48
0x0033CC0C,0800f600
0x0033CC4B,085a3d00
0x0033CC61,080c0034
0x0033CCC0,08004751
0x0033CCE1,08445771
0x0033CDDA,084deb00
0x0033CE79,08001e00
0x0033CED4,08106ab6
0x0033CED7,08008608
0x0033CFA0,08000610
0x0033D023,08003910
0x0033D034,08204300
0x0033D0D0,08107f9e
0x0033D161,08484d6c
0x0033D181,08103145
0x0033D1E5,0800946b
0x0033D223,083de007
0x0033D35D,0848719f
0x0033D394,08002207
0x0033D41A,084b174c
0x0033D488,08507c96
0x0033D48B,08004408
0x0033D4B0,08087c95
0x0033D506,083b0085
0x0033D50F,08100130
0x0033D527,08391039
0x0033D5F6,08004620
0x0033D783,084b9133
0x0033D819,08007179
0x0033D820,084e11ef
0x0033D869,08104d46
0x0033D88E,08484c07
0x0033D93B,08003e40
0x0033D982,08003406
0x0033D983,08080034
0x0033DB7B,08002b07
0x0033DBAC,08009600
0x0033DC01,08200600
0x0033DCE7,085a0d3e
0x0033DD8E,083f109b
0x0033DEB5,08524856
0x0033DEEA,08295603
0x0033DEEE,083c4d3c
0x0033DF03,083d1101
0x0033DFB5,083e4c00
0x0033DFEA,0800864f
0x0033E0DB,0800b402
0x0033E18D,08530061
0x0033E1B3,0811ff30
0x0033E320,0800cb00
0x0033E5B8,083e5f4f
0x0033E5DD,083b4534
0x0033E670,083b4839
0x0033E6A1,0807554f
0x0033E6BF,080f1065
0x0033E6EF,0810647f
0x0033E7AF,08002f00
0x0033E7D5,08001200
0x0033E9C3,0807bb01
0x0033E9C4,080807bb
0x0033E9C5,08080807
0x0033E9C6,08080808
0x0033E9D1,080c0101
0x0033E9F4,08070109
0x0033E9F6,08070807
0x0033EA59,08202d00
0x0033EA5A,0808202d
0x0033EC00,0844606f
0x0033ED5F,080b00d8
0x0033EDFE,08071102
0x0033EE19,083d002a
0x0033EE1A,08083d00
0x0033EE2E,08011143
0x0033EE30,080e0801
0x0033EE93,08120701
0x0033EE96,08111208
0x0033EE9E,08070e13
0x0033EEA1,080e0f08
0x0033EF16,083a0081
0x0033EF61,08010013
0x0033F021,0800124d
0x0033F07E,08362006
0x0033F084,0810c620
0x0033F0A3,080d601b
0x0033F12E,080fbf13
0x0033F16A,08351003
0x0033F1A2,08087810
0x0033F2BD,084a5236
0x0033F2C2,0849ff00
0x0033F328,0805f114
0x0033F3E0,08019417
0x0033F66D,0800c10b
0x0033F676,08041814
0x0033F6F7,08001812
0x0033F722,08100510
0x0033F865,08001107
0x0033F9FD,08000110
0x0033FA84,08002129
0x0033FB43,08102624
0x0033FC0E,082c3100
0x0033FC18,08251b20
0x0033FC7D,0817ec38
0x0033FCEA,0822b900
0x0033FD9A,0800e80e
0x0033FDA0,080f65df
0x0033FE16,08000f40
0x0033FED0,0805f99a
0x00340003,0801df18
0x0034004A,08203024
0x00340073,08004b18
0x003401FE,08008295
0x00340250,08100f40
0x00340454,08000007
0x0034069A,08010701
0x003406A5,08010c01
0x003407D8,08008022
0x00340800,08332327
0x00340947,08026778
0x0034094C,08008888
0x003409E7,08396f35
0x00340A21,080000ff
0x00340AB5,08083409
0x00340AB8,08340a08
0x00340ABC,08340a20
0x00340AC0,08340a38
0x00340AC4,08340a50
0x00340AC8,08340a68
0x00340ACC,08340a80
0x00340AD0,08340a98
0x00340ADF,08000300
0x00340C58,08007f10
0x00340E68,0810a044
0x00340E7B,08435666
0x00341112,08002700
0x003411EC,080310a4
0x003411ED,08080310
0x003412B6,0800a003
0x003413CF,08009974
0x003413D7,083e1080
0x00341497,0800cc13
0x00341A91,08031082
0x00341B73,080f0888
0x00341BD0,08091f98
0x00341BEC,08009967
0x00341F3B,08087303
0x00341F3F,0800884b
0x0034224C,08342000
0x00342250,08342018
0x00342254,08342030
0x00342258,08342048
0x0034225C,08342060
0x00342260,08342078
0x00342264,08342090
0x00342268,083420a8
0x0034226C,083420c0
0x00342270,083420d8
0x00342274,083420f0
0x00342275,08083420
0x00342278,08342108
0x0034227C,08342120
0x00342280,08342138
0x00342284,08342150
0x0034228C,08342180
0x00342290,08342198
0x00342294,083421b0
0x00342298,083421c8
0x0034229C,083421e0
0x003422A0,083421f8
0x003422A4,08342210
0x003422A8,08342228
0x003422C9,08000600
0x00342340,08342310
0x003425E4,08342398
0x003425E8,083423b0
0x003425EC,083423c8
0x003425F0,083423e0
0x003425F4,083423f8
0x003425F8,08342410
0x003425FC,08342428
0x00342600,08342440
0x00342604,08342458
0x00342608,08342470
0x0034260C,08342488
0x00342610,083424a0
0x00342614,083424b8
0x00342618,083424d0
0x0034261C,083424e8
0x00342624,08342518
0x00342628,08342530
0x0034262C,08342548
0x00342630,08342560
0x00342634,08342578
0x00342638,08342590
0x0034263C,083425a8
0x00342640,083425c0
0x00342661,08000600
0x003426D8,083426a8
0x003426DB,08001008
0x00342704,08021010
0x003428A6,083e5963
0x00342918,083428c8
0x0034291C,083428e0
0x00342920,083428f8
0x003429C9,08201ff0
0x003429D1,08003130
0x00342A7F,08018b21
0x00342AD2,08004140
0x00342C57,08330004
0x00342C87,08520412
0x00342E69,08000000
0x00342E6D,08001000
0x00342E81,08000000
0x00342F11,08001200
0x00342F8D,08001400
0x00342FB1,08000100
0x00342FE1,08001400
0x00343035,08001400
0x00343089,08001400
0x003430DC,08342dfc
0x003430E0,08342e14
0x003430E4,08342eb8
0x003430E8,08342f5c
0x003430EC,08342fd8
0x003430F0,0834302c
0x003430F4,08343080
0x003431C5,08111000
0x0034344D,08000000
0x00343461,08000000
0x00343475,08000000
0x003434A1,08000000
0x003434C9,08000000
0x003434DD,08000000
0x003434F1,08000000
0x0034351D,08000000
0x00343708,08343368
0x0034370C,083433a8
0x00343710,08343410
0x00343714,0834348c
0x00343715,08083434
0x00343718,08343508
0x0034371C,08343584
0x00343720,08343600
0x00343724,0834367c
0x00343728,083436bc
0x0034372C,083436e8
0x0034378C,0800332b
0x003438D4,08000024
0x003438DF,08008404
0x00343907,08508867
0x00343909,08000850
0x0034393A,08220077
0x003439FA,083a0052
0x003439FD,08067708
0x00343AE9,08000000
0x00343B29,08000000
0x00343B69,08000000
0x00343BA9,080000ff
0x00343D3C,08343b54
0x00343D40,08343ba8
0x00343D44,08343bfc
0x00343D48,08343c50
0x00343D4C,08343ca4
0x00343D50,08343ce4
0x00343D54,08343d10
0x00343F4D,0801201c
0x00343F86,082d1052
0x00343FF4,08001103
0x003442CF,080020ff
0x003442FB,080020ff
0x00344327,080020ff
0x00344353,080020ff
0x003443A7,080020ff
0x003443FB,080020ff
0x0034444F,080020ff
0x0034447B,080020ff
0x003444A7,080020ff
0x00344534,08344374
0x00344538,083443c8
0x0034453C,0834441c
0x00344548,083444c8
0x0034454C,083444f4
0x0034456D,08000600
0x003449E1,08000000
0x003449F5,08000000
0x00344A09,08000000
0x00344A5D,08000000
0x00344A71,08000000
0x00344AC5,080000ff
0x00344DC8,08344a20
0x00344DCC,08344ac4
0x00344DD0,08344b68
0x00344DD4,08344c20
0x00344DD8,08344cc4
0x00344DDC,08344d54
0x00345019,080000ff
0x0034502D,08000000
0x00345041,08000000
0x00345055,08000000
0x00345069,08000000
0x0034507D,08000000
0x00345264,08344f9c
0x00345268,08345018
0x0034526C,08345094
0x00345270,08345110
0x00345274,0834518c
0x00345275,08083451
0x00345278,08345208
0x0034528F,08000500
0x00345293,08000600
0x003452B0,08002140
0x00345538,083454b8
0x0034553C,083454d0
0x00345540,083454e8
0x00345544,08345500
0x00345548,08345518
0x00345624,0810be26
0x003457DB,08314004
0x00345957,08047b00
0x00345A51,08000000
0x00345A98,083459f0
0x00345A99,08083459
0x00345A9C,08345a08
0x00345AA0,08345a20
0x00345AA4,08345a38
0x00345AA8,08345a64
0x00345D1B,08001000
0x00345D55,08000000
0x00345D5B,08000800
0x00345D69,08000000
0x00345D83,08001000
0x00345DD7,08001000
0x00345E2C,08345d50
0x00345E30,08345dcc
0x00345E34,08345e0c
0x00345FC2,0800d244
0x0034608B,08530330
0x0034625A,0812c0a8
0x0034626F,081d9088
0x00346279,08088880
0x00346281,08030080
0x003462E3,08099807
0x003464DB,08110081
0x00346534,0830855d
0x0034658A,08050701
0x003465C9,080f0180
0x003468E0,08346768
0x003468E4,083467bc
0x003468E8,08346810
0x003468EC,08346864
0x003468F0,083468a4
0x003469C3,08002261
0x003469E5,08006c00
0x00346AD5,08445434
0x00346B63,08024ac2
0x0034712C,08346fd8
0x00347130,08347018
0x00347134,08347058
0x00347138,08347098
0x0034713C,083470d8
0x00347140,08347104
0x00347161,08000300
0x00347524,083474bc
0x00347528,083474d4
0x0034752C,083474ec
0x00347530,08347504
0x00347825,08000100
0x003478C0,083476ac
0x003478D0,0834784c
0x00347AEC,08008466
0x00347B5E,08360078
0x00347C82,0807a000
0x00347CA0,0800a000
0x00347CE8,08010002
0x00347DA3,08004200
0x00347DD1,0800988a
0x00347DFE,08340107
0x00347EF4,08333353
0x00347F0F,08009877
0x00347F22,08335357
0x00348046,0800cc11
0x003481A1,08083480
0x003481A4,08348108
0x003481A8,08348120
0x003481AC,08348138
0x003481B0,08348150
0x003481B4,08348168
0x003481B8,08348180
0x003481BC,08348198
0x003481BF,08000008
0x003481C3,08000100
0x003481D7,08000600
0x003482D7,08001101
0x003484A0,0800a09a
0x00348540,08106800
0x00348695,08000100
0x00348798,083486d0
0x0034879C,08348710
0x003487A0,08348750
0x003487EB,080008ff
0x00348821,080000ff
0x003489CC,080160bd
0x00348C0D,08000000
0x00348C45,08000000
0x00348D21,08000000
0x00348D6C,08348c30
0x00348D70,08348c5c
0x00348D74,08348c88
0x00348D78,08348cb4
0x00348D7C,08348ce0
0x00348D80,08348d0c
0x00348FE8,08101637
0x003490BF,08111618
0x003492A3,08014001
0x00349420,0842013f
0x003494EF,0800406c
0x003496A9,0800eebb
0x003496B4,0842013f
0x003496FD,08000080
0x00349BA1,081396ff
0x00349C7A,0800ec23
0x00349D48,08000007
0x0034A05C,082c011f
0x0034A134,0800ccaa
0x0034A478,080229f5
0x0034A4CC,0807007f
0x0034A582,08522255
0x0034AB55,085303ca
0x0034ABFE,08130350
0x0034ACD8,08307c02
0x0034AE63,08020110
0x0034AFFC,08000700
0x0034B092,08450044
0x0034B0AE,08510050
0x0034B661,0850cd5f
0x0034B76B,0800f262
0x0034B7FC,08060310
0x0034B836,0800a0dc
0x0034BB29,0803308f
0x0034BBA1,0800f237
0x0034BFC1,08020320
0x0034C1FF,08000700
0x0034C643,08005100
0x0034C747,080340b5
0x0034C7DC,08007a03
0x0034CEAE,08252b10
0x0034D062,08000700
0x0034D07E,0810000f
0x0034D0BB,08280027
0x0034D4FF,0803bbc2
0x0034DA3F,080b17e3
0x0034DD1F,084beeeb
0x0034DE2F,080c0203
0x0034E2C0,082cdcdd
0x0034E463,0800cc42
0x0034E4B4,08012c40
0x0034E6D8,080016bd
0x0034E6DD,080d00e4
0x0034E768,08102060
0x0034E77E,08008072
0x0034E7E6,08008acc
0x0034E7E9,0800a608
0x0034E7EC,0800a208
0x0034E801,0803541f
0x0034E95C,080412aa
0x0034E963,0810a044
0x0034ECC1,08000700
0x0034ECF7,081c001b
0x0034EDCC,0815006b
0x0034EECE,08273331
0x0034F032,08001120
0x0034F03B,0810eb2f
0x0034F045,08001116
0x0034F056,0800b0ff
0x0034F059,0800ff08
0x0034F281,08006e14
0x0034F6D3,0852f2be
0x0034F73A,0802f5f7
0x0034FB95,0842027f
0x0034FE73,08000700
0x0034FEDC,08350034
0x00350364,08121225
0x0035096E,08105560
0x00350BCF,08030082
0x00350C1C,08102318
0x00350DEA,083f0f12
0x00350E0B,085add15
0x00350EB4,0841f4de
0x00350ED4,0800daf4
0x0035102F,08000700
0x0035127B,08007703
0x003512B6,08002c48
0x003512B9,0800cc08
0x0035151B,0800fb56
0x00351618,08001055
0x00351700,08249502
0x00351852,080084bf
0x0035190E,08002299
0x00351BDA,085aaa55
0x00351CF6,0803001b
0x00351EE8,08000700
0x003520D7,08148d30
0x0035212B,08106303
0x003521BD,08333333
0x00352292,08330252
0x003523C4,08001350
0x00352526,0800a05c
0x00352529,0800cc08
0x0035276C,08252220
0x00352846,08400c10
0x00352914,08380054
0x00352DDC,08000700
0x00352FAE,08430c40
0x003537DC,0803003b
0x0035390C,081313ff
0x00353B53,08000700
0x003541E1,0810e603
0x0035430D,08030054
0x0035452D,085a0103
0x00354645,080310ec
0x00354714,0800910c
0x003547F0,08000700
0x0035482C,081f001e
0x00354882,08420041
0x0035498C,0842001f
0x00354A58,0800835e
0x00354C96,081080fb
0x00354CE8,08007ebb
0x00354D10,0800493b
0x00354D17,0800cb52
0x00354D1A,0810bb08
0x00354E13,0800849c
0x003550A1,08002280
0x003550A5,0800ef22
0x0035529A,08424c55
0x003552B3,083b0012
0x003553F6,080064fd
0x003555BC,08000700
0x0035562B,08340033
0x00355C00,08540110
0x00355C25,08469855
0x00355FE3,081303db
0x00356094,08008711
0x00356097,08006a08
0x003561B4,08354cdd
0x003561EE,0800c24a
0x00356342,080ad30b
0x003563B8,08000700
0x00356449,08440043
0x00356A86,08370300
0x00356B8C,083b10c0
0x00356C01,08000300
0x00356C13,080081c9
0x00356CE1,08098115
0x00356D1C,08004f0c
0x00356D28,0800ffca
0x00356E1D,08128206
0x00356FC2,08008fdd
0x0035708C,08004466
0x00357090,08004454
0x00357093,08004408
0x00357096,08004408
0x00357118,082290f4
0x003571BF,0801f9eb
0x00357230,085213eb
0x00357297,08014aaa
0x003573A4,08000700
0x00357713,08132466
0x00357719,08001366
0x00357911,08466664
0x00357935,0800866f
0x00357C35,0803abf4
0x00357F7C,080130c7
0x00357FC4,0800d704
0x0035828C,08000700
0x003592DC,0800f390
0x00359589,0810101c
0x003596D0,08000700
0x0035973B,08353d20
0x003599AD,0800669a
0x0035A462,084715fd
0x0035A5CE,08005903
0x0035A6C3,0802f410
0x0035A7DC,08000700
0x0035ABCE,081f0160
0x0035AC26,08028049
0x0035AEC0,08030100
0x0035AF63,0800cc41
0x0035B5AF,0800ffaa
0x0035B89E,0800fffc
0x0035BA2C,08000700
0x0035C161,0800ff9f
0x0035C244,0800f950
0x0035C3EC,08011f68
0x0035C442,0800e715
0x0035C7A3,080320ff
0x0035C894,08000700
0x0035C941,08510050
0x0035CAE5,0801d06c
0x0035CD7A,08025211
0x0035D029,08008c26
0x0035D07C,08007723
0x0035D181,083618ef
0x0035D5A2,08031092
0x0035D96F,08028073
0x0035DAEF,08000700
0x0035DD8E,084ba4be
0x0035DFFB,0800ff76
0x0035E0E1,0810f126
0x0035E0EE,0800ffdb
0x0035E0F1,0800f108
0x0035E116,08021179
0x0035E23D,08007327
0x0035E240,08003f08
0x0035E252,080027a0
0x0035E2F3,080288f1
0x0035E45C,0800af11
0x0035E7B4,08400900
0x0035EB9E,08013019
0x0035F1AC,08000700
0x0035F3E6,080f402f
0x0035F450,08111051
0x0035F496,0800f221
0x0035F4A7,08000310
0x0035F5CF,0822f44f
0x0035F643,0800b9ff
0x0035FB01,08459777
0x0035FCE9,08002f65
0x0035FE3E,08180300
0x0035FE66,080099a0
0x0035FEC2,0800f457
0x0035FEC5,08001308
0x0035FEC7,08330800
0x0035FF00,08003c01
0x00360028,08000700
0x003608B3,082b1243
0x0036099F,081d7774
0x003609DE,08510917
0x00360A68,08000700
0x00360E6E,0812ff92
0x00361476,080080a6
0x003617C7,08102103
0x0036183A,0806df1f
0x00361858,0852223f
0x00361958,08030007
0x003619CF,08380037
0x00361B68,08420000
0x00361E80,0800b20b
0x00361F7D,08112fff
0x003623BF,0800ffcc
0x003623C6,08000310
0x00362444,0800bea2
0x00362469,08009c41
0x00362525,08007748
0x00362528,08003208
0x00362791,0800ce29
0x00362798,08003208
0x003628C0,08000700
0x0036292D,08330032
0x00362971,084e004d
0x00362A5A,083bf0ac
0x00362C7F,0800f644
0x00362D4E,081e00ff
0x00362F3A,08000310
0x003634B5,08033043
0x00363642,08000705
0x0036370D,081b0055
0x003637E8,08420000
0x00363850,0800b0f2
0x00363972,08007603
0x00363D58,08100077
0x00363E39,08108f3d
0x00363F45,0800f6c0
0x0036411E,0803f101
0x00364147,0833d906
0x003643A3,084fdddf
0x00364456,083f0330
0x00364516,080310aa
0x003646B0,08027f61
0x00364709,08030074
0x0036470D,0803e00e
0x00364775,0800f433
0x00364778,08104708
0x00364894,08000700
0x00364B57,0823c703
0x00364D09,08000300
0x00365201,080360f2
0x0036527C,0801c053
0x00365388,080350db
0x00365556,08407230
0x00365600,08053403
0x003656F5,08000700
0x003658AA,08420c61
0x0036591D,0840a025
0x00365926,0825252a
0x00365936,08101a25
0x00365958,08010213
0x0036599A,080d1111
0x003659B4,08161210
0x003659E8,08202513
0x00365A76,080bc131
0x00365AC9,08250709
0x00365AFF,08382e2e
0x00365B49,0800192b
0x00365B4E,08062e1e
0x00365B6D,082b3131
0x00365BB8,08131107
0x00365BDD,08133757
0x00365C61,08000122
0x00365CE5,08446026
0x00365D2A,08050a0b
0x00365D43,08020004
0x00365D50,08029e05
0x00365D7A,08000f11
0x00365D83,08000105
0x00365DDA,080b0313
0x00365DE6,082c3332
0x00365DF5,08030105
0x00365E06,080a4003
0x00365E23,08030700
0x00365E2C,08110b07
0x00365E65,08138121
0x00365E7B,08138131
0x00365E9C,08013581
0x00365EAE,08028111
0x00365F76,08131e3e
0x00365F90,0820882f
0x00366040,08138131
0x003660AC,08313804
0x003660D3,083b1700
0x003660EE,082dfb00
0x003660EF,08082dfb
0x0036610C,080c0122
0x0036610E,0820080c
0x00366156,081c3717
0x0036617B,08130d00
0x003661AB,0801033f
0x003661AD,08110801
0x003661AF,08190811
0x0036623F,08413219
0x0036629F,081c4132
0x003662F8,080b0110
0x00366308,0835702e
0x0036637A,08001b24
0x003664AD,080a0302
0x003664E9,080b0100
0x00366687,084143b6
0x003666E0,080c2018
0x0036670F,08100a15
0x003667BC,08031427
0x0036680E,08041014
0x0036688E,08000502
0x003668CC,08301406
0x0036691B,083a3303
0x00366A8F,0840e49b
0x00366B51,081e111d
0x00366C9D,08283709
0x00366D1A,080720cd
0x00366F33,08120a03
0x003671EC,080e9526
0x00367331,083b1081
0x0036733F,080e5062
0x003674C8,083d3081
0x003675DE,08373003
0x0036764A,08003007
0x00367650,08010180
0x00367766,08003007
0x0036777F,08011dc0
0x00367968,08431460
0x00367AB7,080a2807
0x00367AE6,08020600
0x00367AF5,08000202
0x00367B07,08001701
0x00367BDE,0817bd00
0x00367C1E,08111207
0x00367DB1,0807ab13
0x00367DD1,08040415
0x00367EAB,08070f0a
0x00367FB5,08009714
0x0036807A,08020300
0x00368089,0805000a
0x00368099,0806001d
0x003681D2,08550406
0x003681D5,08070608
0x003681D8,080f0708
0x003681E5,08060908
0x003681F8,08101f66
0x00368211,08070030
0x00368218,08070010
0x003682BA,08103524
0x003682C3,080a292e
0x0036834D,081c200d
0x0036835E,08060104
0x00368366,08120202
0x003683B2,0801003b
0x003683D8,0815024d
0x003683FD,08021239
0x003684CA,08101058
0x003684E4,08000c10
0x00368528,08071025
0x0036855C,08118706
0x00368570,08112e17
0x00368584,0813070d
0x0036858F,0813030c
0x003685B8,08100031
0x003685FC,08390700
0x0036862E,08003433
0x00368696,08009020
0x00368719,0801df16
0x0036871A,080801df
0x00368723,080a392e
0x00368728,0803b293
0x00368733,08391d03
0x0036874D,080dfce3
0x003687D5,08100a14
0x003687D6,0808100a
0x003688D4,08033b00
0x00368915,080a0710
0x00368936,080024a5
0x0036894C,08021032
0x00368A60,0811240f
0x00368BA2,08270e07
0x00368C17,080a3d04
0x00368CD3,08402a07
0x00368E3F,0800a264
0x00368EE7,083f2d2d
0x00368F69,080ef100
0x003690A1,0840292d
0x003691F1,08001500
0x0036925D,0800131e
0x00369271,080007d7
0x0036928E,08077029
0x003693B8,08212f21
0x0036949F,08100c6d
0x003694A4,0810011a
0x003694A9,0810141a
0x003694F3,08006717
0x003695E6,080a1707
0x003696D6,0800e234
0x00369725,08400f20
0x00369889,08006e22
0x00369908,0801ff10
0x0036994C,08000007
0x0036A098,0800ded9
0x0036A0CA,08001f5b
0x0036A31D,081185ff
0x0036A3B9,08213313
0x0036AB54,0838dddd
0x0036AC81,0801778a
0x0036ACBA,080095c0
0x0036AFC6,08003007
0x0036AFDF,08011dc0
0x0036B284,08200710
0x0036B39E,08351007
0x0036B529,0800b103
0x0036B555,080f1006
0x0036B556,08080f10
0x0036B5A9,08043e00
0x0036B608,08170084
0x0036B749,083f2436
0x0036B772,082b033f
0x0036B788,080d003f
0x0036B7C5,08010633
0x0036B7F7,08000407
0x0036B80E,08000700
0x0036B81B,08060f25
0x0036B840,0827143a
0x0036B8D3,080f001e
0x0036B8D9,0803260c
0x0036B8EB,08002803
0x0036B8FE,080c2b1e
0x0036B90D,08260831
0x0036B928,081c14a3
0x0036B989,08363c2d
0x0036B9C3,082f2f32
0x0036BA25,083acd00
0x0036BB29,0837173f
0x0036BB2A,08083717
0x0036BB67,080f002b
0x0036BD14,08011502
0x0036BD24,08190607
0x0036BD40,08091906
0x0036BD73,08103433
0x0036BDAB,0823070e
0x0036BE07,08520b03
0x0036BE6B,08268d0a
0x0036BE6E,08103308
0x0036BECC,08000610
0x0036BF33,080a3433
0x0036BFC5,08170001
0x0036C100,08210e00
0x0036C12D,080f8a07
0x0036C1A0,0810121b
0x0036C1C7,080f801b
0x0036C20B,08106f20
0x0036C212,080c641b
0x0036C215,08003808
0x0036C30E,080c1090
0x0036C34F,08120104
0x0036C37F,08016707
0x0036C38D,08061507
0x0036C3CD,08030204
0x0036C3CF,080e0803
0x0036C4DC,08122603
0x0036C4E2,08020716
0x0036C505,08013f0d
0x0036C51D,08021e31
0x0036C522,08050527
0x0036C5AC,080c2607
0x0036C5C4,08303006
0x0036C5F5,08040110
0x0036C602,08000629
0x0036C639,080d190d
0x0036C6EF,08191b8b
0x0036C71A,0810370e
0x0036C7A5,0812e103
0x0036C7C6,081633c9
0x0036C8ED,08254810
0x0036C917,0810450c
0x0036C918,08081045
0x0036CA16,08000627
0x0036CA70,081c3834
0x0036CA84,08381e1b
0x0036CB0E,08350700
0x0036CB38,08383727
0x0036CB58,0821d418
0x0036CC37,080b0c07
0x0036CC64,08190710
0x0036CC83,08070704
0x0036CC93,08030303
0x0036CC98,08000bb0
0x0036CCA0,083f0102
0x0036CCA8,080ae800
0x0036CCB9,08022d34
0x0036CD02,080b1c0b
0x0036CD42,08061904
0x0036CD46,08001700
0x0036CD9C,08161222
0x0036CDE8,0800004d
0x0036CDFF,0830289e
0x0036CED0,08371ee2
0x0036CF0D,083f512f
0x0036CFA3,08100304
0x0036CFE8,08173304
0x0036D002,08410137
0x0036D075,081c3430
0x0036D1FD,08430fd9
0x0036D226,08000617
0x0036D246,08380738
0x0036D28B,080b1733
0x0036D29E,0813335d
0x0036D2AB,083327ce
0x0036D308,08072013
0x0036D31D,08090312
0x0036D3E7,080f032e
0x0036D4C3,083200f0
0x0036D522,083f0408
0x0036D524,081c083f
0x0036D53A,08000a02
0x0036D5A1,083c3e00
0x0036D613,080f0036
0x0036D63B,08001e07
0x0036D6CC,0827340a
0x0036D6EC,080e0609
0x0036D700,08121807
0x0036D726,08091720
0x0036D727,08080917
0x0036D77E,08130f29
0x0036D798,08345637
0x0036D7DF,08377401
0x0036D887,08111100
0x0036D896,08113c3f
0x0036D8A8,08034911
0x0036D9EC,08070203
0x0036DA80,080403c4
0x0036DA9D,081e0d0b
0x0036DAB4,08030034
0x0036DB1F,080e7705
0x0036DB35,080a3717
0x0036DB3D,08010e0f
0x0036DB40,08003008
0x0036DB5B,080ede13
0x0036DB74,0808e505
0x0036DBBD,08182e30
0x0036DC78,08332f11
0x0036DC83,08340546
0x0036DCDE,08170034
0x0036DCE6,0801063b
0x0036DCFE,080f1781
0x0036DD0C,08387711
0x0036DD23,083e3117
0x0036DD3D,08403707
0x0036DD4B,08070025
0x0036DD51,084d103f
0x0036DD6E,080e0710
0x0036DDBD,0829300e
0x0036DDED,081c2020
0x0036DDF2,082e4b30
0x0036DE49,08130061
0x0036DF9F,082e3c11
0x0036DFA3,082e0039
0x0036DFB5,080b1721
0x0036DFBE,08172301
0x0036DFFF,083f0820
0x0036E01A,080b3131
0x0036E079,08007408
0x0036E0BF,080cef3b
0x0036E0E8,083f2132
0x0036E0FC,083c023c
0x0036E127,08131309
0x0036E147,08010621
0x0036E158,08400f02
0x0036E16D,0810b01e
0x0036E1AA,08104017
0x0036E1D4,0807001c
0x0036E1E1,082e3819
0x0036E1F4,08303457
0x0036E200,08080a11
0x0036E245,080f282c
0x0036E263,08033804
0x0036E265,080e0803
0x0036E279,08090e27
0x0036E2BA,08100113
0x0036E317,0803bd03
0x0036E34A,080528dd
0x0036E370,0802841c
0x0036E440,08331247
0x0036E458,0800ff07
0x0036E4A3,080c0c13
0x0036E4E1,080b1317
0x0036E4F8,080b0e0b
0x0036E51B,08030200
0x0036E5BC,08333939
0x0036E5BF,08293708
0x0036E62D,0813270b
0x0036E64D,08005a07
0x0036E699,08081c88
0x0036E6B1,08181f28
0x0036E6B2,0808181f
0x0036E6C7,0833070a
0x0036E6D0,08021f26
0x0036E6D6,08189200
0x0036E709,08041320
0x0036E729,08471541
0x0036E819,08130720
0x0036E82D,083a4499
0x0036E871,083e391f
0x0036E8FC,08000007
0x0036EB3E,08000107
0x0036EB90,0842001f
0x0036EE5E,08002c20
0x0036EEB6,0810121b
0x0036EFC8,08071704
0x0036F1D1,08404e10
0x0036F1F6,0810fd42
0x0036F1F9,08302d08
0x0036F260,08102745
0x0036F2DC,083333a7
0x0036F39E,0800302a
0x0036F3F8,08103300
0x0036F3FC,0810da25
0x0036F52D,08306466
0x0036F5AC,08201b28
0x0036F5CE,08202006
0x0036F5F3,08082d04
0x0036F5FE,0800308e
0x0036F613,08400f10
0x0036F66F,084f3083
0x0036F6D3,080e4007
0x0036F7C6,08100716
0x0036F7CF,080934e4
0x0036F810,0820e013
0x0036F854,08200f07
0x0036F871,08053058
0x0036F8DC,08270700
0x0036F91C,0810ef1d
0x0036FA43,0800cf42
0x0036FB29,0810e42b
0x0036FC7B,082d0700
0x0036FCFE,08400323
0x0036FDFD,083b008d
0x0036FEBC,08051c10
0x0036FFD6,08001c20
0x00370005,0830101c
0x0037010E,08105f6c
0x0037018C,08073009
0x003702B9,080f1205
0x0037037B,08100500
0x00370497,08305d10
0x003704AA,08201759
0x003704E0,0830280c
0x003704EF,0820ea11
0x0037051E,08000007
0x003707AA,08011807
0x003708DC,0800220a
0x0037094B,08503ea0
0x003709CA,0850c840
0x00370BCC,08202302
0x00370C71,08000124
0x00370C8C,08111327
0x00370C9C,08000f07
0x00370DAA,08009f19
0x00370E07,080f2016
0x00370E5C,08110341
0x00370EAB,08203801
0x00370EC0,08104210
0x00370F26,08000720
0x00370FD6,08404718
0x00370FE8,0800af31
0x00370FFF,080d0602
0x0037103A,08201310
0x00371133,08030117
0x0037116D,08121b10
0x0037117E,080740a2
0x003711AA,08061038
0x00371215,08482103
0x00371290,08103b16
0x003712E2,08003a38
0x003712EA,083a3824
0x003712EC,0836083a
0x003712EE,08010836
0x00371330,08450190
0x00371335,08208826
0x0037133A,08103733
0x00371429,08090023
0x00371454,0840ef45
0x0037145C,08047a10
0x0037157C,081b2850
0x003716EC,08202930
0x00371790,08481ec8
0x00371824,0830f1d7
0x003719D4,08363029
0x003719D7,08220108
0x00371A2A,08123229
0x00371A2E,08300f20
0x00371AAD,080f0d7f
0x00371AC9,08100645
0x00371AE0,084d1034
0x00371BF0,080c8f12
0x00371CD3,081a0019
0x00371D63,08521100
0x00371E32,08200001
0x00371EEE,08003044
0x00372017,08000003
0x00372040,08333a3a
0x00372276,080e0f13
0x003722D2,081f0e0b
0x003722E5,081a2b24
0x00372400,08102b42
0x0037241C,08002925
0x0037241D,08080029
0x0037260B,08341c00
0x00372644,081e1c05
0x003727AD,08000720
0x003727FE,08071007
0x00372836,08003334
0x0037284A,0800610a
0x00372850,0800b305
0x003728DA,08100a1f
0x00372912,08070020
0x00372918,082d4107
0x00372989,0810c8a5
0x00372A3D,08361f07
0x00372AE4,080b0b00
0x00372AE6,0804080b
0x00372B6B,0820a0b6
0x00372CD8,08108706
0x00372D6F,08002435
0x00372DA1,082c2610
0x00372E54,080e3836
0x00372E5A,080e36c6
0x00372ECA,0800d712
0x00372FB7,08411423
0x00373014,080e400f
0x0037314E,08121a28
0x00373173,08275b14
0x003731FD,083a3526
0x003732DA,08013006
0x003732F5,08330023
0x0037334D,08340700
0x003734B7,08298107
0x003734BC,0800ff02
0x003735E8,0833c70b
0x0037371E,08340700
0x003737E2,08040402
0x003737ED,08080a0d
0x003737F7,08021700
0x00373825,0806040e
0x00373994,0800fc02
0x00373997,080b0708
0x0037399A,08002308
0x00373B3D,080dd511
0x00373B45,0806200b
0x00373B6B,08047804
0x00373B9E,08070f07
0x00373C71,08047d06
0x00373C7F,080c0211
0x00373C80,08080c02
0x00373CB4,0842a906
0x00373CDE,08292004
0x00373CE9,0834332e
0x00373CF4,080b0f0d
0x00373CFE,080b0f11
0x00373D8B,08521028
0x00373DC2,0807101f
0x00373E61,08010b0b
0x00373E70,08410404
0x00373EEB,0816050c
0x00373FCF,080a0fbd
0x00373FD9,08163004
0x00373FFB,08400b3e
0x00374056,080d1e5f
0x00374126,0801b051
0x00374132,08041503
0x00374149,080dfd11
0x003741A2,08342334
0x00374471,08065b0d
0x00374476,080d0b06
0x0037448D,08043006
0x00374672,08116b01
0x00374825,081f3338
0x00374832,082f5506
0x003748E5,0811680c
0x00374962,08282ae7
0x0037498B,08072011
0x003749B3,080be400
0x00374A19,08224818
0x00374B68,08000007
0x00374C83,08170018
0x00374F45,08060200
0x00374F46,08080602
0x00374FC0,08103700
0x00375096,080b1716
0x003750B5,080c0a00
0x003750CB,080f0019
0x00375144,080700b5
0x00375190,08331189
0x00375195,083a3106
0x0037519B,0802010b
0x0037519F,081e1e12
0x003751B1,0840162f
0x0037523C,08224737
0x0037526A,08020710
0x003752AD,08100218
0x0037530F,08401d1f
0x00375330,0820810c
0x0037535A,08101266
0x003753AD,0810150c
0x003753B3,08050413
0x003753C3,0811cd06
0x003753CE,080f1aaf
0x003753F8,0809fe40
0x00375406,0810bb21
0x0037545D,08363528
0x00375477,08077e4b
0x003754DE,080f1a17
0x0037550C,080c021a
0x00375553,08041a4a
0x00375565,08090a13
0x003755F9,0818015c
0x00375622,08090f05
0x0037565D,08069b21
0x0037569F,08201718
0x00375712,080207e0
0x00375761,080f2023
0x00375920,0802045f
0x003759C0,08100790
0x003759C7,08000760
0x003759D8,08009107
0x00375A09,082e3913
0x00375AA0,080418a0
0x00375B22,080b0424
0x00375BE6,08141858
0x00375D5C,08100604
0x00375DD2,08141b00
0x00375DF7,08111409
0x00375DF8,08081114
0x00375E19,0807101d
0x00375E68,08386903
0x00375E75,081e0118
0x00375E81,08343917
0x00375E9E,0807205b
0x00375F08,08071087
0x00376019,080120df
0x0037608E,083e26c2
0x00376154,08180210
0x003761F3,08403717
0x00376220,0819033c
0x00376254,080c0ad8
0x00376262,08090001
0x003762DD,0800572a
0x00376303,0802120f
0x0037631C,0804181a
0x00376337,080f1013
0x0037638D,08002529
0x0037639D,08001829
0x00376480,080218ef
0x003764E1,0810bd0d
0x0037661B,080200cb
0x003767DC,08121204
0x003767E5,080c1118
0x00376827,0807201b
0x00376870,080c1b48
0x0037694E,0818620e
0x00376A2A,08000700
0x00376C4E,08421040
0x00376C52,08421461
0x00376C69,08290720
0x00376D2C,08330b04
0x00376D30,08108740
0x00376D5D,080a1300
0x00376D89,08000100
0x00376D9A,08010542
0x00376E07,08060608
0x00376E1F,08080a0a
0x00376E47,08140204
0x00376E50,0813030c
0x00376E68,080a0610
0x00376E6C,08004e01
0x00376E7B,08103634
0x00376E7D,08110810
0x00376F0A,08033308
0x00376F57,08383737
0x00376F66,08202e0a
0x00376F68,08350820
0x00376F86,08121a10
0x00377039,080c0707
0x00377078,08060102
0x003770D0,081c2225
0x00377185,08332b2a
0x00377266,08238817
0x003772F1,08000f20
0x0037734E,08202512
0x0037739F,08330633
0x003773A5,0833022c
0x003773B8,080f05a3
0x003773DF,082e2f01
0x003773EE,08331c2d
0x00377412,08003810
0x0037741B,085a022b
0x0037742B,08282b10
0x0037744D,08330215
0x003774C3,08101025
0x00377506,08101128
0x00377526,08334005
0x003775EA,083e0a03
0x00377639,08333fb7
0x00377652,082a0028
0x0037765C,08332806
0x0037768D,08302822
0x00377755,08040021
0x003777C2,08442029
0x0037784B,08330126
0x003778EC,08086731
0x00377927,08130ac7
0x003779AD,08031606
0x003779B7,080502eb
0x003779CE,08006c00
0x00377A78,080300d6
0x00377A9F,08200033
0x00377AC3,08101514
0x00377AFD,08001e0b
0x00377B03,08331f1c
0x00377B31,0803131f
0x00377B66,08020af1
0x00377B6D,08000e1f
0x00377B8B,08121413
0x00377B9F,080bbe13
0x00377BB1,083b0003
0x00377BB6,080e1504
0x00377BF5,0801228d
0x00377C03,08050a01
0x00377C1B,0808d063
0x00377C1D,08080808
0x00377C42,081b1115
0x00377CDD,08021d22
0x00377CF1,0806060b
0x00377D5C,080f2716
0x00377D5D,08080f27
0x00377D60,08060a08
0x00377D87,083f2e04
0x00377E18,08100dcb
0x00377EA1,08403701
0x00377EEF,08082a59
0x00377F44,0800120d
0x00377FCF,080e120a
0x00377FED,08007016
0x003780AE,08051f3e
0x003780B9,08331234
0x003780C6,080d0100
0x003781AD,08201f1c
0x003781B4,080c0520
0x00378229,0810c72d
0x003782FE,0851020a
0x003783C3,080d0eef
0x003783DA,08100528
0x00378428,0817156f
0x00378441,08331314
0x00378452,08051d1c
0x003784B0,08409a32
0x003784B5,0810d106
0x003785A3,0805100b
0x003785AB,08337f79
0x003785C1,080a1b1f
0x003785D6,08331c03
0x003785E4,08330634
0x00378600,080a2f2a
0x00378602,081e080a
0x00378625,08323f3f
0x0037864A,08203f20
0x0037864E,08103010
0x00378667,08203c00
0x0037867D,08000700
0x00378689,080b000a
0x0037882A,08410421
0x0037882C,08420841
0x00378845,08392421
0x00378937,0801f001
0x00378A26,083b0072
0x00378A8D,08087750
0x00378B0B,083f7035
0x00378B9D,080c140c
0x00378BA4,0807301e
0x00378BDD,082c1f00
0x00378C18,080701a0
0x00378E0A,080afd00
0x00378E66,080790e6
0x00378EB2,08083ca0
0x00378EBA,0801011f
0x00378F96,08052818
0x00378F9D,080a0400
0x003790A2,081e2121
0x003790CA,08343229
0x0037928A,0801b02b
0x003792C1,08082f01
0x003792E7,0807109b
0x0037933A,0836a707
0x0037939C,0801e0af
0x003793DF,08273834
0x00379487,08000f43
0x003794A5,08109500
0x003794A9,08009e20
0x00379503,08112225
0x00379534,08332c1d
0x0037959D,080c08fd
0x00379672,08204200
0x00379678,08001207
0x0037967B,08101a08
0x0037972F,0807007d
0x0037979D,082fbf15
0x003797F3,08100251
0x00379871,08393719
0x003799A7,081e177f
0x003799D9,08107816
0x003799E7,084f56a9
0x003799E9,0840084f
0x00379A40,0832f515
0x00379ACB,08100f1f
0x00379B66,08230930
0x00379B8F,0800cf51
0x00379C90,08071030
0x00379D21,08004f2f
0x00379DA2,0804291f
0x00379E5A,081401b6
0x00379F18,08078001
0x00379F39,08060710
0x00379F73,08003207
0x0037A05D,084001fc
0x0037A09D,080748ef
0x0037A0A1,0807a017
0x0037A131,08000700
0x0037A289,08072043
0x0037A2B9,08000700
0x0037A52A,08420c40
0x0037A54F,082d0700
0x0037A5FA,08369d04
0x0037A6A3,08112817
0x0037A74A,08104531
0x0037A791,08369785
0x0037A7F4,08379bbb
0x0037A81E,08008880
0x0037A85F,0833206d
0x0037A893,08377b97
0x0037A90B,08106334
0x0037A99D,08160077
0x0037AAE5,084699bb
0x0037AB3B,08379d05
0x0037ABBA,0800b007
0x0037ABCB,08099952
0x0037AC43,08130d7b
0x0037AC4D,08004100
0x0037AD04,0810c0c0
0x0037AD25,08005a01
0x0037AD7E,08000376
0x0037AE55,08000700
0x0037AFD1,08102df0
0x0037AFD7,08040126
0x0037AFDD,08000a05
0x0037AFFF,08010415
0x0037B00C,081f0010
0x0037B00D,08081f00
0x0037B027,080a0710
0x0037B0A1,0808c601
0x0037B0A3,08030808
0x0037B0A9,08021900
0x0037B0DD,0811201b
0x0037B133,080a1b6a
0x0037B143,08150026
0x0037B1F9,080da750
0x0037B246,08061001
0x0037B295,08030707
0x0037B299,08020504
0x0037B2AD,08030380
0x0037B331,0833281c
0x0037B46D,0800110a
0x0037B505,08230039
0x0037B54D,080c2602
0x0037B6BB,08002144
0x0037B7C7,0820c70a
0x0037B835,0800f109
0x0037B83B,0800b907
0x0037B840,08200720
0x0037B960,083a3e33
0x0037BA8F,08503333
0x0037BAF5,080d000f
0x0037BBCA,0800ff0f
0x0037BCC0,08151005
0x0037BCE0,0840ef27
0x0037BCE7,08002d07
0x0037BD80,08400d47
0x0037BDA7,080007b0
0x0037BDC4,08002f23
0x0037BDF0,0800ca15
0x0037BDFB,08091800
0x0037BE6B,083c3f3c
0x0037BF06,0800c842
0x0037BF07,080800c8
0x0037BF09,08100808
0x0037BF0E,08000611
0x0037BF13,0800df1a
0x0037BF2E,08104b10
0x0037BF38,0810cf82
0x0037BF4B,0800cf42
0x0037C068,080b000a
0x0037C084,08170016
0x0037C0C5,08330032
0x0037C1A5,0834cb2c
0x0037C29D,08003f97
0x0037C590,0800afb4
0x0037C5BB,0800ee03
0x0037C66B,08030167
0x0037C836,08000704
0x0037C8C0,08420041
0x0037C8DF,08440010
0x0037C98D,0800ff22
0x0037C990,0800ff08
0x0037CC89,08005685
0x0037D05E,08338983
0x0037D220,08018084
0x0037D2C1,08008240
0x0037D62B,08000007
0x0037D64F,08170016
0x0037D6B4,08430042
0x0037D6F3,080c005d
0x0037D8E8,080184bb
0x0037DD2E,084614f8
0x0037DE62,082f4233
0x0037DEA0,080b0468
0x0037E3BA,080b000a
0x0037E462,08509520
0x0037E547,08061006
0x0037E56F,08040e00
0x0037E695,083a271e
0x0037E697,0800083a
0x0037E6BB,08401603
0x0037E6CE,080720c2
0x0037E7BF,08060205
0x0037E836,08110207
0x0037E83B,08061507
0x0037E83F,08072001
0x0037E861,080770bf
0x0037E867,08333a00
0x0037E90C,08001605
0x0037E9E4,08404d10
0x0037EA1B,083600a3
0x0037EA41,080ef043
0x0037EA6E,08011e13
0x0037EACF,083b2d21
0x0037EAD8,0800321d
0x0037EB84,080e0101
0x0037EBA5,08400411
0x0037ED07,08280a18
0x0037EDF1,0804045e
0x0037EDF2,08080404
0x0037EE35,0824c411
0x0037EE70,08269500
0x0037EE89,08201700
0x0037F01E,080160e6
0x0037F045,08067b04
0x0037F066,083b1af2
0x0037F076,08001f20
0x0037F11B,0810a81d
0x0037F1AE,08101d01
0x0037F1B1,08402e08
0x0037F1C3,082f0027
0x0037F1F5,08401890
0x0037F235,08110750
0x0037F299,0811c518
0x0037F2C4,080710bc
0x0037F305,08136b02
0x0037F30A,0809102d
0x0037F347,080130e2
0x0037F493,0840104b
0x0037F533,0801f001
0x0037F558,08110a02
0x0037F563,08224208
0x0037F59D,08100b23
0x0037F639,08011237
0x0037F63A,08080112
0x0037F663,08273b37
0x0037F664,0808273b
0x0037F6C3,08000f18
0x0037F6C4,0808000f
0x0037F710,0830213b
0x0037F714,0820cd00
0x0037F731,0810055d
0x0037F798,08021917
0x0037F79A,08110802
0x0037F7A1,0801b000
0x0037F8B2,08193318
0x0037F8FD,080f006f
0x0037F931,08000700
0x0037F94B,08120011
0x0037F955,08160015
0x0037F95F,081a0019
0x0037F985,082a0029
0x0037F9AB,08390038
0x0037FA8A,08410c20
0x0037FAAD,081ce91c
0x0037FB97,0801f001
0x0037FC86,083b0072
0x0037FCED,08087750
0x0037FD6B,083f7035
0x0037FDFD,080c140c
0x0037FE04,0807301e
0x0037FE3D,082c1f00
0x0037FE78,080701a0
0x0038006A,080afd00
0x003800C6,080790e6
0x00380112,08083ca0
0x0038011A,0801011f
0x003801F4,080558b9
0x003801FC,080a0400
0x00380301,081e0021
0x0038032A,08343229
0x003803B0,08011001
0x003804D8,0801b02b
0x0038050F,08082f01
0x00380535,0807109b
0x00380588,0836a707
0x003805EA,0801e0af
0x0038062D,08273834
0x003806D5,08000f43
0x003806F3,08109500
0x003806F7,08009e20
0x00380750,08112225
0x00380780,08332c08
0x003808BF,0820aa42
0x003808C5,08001207
0x003808C8,08101a08
0x0038097C,0807007d
0x00380A40,0810a202
0x00380A6B,08091802
0x00380ABE,08393719
0x00380B25,08400432
0x00380C52,0810f816
0x00380C62,084008cf
0x00380CB9,08327516
0x00380D45,08100f1f
0x00380E42,0800cf52
0x00380F2C,080750bf
0x00380F42,080710b0
0x00380FD6,0820f307
0x0038100E,08363b00
0x00381011,08212b08
0x003810E4,0827383b
0x00381151,08042639
0x003811F2,08078001
0x0038124D,08003207
0x00381254,080f3832
0x003814CF,08000700
0x0038158C,08074030
0x00381598,08078019
0x0038159B,08291808
0x00381630,0810303c
0x0038169F,083b243a
0x003816DE,08073027
0x00381711,08000700
0x00381977,08010701
0x003819BE,08420c40
0x003819E3,082d0700
0x00381B02,08010d00
0x00381BE5,08010100
0x00381DBE,0835c32a
0x00381ED4,0826252f
0x00381FCA,080b2c0c
0x00382046,0834272a
0x0038204E,084e10a1
0x0038225F,080920d7
0x003822F2,0800fd5b
0x00382354,08012015
0x003823D0,08112168
0x00382417,081200a7
0x003826CE,08216a1f
0x003827C4,0800fbaf
0x00382889,08212e2f
0x00382B37,0802261b
0x00382B38,08080226
0x00382C37,083b0c26
0x00382F47,08000700
0x003830E4,08420421
0x00383209,08003a41
0x00383210,08202b38
0x0038321E,0800810d
0x0038327A,080d2b3a
0x0038329B,081dc540
0x003832C3,0800872c
0x00383421,08013a3a
0x00383466,08333a28
0x00383499,0840e52f
0x003834AC,08001d01
0x003834DA,08000713
0x0038350A,08000101
0x003836EC,08001f06
0x0038375F,08006110
0x00383778,08101405
0x00383787,08002d45
0x0038378E,08286500
0x003837B2,08346300
0x003838C5,083a3a34
0x003839F3,080b262c
0x00383A58,08062b31
0x00383A6E,08021339
0x00383A75,0802121a
0x00383A76,08080212
0x00383A81,08070108
0x00383A8C,08202a12
0x00383A93,08387719
0x00383AA1,0810ae04
0x00383AA2,080810ae
0x00383AAB,08081438
0x00383ADC,08030d36
0x00383AE6,082a00df
0x00383AE7,08082a00
0x00383AEE,08088d10
0x00383B12,080c3410
0x00383B36,081e1e10
0x00383B3E,0804cd04
0x00383BCC,080d3d3d
0x00383C05,08401357
0x00383C33,083e3c39
0x00383CB0,0820242b
0x00383CC6,080e011e
0x00383D01,081be759
0x00383D82,0810376b
0x00383E02,085605d0
0x00383E18,0803060b
0x00383E4A,08200c14
0x00383EAB,08072025
0x00383FC8,0803a420
0x00383FCD,08046b31
0x00383FF9,08032203
0x00383FFF,080408aa
0x00384007,08037c03
0x0038400C,083e1c01
0x0038401D,08141736
0x003840CE,0840c7cc
0x003840EB,08091c20
0x00384144,0810163c
0x00384150,0800ea13
0x003841C0,0840f38c
0x003841E0,08401507
0x00384219,0840f017
0x00384291,0806101c
0x00384320,08150b4f
0x003843CE,0850706c
0x003843D7,0840df28
0x003843EA,080c1214
0x00384430,0800be08
0x0038443C,084d101f
0x003844C3,08000f30
0x00384518,08002f48
0x0038456E,08101506
0x00384575,08087c04
0x003845DB,08131f39
0x003845F9,08504803
0x0038465D,0802960f
0x0038474F,08003b1c
0x00384812,08000007
0x00384819,080b000a
0x0038486F,082e002d
0x00384884,08000e3b
0x00384BEA,08105e01
0x00384BF5,08400f88
0x00384D05,08301515
0x00384D7C,08473639
0x00384DDE,0810321d
0x00384DE6,08002c04
0x00384E21,0840012d
0x00384E28,08021c13
0x00384E6B,0802070a
0x00384E92,08100e1a
0x00384E9B,08101807
0x00384EF9,081d3f07
0x00384F36,084d0302
0x00384F37,08084d03
0x00384F3B,08020402
0x00384F3E,08071008
0x00384F46,08030102
0x00384F48,08000803
0x00384F4F,08060001
0x00384F64,083f018d
0x00384F65,08083f01
0x00384FE8,08020f08
0x00384FED,08011601
0x0038500F,0808120b
0x00385073,08001a25
0x00385088,081af201
0x00385089,08081af2
0x00385171,08001202
0x003851B6,080b0710
0x003852BA,08003a19
0x0038530C,08211a14
0x00385348,084e12aa
0x0038535B,080b1600
0x00385369,08150861
0x0038539E,08101e20
0x00385431,08251915
0x0038551F,0800193a
0x0038554D,08401c0f
0x0038559E,08213f21
0x003855DE,0808e603
0x003855FE,08201401
0x00385641,08101306
0x00385681,083a3d35
0x00385730,0828e801
0x003857C7,08000c19
0x003857F9,0840862f
0x00385A03,08031303
0x00385BE8,084276a5
0x00385BEE,08430407
0x00385BF1,08186108
0x00385BF4,08260408
0x00385CC9,08173304
0x00385CCF,08012537
0x00385CE0,08100313
0x00385D12,08360500
0x00385D51,08101b36
0x00385D8F,083a6610
0x00385D94,080e1022
0x00385DC6,0842101c
0x00385DF6,0810ff20
0x00385E09,08401649
0x00385E0B,08380840
0x00385E29,08004220
0x00385E77,08005f01
0x00385E96,08112e07
0x00385EAB,08050710
0x00385EBE,08340710
0x00385EE0,0806230a
0x00385EF1,083a0712
0x00385F0F,0839b831
0x00385F7E,0806000e
0x00385FA5,08100f00
0x00386031,0809103d
0x00386084,08008121
0x0038609F,08000a38
0x003860F3,08423c03
0x003861A9,081ac902
0x003861DD,08241400
0x00386266,080210ff
0x0038627B,08102c04
0x003862D1,084e0250
0x00386367,08131300
0x003863E8,08071036
0x00386453,0803060a
0x00386467,08280022
0x003864BA,08101007
0x0038650B,080c1719
0x0038650C,08080c17
0x0038658B,084d7332
0x00386617,0800014d
0x0038662C,08130213
0x00386672,08001f3b
0x00386696,08402501
0x00386778,08372741
0x00386785,08040110
0x00386792,08090909
0x00386796,0801100b
0x003867A1,080e1020
0x003867B2,08330c18
0x003867B8,08100710
0x0038683F,0812203f
0x003868AF,08100a20
0x003868D9,08362820
0x00386901,080c1214
0x0038695D,08102026
0x00386986,08101925
0x00386A84,08090507
0x00386A8D,080f2008
0x00386B3B,08009917
0x00386B41,08001f15
0x00386B5C,08040224
0x00386BC1,08032010
0x00386C00,0835381c
0x00386C6A,0800974a
0x00386C9E,08090b6f
0x00386CA2,08070006
0x00386CC2,08395834
0x00386D65,0839393a
0x00386D9B,08001934
0x00386DCE,0801011f
0x00386DF3,08010005
0x00386FDA,08114210
0x0038705C,083b0730
0x00387098,0801002a
0x003870E0,0808e304
0x003870E1,080808e3
0x003870FD,08060100
0x00387111,08376206
0x0038716C,08066c70
0x00387187,080720be
0x003871C3,0810fda2
0x0038733C,08352f2e
0x00387388,08330673
0x00387427,08100700
0x00387430,08100700
0x00387452,084701f0
0x0038751C,08206c09
0x00387539,08201034
0x00387596,08406b01
0x0038766B,0801101b
0x0038767A,08000055
0x00387682,08000700
0x0038768A,0820e007
0x0038768E,08000710
0x003876E2,0825613b
0x0038778D,080e1a1c
0x003877CF,0820229c
0x0038783D,08071070
0x0038785A,08008224
0x003878C4,084003d1
0x0038791C,0802037e
0x00387958,0822ff30
0x00387992,08010640
0x003879BE,0806bf50
0x00387A15,0805051c
0x00387A46,083e4010
0x00387AE0,08000700
0x00387B90,0850004f
0x00387DC2,08333a13
0x00387E0B,08003b1d
0x00387E6E,08403435
0x00387EB8,08111004
0x00387ECA,083b1034
0x00387F86,08000640
0x00387FBE,08013820
0x00387FE2,0803100f
0x00388060,08002511
0x00388089,0802332b
0x00388096,080f0012
0x0038816C,082b024b
0x003881E9,080f001f
0x00388246,0802032f
0x0038829B,08111b0d
0x003882E7,08362d11
0x003883F7,082a2118
0x0038840E,08010321
0x00388411,0805c508
0x0038842A,080c0e1d
0x00388485,080514db
0x00388498,081302ba
0x003884A1,083b3120
0x0038862B,08102b3a
0x0038865F,08120140
0x00388668,08090925
0x0038866A,08000809
0x00388675,08011008
0x0038867E,0800c922
0x003886ED,08010a2e
0x003886F0,081c1c08
0x00388773,08123407
0x003887DE,08102012
0x003887E3,0833c61c
0x00388846,080f040f
0x00388874,08133a07
0x00388896,083b3b3b
0x00388902,08074170
0x00388917,080d4111
0x0038891B,082837dd
0x0038894C,08401167
0x0038897C,080e2e1e
0x003889AA,08003924
0x00388A37,08071012
0x00388A5D,0800dc07
0x00388A6C,08052d0f
0x00388ADD,08090309
0x00388DCA,080e010a
0x00388F10,0807106e
0x00388F1B,08440d23
0x0038901F,0802610f
0x003890DD,08013741
0x00389182,084d112e
0x00389200,080d0122
0x0038920D,080e3734
0x00389224,0811070e
0x003892E6,08508469
0x003892F6,08107704
0x00389472,08030231
0x00389477,082a221f
0x003894F1,080e162d
0x00389529,08040873
0x0038955C,08112427
0x00389598,08003510
0x003895DB,08000007
0x0038964B,08330032
0x00389776,080600a8
0x00389778,08060806
0x003897A0,08420422
0x00389839,081e1e0d
0x00389851,081e1301
0x00389862,080c0013
0x00389866,08020204
0x00389876,0806204c
0x00389891,08015023
0x00389A26,08010019
0x00389B4D,08120a49
0x00389B65,08218c26
0x00389BEC,0805101e
0x00389C26,0810221a
0x00389C65,080a292a
0x00389C66,08080a29
0x00389C67,0808080a
0x00389C9E,08139605
0x00389CA1,08060608
0x00389CC0,0806010b
0x00389D1B,0809020a
0x00389DAF,08021515
0x00389DDE,08011e26
0x00389E11,08209268
0x00389E9A,08051800
0x0038A035,0803050b
0x0038A054,08393c39
0x0038A081,0810041e
0x0038A0BC,0804261f
0x0038A109,08172aec
0x0038A200,08052a16
0x0038A221,0807da0f
0x0038A25C,08077801
0x0038A38C,08003da0
0x0038A49D,080316ca
0x0038A4A2,081d1404
0x0038A688,08370414
0x0038A74D,08000213
0x0038A7C7,080d0730
0x0038A7EF,080d5d04
0x0038A82A,0830312d
0x0038A846,082405bf
0x0038A8C1,0803052a
0x0038A8F6,08093936
0x0038A94B,08401307
0x0038A95A,08507f25
0x0038AA01,08002c0c
0x0038ABC5,084d301e
0x0038ADAC,08001333
0x0038ADDE,08112c07
0x0038ADF1,08380c1e
0x0038ADF8,0820082d
0x0038AE08,082d059f
0x0038AE33,084007c5
0x0038AF35,080f2701
0x0038B020,08030507
0x0038B0DD,08000700
0x0038B164,081a003c
0x0038B1FF,08543d00
0x0038B2B6,08420824
0x0038B2D3,08188e1c
0x0038B3FE,08392200
0x0038B575,08101a29
0x0038B610,083e3993
0x0038B6A4,08385404
0x0038B8DF,083d4402
0x0038BA42,08061303
0x0038BAB8,08109904
0x0038BB53,082006d6
0x0038BC50,0830362a
0x0038BE35,08303024
0x0038BF5A,08031407
0x0038BF90,08010306
0x0038BFA6,08120007
0x0038BFC9,08041a0b
0x0038BFDF,08070d00
0x0038BFEF,0800120f
0x0038C024,080f0100
0x0038C026,0801080f
0x0038C02D,08120d15
0x0038C04B,08151b33
0x0038C058,083d4802
0x0038C06D,08000012
0x0038C08C,08008415
0x0038C0F9,083e33a0
0x0038C1A1,080e1333
0x0038C27A,080b0620
0x0038C3B8,084d0066
0x0038C3D7,080d3410
0x0038C419,0801001e
0x0038C577,08106a05
0x0038C593,08350903
0x0038C628,08192601
0x0038C643,08152700
0x0038C6A9,081ac500
0x0038C75D,081e180d
0x0038C790,0827257d
0x0038CACE,08111212
0x0038CAD3,08060007
0x0038CB75,08393e36
0x0038CBA8,08201431
0x0038CD06,0810300a
0x0038CD34,08063d0a
0x0038CE2D,081a03b2
0x0038CE49,08070a1a
0x0038CE4A,0808070a
0x0038CE61,08041e12
0x0038CE6E,081e0005
0x0038CE77,08070005
0x0038CF53,0800313a
0x0038CF82,08373d44
0x0038D005,0842373d
0x0038D053,08072009
0x0038D1BA,080018c3
0x0038D20A,0810ff3e
0x0038D437,081a2c00
0x0038D471,08120700
0x0038D4A7,0810260a
0x0038D4D3,08130507
0x0038D509,083a3430
0x0038D50A,08083a34
0x0038D538,08153bdc
0x0038D56E,08000007
0x0038D730,08412640
0x0038D7C2,0840321b
0x0038D81C,08002a14
0x0038D9F4,08283020
0x0038DB5E,08100c0e
0x0038DC17,08000f33
0x0038DC20,08103a0c
0x0038DCD7,08001139
0x0038DCE8,08000d3f
0x0038DD31,08501010
0x0038DD8C,08504f58
0x0038DD97,08101803
0x0038DE38,08100e00
0x0038DE3C,08002e3a
0x0038DE4B,08393839
0x0038DE70,08103a3f
0x0038DE7A,081c3c0e
0x0038DED2,08031c09
0x0038DF5A,08282737
0x0038E0EC,0840f63f
0x0038E104,084a0107
0x0038E196,08002f04
0x0038E1A4,080a0704
0x0038E24A,082c2d56
0x0038E3A7,083e3e3a
0x0038E3C8,082a2c0e
0x0038E458,080d1104
0x0038E58A,084f0c55
0x0038E5AE,08411060
0x0038E616,08016007
0x0038E61B,08382001
0x0038E61F,08333333
0x0038E621,08000833
0x0038E630,08010826
0x0038E631,08080108
0x0038E632,08080801
0x0038E63F,08083006
0x0038E814,08010204
0x0038EA0B,08402910
0x0038EA13,08022927
0x0038EB24,083e0910
0x0038EC56,08015b02
0x0038EC5C,08011d00
0x0038EE41,08005726
0x0038EE6A,08473914
0x0038EE74,08500a1e
0x0038EF16,083f615f
0x0038F011,08018001
0x0038F09A,08204200
0x0038F0D1,08103640
0x0038F179,084a0001
0x0038F265,083f3f3a
0x0038F2B7,08003f63
0x0038F33B,083b20c7
0x0038F35C,08072015
0x0038F363,080f102f
0x0038F482,08000f0b
0x0038F4BF,08022317
0x0038F4CD,0840363d
0x0038F5CB,08074003
0x0038F5F4,0807ca19
0x0038F62F,084601f0
0x0038F678,08409f91
0x0038F688,0840fb0b
0x0038F6CF,08003739
0x0038F756,08014001
0x0038F763,08034832
0x0038F767,0801f133
0x0038F882,08010710
0x0038F887,08030700
0x0038FA00,08211e0b
0x0038FA8E,08000711
0x0038FC77,0818e814
0x0038FF09,082d10a0
0x0038FF11,083e1a33
0x0038FF41,083a3a3a
0x0038FF98,080f3710
0x0038FFBB,0800200b
0x00390194,08070017
0x003902CE,083e011a
0x003902F7,08033653
0x00390346,08073ccf
0x0039043F,08109804
0x00390614,080110a8
0x00390621,083a0730
0x00390670,080a033e
0x00390674,08273530
0x00390676,08000827
0x003906D4,0800267b
0x0039080D,083e0a47
0x0039083B,0833203e
0x0039087B,080f0120
0x0039089A,08102eb6
0x00390916,083a7021
0x00390946,084306bf
0x003909E8,08105b80
0x00390A9B,0800113a
0x00390AB8,08038700
0x00390B2E,08010001
0x00390B4A,08006fe3
0x00390B4B,0808006f
0x00390C7D,08100219
0x00390CAF,083c41b7
0x00390CDB,083e07c0
0x00390CEE,0846041d
0x00390CF0,08160846
0x00390D0C,08122024
0x00390D1F,081218c9
0x00390D54,08400516
0x00390D5B,0814160d
0x00390D9C,083ef203
0x00390DD3,08430114
0x00390DF1,083efb05
0x00390E27,08019211
0x00390EE0,08356c3e
0x00390F2C,081013c3
0x00390FB3,08023e18
0x0039103D,082a000d
0x003910E7,08270514
0x00391133,08402620
0x0039114C,08008705
0x003911C1,0801902d
0x003913E6,08426bbf
0x00391554,08100710
0x00391587,080e0700
0x003915A9,080b0720
0x003915B8,08203000
0x003915BB,08390008
0x003915F6,08050701
0x00391609,08400750
0x0039160D,08300770
0x00391611,08400244
0x00391682,08252526
0x00391684,08380825
0x0039168D,08000f0f
0x00391719,080720af
0x00391769,0840303c
0x003918BC,080c0f56
0x0039197E,08020002
0x0039199A,08002108
0x0039199B,08080021
0x003919DC,08090006
0x003919E8,0801a610
0x00391A95,08062338
0x00391AA7,08191b2a
0x00391AC8,081d0a30
0x00391C38,080600c0
0x00391C95,08008f97
0x00391CAA,080a0720
0x00391CB6,080e1807
0x00391CB7,08080e18
0x00391D5B,0805011c
0x00391E04,083b01be
0x00391E0E,08068c08
0x00391E1B,0819fd27
0x00391E3E,080a040f
0x00391E49,08040131
0x00391E78,08060232
0x00391E83,08012a02
0x00391EF6,083f39f0
0x00391F85,0800330a
0x00391FD6,08339b0f
0x00391FFD,08002f31
0x00392054,08200f10
0x00392090,08060013
0x00392098,080c0a0c
0x0039209E,084e1711
0x003920A6,080c4e07
0x003920DB,08200b00
0x003920F1,08080700
0x003920F2,08080807
0x00392116,08000d03
0x0039216A,08030515
0x00392178,0804060c
0x003921A4,08270c0c
0x0039221A,0802cf06
0x00392244,08026617
0x00392269,08061219
0x003922AC,0804f507
0x003922B1,081f3c25
0x003922B4,08012508
0x003922BA,081f3538
0x003922BD,080a1e08
0x003922CF,08100235
0x003922E5,08330b0a
0x00392306,0800380e
0x0039230A,080a0b06
0x0039249F,080c100e
0x003924F1,08370089
0x003924F3,08060837
0x003924F7,08066d17
0x00392508,0800e604
0x0039250F,0804041d
0x00392511,08000804
0x00392558,08200710
0x0039255F,080c5210
0x003925A2,080a5037
0x003925EA,08202104
0x003925F2,0803210c
0x00392647,084d160f
0x0039264E,08050012
0x00392683,08033539
0x0039269E,08010339
0x003926B3,080f1b3b
0x003926E6,0806101d
0x00392720,08082d3e
0x003927AA,0801106f
0x003927AC,08400801
0x00392889,08111313
0x00392899,08200c32
0x00392929,08400611
0x0039292F,0811060e
0x00392957,08041221
0x00392A22,0811211f
0x00392B09,080c2a04
0x00392B13,08013e08
0x00392B31,08030a0b
0x00392B40,080f1f23
0x00392CFF,081e1e18
0x00392D3C,080e1610
0x00392D4D,08171a00
0x00392D58,080e0c18
0x00392D7A,08211ffc
0x00392DDF,08032103
0x00392E11,080f180c
0x00392EA3,080a1223
0x00392ECB,08030102
0x00392ECC,08080301
0x00392ED8,08190614
0x00392F22,0810040f
0x00392F3E,080e2097
0x00393030,0804002e
0x00393087,0802df26
0x003930F0,081e1a06
0x00393111,080e4910
0x00393145,08111f18
0x00393152,0811ba26
0x00393161,08030c11
0x00393183,08040b04
0x003931AA,08040a01
0x003931DF,08060c0e
0x003931E0,0808060c
0x00393219,08023818
0x00393224,08420a01
0x0039327C,083a17a3
0x00393401,080c130e
0x0039340B,0811130c
0x0039340C,08081113
0x00393425,080c7800
0x00393427,0808080c
0x00393446,08040c11
0x00393458,08104e00
0x0039345F,0810440b
0x00393479,084006c6
0x0039349D,0800034d
0x00393500,0810ed03
0x00393665,081c1c3c
0x003936E5,080c8f14
0x00393715,080b0a04
0x00393729,08030412
0x00393797,08441f12
0x0039379F,0800810c
0x003937A2,08060a08
0x00393811,08000700
0x00393A60,082a0102
0x00393B9A,08343400
0x00393B9F,080b0b0b
0x00393BA6,08100720
0x00393BC4,08070507
0x00393BD1,083f3d32
0x00393C01,08080b04
0x00393C04,08003508
0x00393C0A,08050b0b
0x00393C0B,0808050b
0x00393C1A,08000203
0x00393C20,080b0702
0x00393C46,08313131
0x00393C61,08073f00
0x00393C66,084b070a
0x00393C81,08313007
0x00393CA6,0816003d
0x00393CE5,0808db00
0x00393CFC,08010c14
0x00393D20,08010201
0x00393D68,0802b512
0x00393DB7,080b8012
0x00393DBD,08010035
0x00393DC0,08021d08
0x00393DC1,0808021d
0x00393ED9,08490712
0x00393EE8,0840d294
0x00393FBD,084e0407
0x00393FE8,08209d0f
0x00393FFB,08063010
0x00394006,0808311d
0x0039406F,0850112d
0x00394084,08090013
0x003940AE,0814003a
0x003940D6,0807402a
0x003940EB,0845bc06
0x003940EC,080845bc
0x003940EE,08400808
0x00394107,08000f00
0x0039416F,084d1224
0x0039420A,08442423
0x00394233,08533007
0x0039423F,083502b0
0x003942BF,08232100
0x003942E3,084c0b37
0x003942EE,08011b0f
0x00394328,0805db01
0x0039432E,08074f12
0x0039435B,08022831
0x003943DE,08350217
0x00394402,08101b1d
0x003944CB,08061813
0x0039454F,08170136
0x00394588,0810130c
0x00394611,0804160b
0x00394620,08023a29
0x00394625,08090c31
0x003946A1,08252110
0x003946C5,083e19d5
0x003947A7,08070d11
0x003947BD,0801040d
0x003947C4,083902a9
0x00394802,083e142b
0x003948F3,08131c17
0x003948FE,08000502
0x0039492A,08450089
0x0039493A,08110d01
0x0039496C,08012e31
0x0039497E,08312c18
0x00394A2F,08120b0b
0x00394A56,080b0705
0x00394A5A,083f2700
0x00394A70,08381100
0x00394A7D,08203005
0x00394AC3,083e9f36
0x00394AF0,08200710
0x00394AF6,08002013
0x00394B03,08373c81
0x00394B58,0850080a
0x00394BD6,080c0905
0x00394BE9,08002968
0x00394C02,0827340f
0x00394C78,0840fa07
0x00394CD5,08120700
0x00394CD7,08010812
0x00394CDD,08170015
0x00394CE0,08013508
0x00394D63,0825042a
0x00394D92,081f2ccf
0x00394DAF,08101c01
0x00394E7E,080707cc
0x00394ED3,08010749
0x00394F87,080c07b3
0x00394F8A,08021b08
0x00394FB1,08071092
0x00394FD2,08228414
0x00395039,082d2aa6
0x0039504A,08090091
0x0039505F,0801c405
0x00395067,080a5705
0x0039506D,08001717
0x00395096,0801155f
0x003950B4,083e7f37
0x003950CB,08000c02
0x003950E2,0840e5c6
0x00395188,08353507
0x00395204,080c1427
0x0039527C,0835070b
0x0039529C,08020114
0x003952EE,08111008
0x00395308,080c2f1b
0x00395310,08021205
0x00395479,08422e07
0x00395483,08229303
0x00395522,08041905
0x0039552E,08009a06
0x00395541,08445568
0x00395585,08351a0c
0x0039558C,08052424
0x003955F7,08172600
0x00395621,0807405d
0x00395623,08400807
0x00395627,08411547
0x003956C3,08001330
0x00395754,08012707
0x0039585D,08390712
0x003958A7,08070710
0x003958B6,081d1816
0x003958F3,08070c10
0x00395915,0830f986
0x00395927,08012008
0x00395941,08170082
0x00395AE8,08186705
0x00395AF1,08131607
0x00395AFC,08060013
0x00395BD5,08050127
0x00395C54,08000f14
0x00395D11,08082003
0x00395DB9,080b0f0b
0x00395E1D,08000700
0x0039607C,0842001f
0x0039611B,0800aa07
0x0039611E,08003408
0x00396153,08000f20
0x0039616E,08005420
0x00396172,08000720
0x0039620C,08061016
0x0039638C,081e070a
0x0039651E,0840fe31
0x003965F3,08400a6b
0x0039669C,08463b13
0x003967DC,0806049c
0x00396833,0820e404
0x00396845,084d1019
0x00396922,08262820
0x0039698F,0840c40a
0x00396A6A,08001869
0x00396B03,0800ce50
0x00396B90,08091e1c
0x00396CF1,0840340c
0x00396DE0,08002279
0x00396DE4,08003420
0x00396E60,0840f96c
0x00396F3F,08101904
0x00396F77,08401115
0x00396FF2,08102106
0x00396FFA,08002740
0x003970CD,082b0211
0x00397361,08102b06
0x00397362,0808102b
0x00397369,080d0d00
0x0039736A,08080d0d
0x003973C0,0801257c
0x003975E7,080d0524
0x003975E8,08080d05
0x003975E9,0808080d
0x003975EA,08080808
0x00397605,083f5e41
0x00397606,08083f5e
0x0039760A,080d0730
0x0039761B,08160094
0x0039766C,080410a4
0x00397743,0812af17
0x003977BD,08002717
0x00397828,085a1105
0x00397832,08401401
0x0039785D,083e3a19
0x003978E3,080a2725
0x00397A3B,08003b20
0x00397A6D,08301817
0x00397A71,08202e00
0x00397ABD,083ba300
0x00397D9C,080f0e38
0x00397EFE,08000007
0x00397F05,080b000a
0x00398142,08420c20
0x0039815F,081ce818
0x0039836D,08205e02
0x00398372,08103756
0x00398379,0800313b
0x00398388,08012e2f
0x00398478,08040017
0x00398617,0826f615
0x0039882D,08239b6b
0x00398A48,0800252e
0x00398B3A,08502f20
0x00398BAE,0840101b
0x00398BFC,080e3909
0x00398C8A,080c1c04
0x00398D14,08101510
0x00398DD1,080a0a1d
0x00398FD8,08403150
0x00399266,08000b20
0x0039926E,0800b107
0x00399373,0836382f
0x003993CD,08131221
0x003993F7,081d270c
0x0039940B,08223a0f
0x00399470,08153d24
0x003994C7,08096204
0x0039951B,0800fc5f
0x003995B1,08091414
0x003995B2,08080914
0x00399687,08361014
0x003996A5,08130100
0x003996FA,083f0b23
0x003997B3,0810ff46
0x003998E7,0810be17
0x0039995D,08203200
0x00399A06,0810600a
0x00399A59,08111700
0x00399A87,080e570b
0x00399B72,08070007
0x00399D18,081e0001
0x00399D4C,08440c43
0x00399D5B,08108414
0x00399D66,08420c63
0x00399D6E,084239ad
0x00399E64,0820fa2b
0x00399E9F,08002719
0x00399F0A,08504850
0x00399F37,08000526
0x0039A0D5,083d3d10
0x0039A0D6,08083d3d
0x0039A1FA,08060043
0x0039A238,08000710
0x0039A2B4,080f102a
0x0039A3A7,08303010
0x0039A4AC,080924ae
0x0039A54D,08314701
0x0039A59D,08000700
0x0039A5BD,08273c2a
0x0039A618,08370236
0x0039A63E,0840c233
0x0039A874,08270404
0x0039ABDE,08018f07
0x0039AC04,083b0005
0x0039ADB8,08002931
0x0039AE3C,08002b1e
0x0039AFFB,08108236
0x0039B05A,0810ff06
0x0039B05E,08108710
0x0039B2A7,08273407
0x0039B2BF,0834c005
0x0039B323,08000540
0x0039B378,08273802
0x0039B579,0810a800
0x0039B8F9,08313934
0x0039BA1E,0800ee0c
0x0039BAF5,081a1a23
0x0039BAFE,08225131
0x0039BC2B,082b7402
0x0039BCAA,08000700
0x0039BD18,08003500
0x0039BD66,08530052
0x0039BEBE,084314a6
0x0039BF0E,08424a97
0x0039C0C4,08000750
0x0039C0D9,08101a01
0x0039C102,08391036
0x0039C146,0810292c
0x0039C195,080e0a0d
0x0039C196,08080e0a
0x0039C27B,080b3801
0x0039C27E,08000808
0x0039C27F,08080008
0x0039C33B,080730fa
0x0039C3A7,080c3738
0x0039C3A9,0802080c
0x0039C3AC,08090e08
0x0039C3AD,0808090e
0x0039C3C2,080f0f10
0x0039C3CD,080e0f0b
0x0039C3D2,080e6f22
0x0039C3D3,08080e6f
0x0039C4BB,08060a09
0x0039C4BC,0808060a
0x0039C4C2,080d0121
0x0039C4C5,080f0e08
0x0039C4D5,08090138
0x0039C5F9,08018001
0x0039C6B3,0801ff07
0x0039C706,08120007
0x0039C81D,08102a0f
0x0039C845,08401619
0x0039CA40,084a091a
0x0039CB50,08000c64
0x0039CC8D,08174200
0x0039CDD1,08102321
0x0039CF48,08101f71
0x0039D052,08000007
0x0039D0E4,083f0001
0x0039D2AF,08301c3d
0x0039D2B0,0808301c
0x0039D2F7,080d1c00
0x0039D2F8,08080d1c
0x0039D33A,08011111
0x0039D3B6,0830324e
0x0039D3CF,0807201d
0x0039D417,08360700
0x0039D4B6,080e0b0b
0x0039D4CA,080b0e10
0x0039D5E6,083b050f
0x0039D712,08070023
0x0039D74E,080fb006
0x0039D7C2,08140336
0x0039D824,082c0247
0x0039D943,08101d22
0x0039DB38,08108752
0x0039DBE4,08202300
0x0039DBEC,08002d72
0x0039DD3A,08401e00
0x0039DD99,08274024
0x0039DDBC,083a0600
0x0039DDEA,08401f38
0x0039DF42,080750df
0x0039DF6A,08182832
0x0039E066,08002a3b
0x0039E0F3,08062029
0x0039E1A4,08400740
0x0039E26A,08000007
0x0039E3CB,084e9763
0x0039E3CE,08432108
0x0039E3F4,0840316b
0x0039E49F,08012001
0x0039E4BF,0840ad0a
0x0039E4D8,0806101c
0x0039E4DB,08030508
0x0039E4ED,08051500
0x0039E655,08013f37
0x0039E65B,08010014
0x0039E708,08023fff
0x0039E72E,080120a4
0x0039E730,08400801
0x0039E734,08300f2a
0x0039E758,08103b22
0x0039E75F,0807103d
0x0039E8B1,08132830
0x0039E978,083e3406
0x0039EA14,08200740
0x0039EA24,0801040b
0x0039EA59,08005f20
0x0039EB4C,08300baf
0x0039EBCE,0820ee05
0x0039EBD8,083e2720
0x0039EC0A,08023211
0x0039EC48,080f1614
0x0039EC7E,08403907
0x0039ECB6,08021e2d
0x0039ECFC,08111028
0x0039ED09,085330bc
0x0039ED18,08000620
0x0039ED19,08080006
0x0039ED29,080f1a21
0x0039ED2E,080b040e
0x0039EDEE,08013001
0x0039EEC4,08171200
0x0039EEDA,08001519
0x0039EEF1,08400f07
0x0039EFDC,08020252
0x0039EFF2,0801070c
0x0039EFFA,080b3f69
0x0039EFFB,08080b3f
0x0039F03A,080c0218
0x0039F090,0842001a
0x0039F0CF,080f3002
0x0039F229,08393a37
0x0039F232,08263cac
0x0039F233,0808263c
0x0039F23E,08243f20
0x0039F365,083d3500
0x0039F3A7,08331c13
0x0039F3C2,085023f5
0x0039F3DE,08204f01
0x0039F3E5,08101a20
0x0039F40B,084a102b
0x0039F513,08004130
0x0039F53C,08006200
0x0039F558,08331e20
0x0039F644,08008204
0x0039F64E,081003ad
0x0039F66E,0804bd12
0x0039F66F,080804bd
0x0039F6C0,08505a65
0x0039F77C,08204036
0x0039F787,08070620
0x0039F80C,08000700
0x0039FAB6,0800101d
0x0039FADC,0820051d
0x0039FB15,080a3201
0x0039FB4F,08002a0b
0x0039FB91,0807102c
0x0039FBA2,0807202d
0x0039FC0E,082d0600
0x0039FC2F,081d1f6e
0x0039FCD7,080b3883
0x0039FCE6,08019061
0x0039FCFC,08536730
0x0039FCFE,08500853
0x0039FD01,08500b08
0x0039FD03,08040850
0x0039FD30,080b1118
0x0039FD36,0800ae0e
0x0039FD66,0800275b
0x0039FD85,080b0740
0x0039FD96,08373905
0x0039FDEA,0801012b
0x0039FE45,0836375f
0x0039FE51,08300770
0x0039FE5B,08101405
0x0039FED3,08208150
0x0039FEE8,08000f61
0x0039FEFD,08130be1
0x0039FF07,08008b01
0x0039FF25,08002a10
0x0039FF33,08400754
0x0039FF5E,0801f001
0x0039FFC7,083310c6
0x003A0038,080f230f
0x003A009E,082a0124
0x003A00CE,08204100
0x003A00EA,08001027
0x003A0206,080d2023
0x003A029C,080b1810
0x003A02E7,0811113f
0x003A0337,08348203
0x003A0411,08040f50
0x003A048F,080e550d
0x003A0496,0827062b
0x003A04F7,08081410
0x003A0509,08040494
0x003A058F,0806302a
0x003A06A5,08400710
0x003A072E,0801020a
0x003A0857,0800c317
0x003A086C,08000f00
0x003A08CC,08090906
0x003A09FB,08100940
0x003A0A44,080b1eb2
0x003A0A4A,085a1c1e
0x003A0AEA,081c4030
0x003A0B36,08103310
0x003A0B3B,08100790
0x003A0B6C,08101700
0x003A0BB2,0810ff54
0x003A0C0B,08104e00
0x003A0C0F,08108e14
0x003A0C1B,0802022a
0x003A0C59,0809a20f
0x003A0C5E,08010202
0x003A0C6C,08061118
0x003A0C71,08096701
0x003A0D77,08103600
0x003A0D8D,08301c1e
0x003A0E0C,0807008e
0x003A0FB8,08425538
0x003A0FD5,0810ca1d
0x003A11E0,0840fbd7
0x003A123E,08400548
0x003A1335,08000a3f
0x003A138A,082007e0
0x003A1437,08383435
0x003A1539,08209927
0x003A1752,083f3f17
0x003A1783,081212f3
0x003A1789,0810008a
0x003A178E,08120710
0x003A1791,08002e08
0x003A17EE,08333d3d
0x003A187D,080403f8
0x003A192B,08203814
0x003A194A,08001000
0x003A1A66,08022309
0x003A1AF2,08001960
0x003A1B0D,0836fa02
0x003A1B7F,0808102d
0x003A1D0E,083caf1c
0x003A1D93,083b2001
0x003A1E5B,08520051
0x003A1EB4,08427eac
0x003A1F46,08500101
0x003A1F4B,08103f07
0x003A1F71,08090101
0x003A1F85,08070031
0x003A1FF2,08000700
0x003A1FF3,08080007
0x003A2067,08313232
0x003A211A,082c2e30
0x003A21B3,080a022d
0x003A21D9,08108803
0x003A22C2,081c333c
0x003A24D5,08001f23
0x003A256E,08400b70
0x003A257C,08023f02
0x003A25FE,08010b06
0x003A267F,08002332
0x003A26AC,0810af12
0x003A277F,08522001
0x003A28D7,0810140c
0x003A2912,08096602
0x003A2A7B,08011b10
0x003A2A81,08131207
0x003A2A8C,080f170f
0x003A2A99,080f6507
0x003A2B57,08353db7
0x003A2B94,08030d22
0x003A2C07,08083025
0x003A2C7F,08050d20
0x003A2EAF,0840490a
0x003A2ECA,08000207
0x003A2F30,0823002e
0x003A3004,08427e85
0x003A30D5,0801018c
0x003A311D,08076039
0x003A3136,08087a10
0x003A314D,080200af
0x003A3154,0807367d
0x003A316D,084007f0
0x003A3190,083f1806
0x003A3197,08223f12
0x003A3238,08331003
0x003A3326,083f3f23
0x003A3398,08012337
0x003A33E1,0810c507
0x003A351D,08407850
0x003A355F,08000719
0x003A35F6,08003f08
0x003A35FE,08031123
0x003A364F,083a3c37
0x003A37E0,08003f3f
0x003A39F6,08003630
0x003A3A88,08053202
0x003A3A8A,08100805
0x003A3BD8,083b390a
0x003A3C23,083f0710
0x003A3C4C,08103536
0x003A3C95,08440535
0x003A3CB8,08011e01
0x003A3D11,08070006
0x003A3D6B,08333631
0x003A3DEB,08105718
0x003A3E6D,08020293
0x003A3E9C,08040001
0x003A3EDF,081e1e0d
0x003A3EF3,08030401
0x003A3EF5,08060803
0x003A3EF6,08080608
0x003A3EFA,08010001
0x003A3F92,08331b12
0x003A3FE8,08161625
0x003A4044,08070e49
0x003A407C,0840996a
0x003A4080,08301015
0x003A408D,08100713
0x003A40CF,08362b0d
0x003A40D0,0808362b
0x003A4121,0835242b
0x003A4448,08427ec6
0x003A4469,0818e921
0x003A4584,082b7220
0x003A458A,0800141b
0x003A463E,08023f5f
0x003A470C,08023f04
0x003A4738,08020702
0x003A4747,08050137
0x003A4748,08080501
0x003A474A,080b0808
0x003A47F0,082a2110
0x003A488E,0817008d
0x003A48A6,08071062
0x003A48B5,08003e20
0x003A4993,0830e801
0x003A499D,080b0720
0x003A49A3,080d0b0f
0x003A49D3,08003a20
0x003A4C1A,082d3b3a
0x003A4C90,08050f0b
0x003A4CCA,083a7707
0x003A4DD7,080b0200
0x003A4DE1,08131957
0x003A4E0E,081f4014
0x003A4E25,08000730
0x003A4ED1,08102e35
0x003A4EEA,08313b3a
0x003A4F1F,08009906
0x003A4F71,08401015
0x003A4F72,08084010
0x003A4F87,0840f877
0x003A4FBD,08070c0e
0x003A4FCD,080d282a
0x003A507F,08302138
0x003A5085,08103f44
0x003A5274,08023434
0x003A535A,0801060e
0x003A53BF,08010509
0x003A5536,08003129
0x003A5588,08300f15
0x003A55A2,08092d03
0x003A55A5,08020d08
0x003A5602,083f0004
0x003A5705,08070001
0x003A571D,084f3310
0x003A57C9,08000700
0x003A5807,08142760
0x003A5936,08420423
0x003A5938,08440842
0x003A5955,0814ac28
0x003A5A5D,08000780
0x003A5BFA,08051038
0x003A5C82,08002e26
0x003A5D60,08075007
0x003A5FFA,0826f025
0x003A604C,082c143b
0x003A6067,08033a26
0x003A6190,0800821f
0x003A6204,083d3523
0x003A6218,08000e0e
0x003A6219,0808000e
0x003A6250,08053535
0x003A6251,08080535
0x003A6288,0828060b
0x003A6319,08300a1b
0x003A646C,08072015
0x003A64D8,08131c30
0x003A64E7,08160425
0x003A657F,084019db
0x003A66A4,08202f02
0x003A66A5,0808202f
0x003A66AB,08103102
0x003A66B3,08002c02
0x003A66BB,0800e201
0x003A66BF,08000700
0x003A66EA,0840111f
0x003A6733,08267a06
0x003A67A3,080f381b
0x003A6815,08102a2b
0x003A681B,08202003
0x003A6855,08341a20
0x003A6A49,080300ac
0x003A6BA0,084276ae
0x003A6C6B,08012001
0x003A6C7C,0807000e
0x003A6C83,080e0e0e
0x003A6C93,080e0630
0x003A6DC5,08070a0b
0x003A6DCA,084006ef
0x003A6DCE,08400348
0x003A6DDC,080a3304
0x003A6DDD,08080a33
0x003A6E02,080a6900
0x003A6E17,080c0775
0x003A6E1B,08003410
0x003A6E1F,08090e0c
0x003A6E20,0808090e
0x003A6E51,080d0e00
0x003A6E55,080b0c0c
0x003A6E71,080d3c03
0x003A6EDE,0830182a
0x003A6F7B,08102410
0x003A6F97,08041096
0x003A6FF7,08060daf
0x003A702F,080a0d4f
0x003A704C,0841109d
0x003A7071,08058200
0x003A70AC,08093900
0x003A70B6,084c309b
0x003A70F7,0806c780
0x003A70F8,080806c7
0x003A71F9,082b7f16
0x003A721D,08401520
0x003A7238,080c0d13
0x003A725C,08062303
0x003A7277,08051f5a
0x003A7278,0808051f
0x003A729F,0807301a
0x003A72DE,08331f65
0x003A7350,08201515
0x003A7446,08091750
0x003A76B9,08089034
0x003A76C2,08038f2a
0x003A7857,0803107f
0x003A78BD,0807491f
0x003A78C2,080a0b0b
0x003A7A3C,0806001a
0x003A7A7F,08089024
0x003A7B59,081c1b1a
0x003A7B85,08137703
0x003A7CA2,08000700
0x003A7E30,0842001f
0x003A7E41,081ce718
0x003A7E96,08440007
0x003A7ED5,0804000e
0x003A7ED8,08000f08
0x003A7F80,0804002f
0x003A7F84,08270009
0x003A7F9D,080a102d
0x003A7FCA,084f0d23
0x003A8021,0810187a
0x003A809B,08003736
0x003A80E2,08403601
0x003A815B,08056601
0x003A81C4,083b0087
0x003A81C6,0808083b
0x003A81C7,08080808
0x003A821B,08006c12
0x003A8289,08100790
0x003A828F,08100730
0x003A82BE,08105c30
0x003A830C,080e0405
0x003A832A,08203206
0x003A8416,08073004
0x003A8424,08400c99
0x003A842D,08107a1c
0x003A8431,0810e912
0x003A8437,08107f4c
0x003A8487,08073010
0x003A84A5,080e2209
0x003A84A8,08480a08
0x003A866B,085141ff
0x003A8670,08404f31
0x003A8678,08106410
0x003A8693,084001b8
0x003A86DE,080ed109
0x003A8860,08050e09
0x003A8876,080710a3
0x003A893A,0850aa4a
0x003A8944,0819300b
0x003A8972,084e0e01
0x003A8989,080f00f7
0x003A898C,0803bd08
0x003A89AE,083200ed
0x003A8BEC,080afc2b
0x003A8C20,08180503
0x003A8C22,08070818
0x003A8C3B,08355f60
0x003A8C5C,08098a02
0x003A8CA8,083f349e
0x003A8CD0,0800912e
0x003A8D02,0810203d
0x003A8D20,08101f42
0x003A8DB9,080e3db3
0x003A8DC3,080e5f34
0x003A8DD2,08067f07
0x003A8DDF,0840ef12
0x003A8DE7,08203200
0x003A8E57,0804050c
0x003A9031,08403747
0x003A9037,08303a3c
0x003A903E,08200700
0x003A90E2,082e0045
0x003A9208,0822001f
0x003A926E,08440007
0x003A92F2,08201409
0x003A943F,081010b0
0x003A94A1,08331300
0x003A94FB,08200103
0x003A970F,08042033
0x003A97E3,0820320f
0x003A982D,083fdf23
0x003A98D8,0832c0c8
0x003A98E8,081a1a07
0x003A98F8,08422001
0x003A9A02,08000141
0x003A9A94,08341522
0x003A9AA0,08041c04
0x003A9BB4,08066501
0x003A9C0B,0810843a
0x003A9C88,0803000c
0x003A9CCA,081081b3
0x003A9CD2,08001b13
0x003A9DFA,08283100
0x003A9E37,08343e25
0x003A9E9B,08060320
0x003A9F35,080c335d
0x003A9F3B,08002f1f
0x003A9FBB,081a02b7
0x003A9FD6,08112501
0x003A9FDA,08112852
0x003AA017,080e3c00
0x003AA018,08080e3c
0x003AA038,080d3021
0x003AA080,081a211d
0x003AA089,081d1f13
0x003AA0C1,08003e3e
0x003AA127,0820063e
0x003AA171,08130402
0x003AA1CD,08000526
0x003AA221,08323294
0x003AA24B,0800c404
0x003AA2C4,0810a509
0x003AA32E,0807a02c
0x003AA393,08100a00
0x003AA3AF,08010884
0x003AA3B8,08010110
0x003AA3C5,08082207
0x003AA3E9,080a1207
0x003AA460,0801c001
0x003AA47D,080f191e
0x003AA48D,08010016
0x003AA494,080c0100
0x003AA49C,0808bc0c
0x003AA4A0,08040006
0x003AA4A9,08060206
0x003AA4B2,08001588
0x003AA4C7,08010c06
0x003AA59A,08001d1a
0x003AA656,0823172b
0x003AA6A0,0842041a
0x003AA6A9,08071006
0x003AA71D,084f102c
0x003AA744,08400e5a
0x003AA749,08109104
0x003AA7BE,0840e006
0x003AA7C6,080c040a
0x003AA7CD,0801320e
0x003AA7DC,0810d403
0x003AA7ED,08170003
0x003AA85B,0800280e
0x003AA890,0800280a
0x003AA8BE,08405204
0x003AA912,08002013
0x003AA944,08132813
0x003AA967,08073089
0x003AA981,08327907
0x003AA9B5,083b2c2c
0x003AA9BD,080a342c
0x003AA9D1,080034f0
0x003AA9DD,08452c37
0x003AAA25,08000e66
0x003AAA8B,08087b25
0x003AAAAB,082000bd
0x003AAABE,08420427
0x003AAADA,080f0006
0x003AAAF6,08072055
0x003AAC94,08070006
0x003AAC96,08000807
0x003AACEA,082a0029
0x003AAE5C,08430005
0x003AB07F,080e2610
0x003AB087,08121207
0x003AB0D6,08102bbf
0x003AB0FD,08401b00
0x003AB106,08203644
0x003AB178,08409f50
0x003AB186,08002b13
0x003AB3FB,08100e17
0x003AB401,08000b17
0x003AB402,0808000b
0x003AB551,080028fc
0x003AB5EF,08216f20
0x003AB73F,080b120b
0x003AB78A,080c3405
0x003AB7AC,08100359
0x003AB86F,08405fe3
0x003AB9B4,08000730
0x003AB9EC,083f0505
0x003ABCF7,08204300
0x003ABDF0,08138206
0x003ABED4,08000717
0x003AC049,0849202b
0x003AC1AC,08006a0c
0x003AC1C5,0821913a
0x003AC255,084f1e3a
0x003AC312,0835263f
0x003AC435,08002b19
0x003AC489,08102607
0x003AC5B3,0836f025
0x003AC5B8,0817e307
0x003AC5EB,08132c5a
0x003AC67B,08301d24
0x003AC773,08003d25
0x003ACD29,082c0d0d
0x003AD10A,08000007
0x003AD33C,08430004
0x003AD342,08450429
0x003AD3D2,08061004
0x003AD3EB,08011043
0x003AD473,08003d16
0x003AD500,08203800
0x003AD544,08208504
0x003AD5CB,0810dc13
0x003AD631,0820d919
0x003AD63F,08108f5f
0x003AD690,08086506
0x003AD6B2,083401d0
0x003AD6D6,08100100
0x003AD7D1,08001f8c
0x003AD875,083d3d39
0x003AD895,08112f2f
0x003AD8DB,08101fcd
0x003AD8EA,08208419
0x003ADBBD,0810ff5f
0x003ADC03,0810151d
0x003ADC0B,0801002e
0x003ADC37,08001705
0x003ADC4A,0837400a
0x003ADCB9,080710bb
0x003ADDCE,08103d2f
0x003ADE77,08000d27
0x003ADE84,0800af35
0x003ADEAA,08102900
0x003ADF45,08006e04
0x003ADF6A,083a0700
0x003ADF98,0800273f
0x003AE029,08040b04
0x003AE206,0820240c
0x003AE2AF,0811981d
0x003AE2DB,0840161f
0x003AE2E5,082a2f01
0x003AE35F,080c0f16
0x003AE419,08408f05
0x003AE435,0800d306
0x003AE610,082080af
0x003AE617,08121534
0x003AE757,08102f1a
0x003AE767,0819c008
0x003AE822,0820f315
0x003AE901,08310931
0x003AE90F,080b0b07
0x003AE928,08000504
0x003AE934,08151510
0x003AE93E,080501a0
0x003AE967,080e0100
0x003AE9AB,08474008
0x003AE9C0,08001a00
0x003AE9EF,0800042b
0x003AEA0F,08506506
0x003AEACD,08000c04
0x003AEAFA,0840098f
0x003AEB10,083c9015
0x003AEBF1,080b081c
0x003AEC1A,080c352b
0x003AEC8F,08102f10
0x003AECB0,08363f2e
0x003AECC4,08353f3d
0x003AED51,08400f08
0x003AED53,081a0840
0x003AED97,08000611
0x003AEF63,08300770
0x003AEF67,08103b10
0x003AEF83,08002007
0x003AF17C,084b1085
0x003AF204,08064032
0x003AF22A,08293217
0x003AF2E8,08304940
0x003AF387,08001a07
0x003AF5BF,0820170c
0x003AF700,08376113
0x003AF7B9,080690d1
0x003AF7E5,0800ad08
0x003AF80B,0810240c
0x003AF812,08001913
0x003AF8F1,08000907
0x003AF8F2,08080009
0x003AF94D,08020100
0x003AF976,08003ba7
0x003AFADB,080f30cf
0x003AFAF5,08102c26
0x003AFB07,08500677
0x003AFB88,081e1e1f
0x003AFBBF,08061a1d
0x003AFD88,08060016
0x003AFE05,08000700
0x003AFFD9,0814232c
0x003B0138,08002140
0x003B0206,0804021c
0x003B0210,080c1308
0x003B0219,080c0c04
0x003B021F,08022a2f
0x003B0221,08040802
0x003B02DF,08083239
0x003B02E9,081e1302
0x003B03DB,08105716
0x003B040C,083d3b3d
0x003B060B,081c2cf4
0x003B06DC,080603f6
0x003B07F2,0805271f
0x003B08BF,08010378
0x003B08FE,0810250e
0x003B0A57,08011d07
0x003B0AA6,08009917
0x003B0B59,08013217
0x003B0B6C,08202914
0x003B0C32,0810fd25
0x003B0CFF,08141c03
0x003B0D46,0803320e
0x003B0E1E,0847704c
0x003B0E6E,0820c717
0x003B0F6B,080a0528
0x003B10B0,08100010
0x003B12AC,08209d03
0x003B12DA,0810c704
0x003B1306,081a111d
0x003B14F9,08255e16
0x003B15EA,08000007
0x003B160C,08170016
0x003B1848,08000107
0x003B1854,08420003
0x003B1858,08420425
0x003B185A,08440842
0x003B186A,084b1085
0x003B190E,08003020
0x003B1ADA,08001624
0x003B1B06,080f001c
0x003B1B7C,08101c29
0x003B1BA6,08118407
0x003B1BC2,08101e32
0x003B1CE6,08004802
0x003B1D91,082722fd
0x003B1D9C,083ae610
0x003B1DA6,083838b8
0x003B1E4C,08341713
0x003B1EC7,08184120
0x003B1ED7,08070400
0x003B1F2F,08141a1d
0x003B20B8,0837d825
0x003B20EB,08074021
0x003B20F6,08390f3b
0x003B2281,080f1e0f
0x003B22A7,081e1b16
0x003B22E3,081c171e
0x003B22F6,081e4923
0x003B2322,08400b07
0x003B2342,08471427
0x003B235F,0830df17
0x003B23A3,08020202
0x003B23E5,08014f50
0x003B23EF,08503901
0x003B2477,08023f17
0x003B24A2,08350d03
0x003B24F8,08010d2c
0x003B253D,083f0d10
0x003B2549,0800281d
0x003B256A,081706aa
0x003B257D,083a8421
0x003B25A3,08060132
0x003B25A4,08080601
0x003B264D,083f0201
0x003B2663,0817c446
0x003B26AA,080b0600
0x003B26C1,081610f5
0x003B26C7,084130a9
0x003B26C9,08400841
0x003B278C,08002f18
0x003B2858,0804000d
0x003B285B,083c2208
0x003B28B8,081035b9
0x003B2923,08060002
0x003B292B,08000216
0x003B292C,08080002
0x003B2934,0800010b
0x003B29C4,081b3c3d
0x003B29D5,080604fa
0x003B29FD,080f0b04
0x003B29FF,0806080f
0x003B2A2A,0820c802
0x003B2B0F,08000720
0x003B2B51,0810082f
0x003B2C11,08102c43
0x003B2C8A,083d322c
0x003B2CB0,08102406
0x003B2D0E,080dd804
0x003B2E6B,08101647
0x003B2ECC,08000211
0x003B2FD6,08002e33
0x003B3098,0840ab07
0x003B30AB,08503100
0x003B318D,08000740
0x003B325F,08360004
0x003B32DA,08304513
0x003B32EB,08403148
0x003B3350,08050605
0x003B3474,08109c3b
0x003B347B,081300a6
0x003B34EE,08032525
0x003B3562,0840042c
0x003B356A,08102621
0x003B3797,081f2a33
0x003B37CA,080d2521
0x003B380C,08061012
0x003B385E,08000700
0x003B3AA8,08424ed6
0x003B3AB5,0818e920
0x003B3B45,0800a307
0x003B3E51,080b102e
0x003B3EC4,080e103b
0x003B3ED5,08003438
0x003B3F67,0840008a
0x003B3F77,080505c3
0x003B3F86,08101600
0x003B3F9A,0805005f
0x003B3FA5,080a1a17
0x003B3FF2,08101402
0x003B40C4,0820bf45
0x003B4234,08200023
0x003B423F,08101011
0x003B426A,08073028
0x003B42B9,0813312f
0x003B42C7,080d1881
0x003B43B3,084017b7
0x003B43B7,08301d31
0x003B44DF,0800c705
0x003B455B,08050819
0x003B455C,08080508
0x003B4563,0805000d
0x003B4564,08080500
0x003B458A,08121a23
0x003B4594,080d2a00
0x003B45A4,08060600
0x003B45C1,08541a18
0x003B4744,08162d10
0x003B4837,08071012
0x003B4852,08061f25
0x003B4881,08011095
0x003B4882,08080110
0x003B48BA,080730e9
0x003B4908,08051018
0x003B4940,08301819
0x003B4B2D,0800bf07
0x003B4B8B,08111610
0x003B4B98,080d2255
0x003B4B9C,080d000d
0x003B4BA4,08250b0d
0x003B4BB6,08100d1e
0x003B4BD3,08121a1f
0x003B4BF7,08050502
0x003B4C01,08010205
0x003B4C0B,08530628
0x003B4CB5,081e0831
0x003B4CCD,080c0160
0x003B4D32,080f0b0b
0x003B4EFC,08522010
0x003B501B,08010388
0x003B5183,081088a4
0x003B5367,08410407
0x003B53A2,08101d04
0x003B53B6,0811010b
0x003B53B7,08081101
0x003B53D5,08301016
0x003B5421,081f2781
0x003B5466,0850e01c
0x003B550C,0827303c
0x003B5548,083e373b
0x003B556D,083d7225
0x003B5827,08363357
0x003B5870,083cc70d
0x003B5944,08030100
0x003B5951,081d6082
0x003B5A0A,08531320
0x003B5B98,0842001f
0x003B5CBB,08409f25
0x003B5D9A,082720b6
0x003B5DD1,08273032
0x003B5DD6,08074024
0x003B5DE9,08085550
0x003B5DF4,08001933
0x003B5E33,0808d200
0x003B5E91,08400c11
0x003B5E9F,0807203b
0x003B5EB2,08020101
0x003B5ED9,08203b3f
0x003B5EDD,0800e420
0x003B5EE1,0810ff03
0x003B5EE5,0830353e
0x003B6011,083c3d3c
0x003B60C4,080790e0
0x003B6108,08101116
0x003B6118,08026612
0x003B612E,08131c1c
0x003B61CF,08020002
0x003B61D8,08062604
0x003B622D,08006e04
0x003B6345,08201918
0x003B6373,08072511
0x003B639E,0820f904
0x003B63BC,080b1c2e
0x003B6425,08106a10
0x003B642A,083b2039
0x003B6688,0813b745
0x003B671A,0800a716
0x003B6752,08100609
0x003B6753,08081006
0x003B67B3,080d0703
0x003B67B5,0801080d
0x003B67B6,08080108
0x003B67D2,08121c12
0x003B6877,08493635
0x003B698F,080f0512
0x003B6999,08005723
0x003B69B6,08401400
0x003B69CA,08302613
0x003B69E1,0808d604
0x003B6AB8,080009a9
0x003B6AE2,0807212b
0x003B6B40,0815af0b
0x003B6B85,08090d06
0x003B6BB2,080e1a22
0x003B6BC0,080e3f3b
0x003B6BC1,08080e3f
0x003B6BF3,0810a3d1
0x003B6CA9,08071038
0x003B6D00,081e7014
0x003B6D02,0809081e
0x003B6E0C,0840af10
0x003B6E67,080f3c08
0x003B6E98,08061006
0x003B6EC7,08012d14
0x003B6FB4,0810a00c
0x003B70CF,0840a20a
0x003B70D0,080840a2
0x003B70D4,080dd934
0x003B70D7,08000608
0x003B7155,08001161
0x003B71AD,08050710
0x003B71EE,08509357
0x003B7217,08030e2a
0x003B721A,08104d08
0x003B72F4,08282822
0x003B7341,0817001c
0x003B7508,08070709
0x003B751A,08211818
0x003B754B,08017001
0x003B754D,08010801
0x003B75BE,08012d0e
0x003B7600,0802100b
0x003B7601,08080210
0x003B760A,08020117
0x003B7626,0833c816
0x003B7650,08401d0d
0x003B765D,0840145b
0x003B778B,08102706
0x003B786B,08503f7f
0x003B7885,0808306f
0x003B788A,0800d133
0x003B7897,08000730
0x003B78F7,080e130e
0x003B790E,08010711
0x003B7914,08079a0b
0x003B79D3,08071089
0x003B7B3D,08002c3c
0x003B7B5A,082a20a7
0x003B7B5B,08082a20
0x003B7B62,0836cf8f
0x003B7BA0,08088634
0x003B7BA1,08080886
0x003B7BA2,08080808
0x003B7BC8,08393619
0x003B7BC9,08083936
0x003B7C3F,08403226
0x003B7DF5,08000700
0x003B803C,0842001f
0x003B8132,08061003
0x003B8133,08080610
0x003B8135,08200808
0x003B8136,08082008
0x003B816E,08073535
0x003B817B,08020710
0x003B81F6,08100718
0x003B8321,0840bf4f
0x003B845B,08040301
0x003B846E,08030700
0x003B8471,08070308
0x003B8479,08100706
0x003B8480,08070005
0x003B8483,08050408
0x003B8484,08080504
0x003B8499,081a0032
0x003B84A2,080b1087
0x003B84C2,08040587
0x003B84D5,084e009a
0x003B84EA,080c200a
0x003B864A,0810a929
0x003B8682,08401209
0x003B86F6,082747f8
0x003B8763,08331f1b
0x003B8795,08091d53
0x003B8852,08049706
0x003B885B,081203fc
0x003B8895,08061053
0x003B8898,08040f08
0x003B88A3,08075a03
0x003B892B,08001323
0x003B8975,0800af29
0x003B8A13,083b431c
0x003B8A16,080fa708
0x003B8A3E,08080c1a
0x003B8A5F,08201446
0x003B8A86,08001207
0x003B8ABF,08000720
0x003B8B04,08306763
0x003B8B91,08001d53
0x003B8CBA,080b1700
0x003B8CE0,08400b32
0x003B8CEE,08051e12
0x003B8D2D,080e1e1a
0x003B8D3E,08341018
0x003B8D73,080d2600
0x003B8D74,08080d26
0x003B8F5E,0840ae03
0x003B8F61,08400708
0x003B8FB0,08252525
0x003B8FC5,08109719
0x003B8FFE,08005a06
0x003B9083,08122223
0x003B90C6,081f141b
0x003B9113,0816001c
0x003B911D,080f0f00
0x003B9157,08101313
0x003B9339,08203807
0x003B93D6,080b120d
0x003B946D,08100130
0x003B94CA,08080d02
0x003B9573,08041607
0x003B95DE,0808621e
0x003B96BF,08103632
0x003B96F1,083d3e3e
0x003B974B,084a0e42
0x003B9764,082b301c
0x003B97AF,080730a1
0x003B98F6,080e0c06
0x003B9906,08086f0a
0x003B990D,08050e29
0x003B9915,080c071b
0x003B995C,08103e13
0x003B9965,084f2336
0x003B9976,0807ff25
0x003B99B4,0833050c
0x003B99DF,080e1c0c
0x003B9A10,08166411
0x003B9A34,0800050b
0x003B9A52,0807103b
0x003B9ACB,08002b33
0x003B9BA8,080e0307
0x003B9BAB,08071008
0x003B9BC8,08023e0c
0x003B9CCA,08061707
0x003B9CF4,08350082
0x003B9D70,08051670
0x003B9ECF,08002605
0x003B9F51,080c3000
0x003B9F58,08076f03
0x003BA081,0840e90e
0x003BA08E,0817160b
0x003BA0DF,080e6317
0x003BA10A,080b0e20
0x003BA192,08030e16
0x003BA1CA,080f1c11
0x003BA1FC,081c2834
0x003BA29E,0804000c
0x003BA2C7,080a0f07
0x003BA301,08271005
0x003BA41D,08134706
0x003BA42D,0800050e
0x003BA443,080700c4
0x003BA469,080a6b20
0x003BA4F8,080730cc
0x003BA51E,08050402
0x003BA555,080b2c00
0x003BA6BB,08000700
0x003BA90A,08010700
0x003BA93C,08425695
0x003BA947,08252220
0x003BAA09,082c0a0e
0x003BAA9E,08382230
0x003BAAD5,08400100
0x003BAAD7,080b0840
0x003BAB0A,084fb011
0x003BAB36,08080909
0x003BAB37,08080809
0x003BAB50,08050200
0x003BAC26,080c3d06
0x003BACDA,0811eb03
0x003BAD3E,08101d00
0x003BADD3,08001013
0x003BAE28,08002a26
0x003BAEBA,080700fd
0x003BAF3F,08402b70
0x003BAF4C,0840311f
0x003BAFFF,0836be56
0x003BB013,083d3b36
0x003BB04E,08060605
0x003BB086,08000c41
0x003BB124,080a2b0d
0x003BB152,0805046f
0x003BB182,08406740
0x003BB221,08003632
0x003BB228,0820003b
0x003BB255,08012306
0x003BB347,0840f92a
0x003BB38C,08041119
0x003BB38D,08080411
0x003BB3C3,08073063
0x003BB3DB,08010506
0x003BB3E1,08049e0b
0x003BB3E9,0808a83b
0x003BB3F0,0830100a
0x003BB3F7,084e0739
0x003BB413,080b0a09
0x003BB41A,0809091f
0x003BB46A,0832d75a
0x003BB4A3,08151f00
0x003BB4BB,0846150f
0x003BB532,08103d3d
0x003BB5A1,08101816
0x003BB5E0,08000730
0x003BB621,08003800
0x003BB6C4,0810126f
0x003BB6C9,08001337
0x003BB6CD,08005f20
0x003BB762,0809575c
0x003BB993,08043f3b
0x003BB9A7,0810a815
0x003BBA60,08092c07
0x003BBA82,08001374
0x003BBB22,08401f08
0x003BBB2A,0830a419
0x003BBBF9,080f400a
0x003BBC10,080a0b0a
0x003BBC12,080f080a
0x003BBC36,08010019
0x003BBC59,08120017
0x003BBC5E,08090c0c
0x003BBDB4,083dfa68
0x003BBE10,08000307
0x003BBEBF,08510050
0x003BBF1A,08060076
0x003BBFC4,08471063
0x003BC09C,08012001
0x003BC0C9,0835000b
0x003BC120,08000f35
0x003BC278,08002c2c
0x003BC28C,08001f34
0x003BC29C,08102309
0x003BC3B8,08102609
0x003BC643,08301d24
0x003BC679,08006730
0x003BC694,08008f34
0x003BC6F2,0850cf71
0x003BC7B8,08092607
0x003BC82A,08100706
0x003BC8BE,081c212e
0x003BC975,08300a01
0x003BCAC0,08071006
0x003BCACA,08100600
0x003BCB56,08351f35
0x003BCB8B,0800d022
0x003BCBB5,08090b0c
0x003BCBC1,08020a2e
0x003BCDCC,08000700
0x003BCF82,080a3801
0x003BCF88,08100109
0x003BCFBF,080b0001
0x003BCFC1,080a080b
0x003BCFD2,0800bb61
0x003BD00D,08100007
0x003BD00E,08081000
0x003BD012,08027c10
0x003BD013,0808027c
0x003BD071,0837393d
0x003BD0DF,08073838
0x003BD106,080a1600
0x003BD120,0813171f
0x003BD121,08081317
0x003BD12E,080c0500
0x003BD131,08170008
0x003BD14F,080c6600
0x003BD151,0805080c
0x003BD183,08042f07
0x003BD1E5,08040001
0x003BD209,08073017
0x003BD26C,080e010e
0x003BD288,08362006
0x003BD2B4,0806101e
0x003BD2CB,0815381f
0x003BD2EA,08090c0f
0x003BD322,0805da50
0x003BD35B,0817000d
0x003BD439,08385723
0x003BD486,0838403f
0x003BD4DB,080700df
0x003BD534,080d581c
0x003BD6D6,080f0f0f
0x003BD72E,08102f0d
0x003BD91E,080b3c3e
0x003BD945,0805050a
0x003BDA96,08012080
0x003BDBAD,08000e10
0x003BDBB1,0810d324
0x003BDBFB,0800091b
0x003BDC18,08131200
0x003BDC74,081c348d
0x003BDCCA,08404fa4
0x003BDDB5,08131e20
0x003BDDDC,080f140a
0x003BDDDD,08080f14
0x003BDDE7,08132420
0x003BDE01,0808ce43
0x003BDE55,08290018
0x003BDE73,08221b1a
0x003BDE92,08223032
0x003BDEEC,0807400f
0x003BDF08,080fdf33
0x003BDF1D,08332d49
0x003BDF28,08255b58
0x003BDF56,08405603
0x003BDF6E,08301c38
0x003BDF7A,08072019
0x003BDFB9,080e1007
0x003BE09A,081d303a
0x003BE0C1,08011b18
0x003BE0DA,080101c7
0x003BE113,0820d803
0x003BE18C,08010003
0x003BE226,08010006
0x003BE2B9,0828069c
0x003BE2DA,082c140b
0x003BE310,08000700
0x003BE478,08420004
0x003BE528,08071005
0x003BE544,08201300
0x003BE54D,08000710
0x003BE765,08381a22
0x003BE7F2,08030303
0x003BE982,080b4402
0x003BE9EB,08050017
0x003BEA0F,0804000f
0x003BEA39,081d1006
0x003BEADB,0810102f
0x003BED03,08052b07
0x003BED3C,08380893
0x003BEDC8,0800173b
0x003BEDCF,08074015
0x003BF035,0830293c
0x003BF071,08030123
0x003BF0DB,08381b00
0x003BF230,08100515
0x003BF2E3,08122c2f
0x003BF3AD,0808b73e
0x003BF3D4,08387990
0x003BF447,080c1416
0x003BF45C,0812fd02
0x003BF48E,0839d71b
0x003BF4C3,081f2210
0x003BF54E,08151510
0x003BF6ED,08103766
0x003BF83B,08302012
0x003BF945,08108b14
0x003BF997,0802000e
0x003BFB44,08009026
0x003BFBDE,08209e21
0x003BFC07,0830f229
0x003BFD6B,0801251e
0x003BFDFE,08205001
0x003BFE41,08040303
0x003BFF30,08100f1e
0x003BFF3E,08101514
0x003BFF82,08360720
0x003BFFB0,080fc0fb
0x003C0035,08071d26
0x003C022F,08330025
0x003C02D9,0807003a
0x003C04B1,081f0e15
0x003C0522,08002007
0x003C0758,08420004
0x003C08AA,08003b3b
0x003C08BD,08202300
0x003C093B,08001d96
0x003C0A19,08390b07
0x003C0B0A,0833333b
0x003C0B69,0810232a
0x003C0B95,0825120f
0x003C0BD3,081780ae
0x003C0C4B,082c1b08
0x003C0C53,081f0600
0x003C0C69,0807305f
0x003C0D5E,080f0720
0x003C0D79,0800250a
0x003C0D9C,08033b1a
0x003C0D9D,0808033b
0x003C0E8F,08130e08
0x003C0EEA,0803e64b
0x003C1006,08011297
0x003C1031,08071054
0x003C103E,083e3d31
0x003C1065,08050003
0x003C1066,08080500
0x003C108B,083c003a
0x003C108C,08083c00
0x003C108D,0808083c
0x003C10A1,08121212
0x003C10BA,08129f03
0x003C10C2,08055e00
0x003C1117,08068735
0x003C115D,08115310
0x003C1217,08001905
0x003C1261,08400707
0x003C1264,08442208
0x003C126B,08200b24
0x003C1345,080001c3
0x003C1365,08061540
0x003C13B7,08010c1a
0x003C13C3,0807100c
0x003C1433,08000c07
0x003C1462,08110708
0x003C14E7,08092424
0x003C154B,08102800
0x003C15B7,0834111b
0x003C16B5,08050506
0x003C16CB,080e1a06
0x003C16D5,08050115
0x003C16E7,08210e05
0x003C16EE,08121414
0x003C16F8,08148f64
0x003C175B,080d212f
0x003C1787,080b0d10
0x003C17BA,08002d21
0x003C17EE,082a05d8
0x003C1830,0841382c
0x003C1835,08090e07
0x003C1841,08000431
0x003C1898,080e1938
0x003C18E1,0850ddb5
0x003C1973,084025fc
0x003C1A2C,080d120d
0x003C1AA8,08060400
0x003C1AB0,08080015
0x003C1AB1,08080800
0x003C1AE9,08053d3f
0x003C1B2B,0800b63e
0x003C1B88,084d040b
0x003C1BC1,080107db
0x003C1BD2,08040738
0x003C1C6B,08400900
0x003C1CF1,08102113
0x003C1D47,0820232f
0x003C1F11,08081f22
0x003C2172,083e2ba3
0x003C21F5,083e3b03
0x003C22B6,08401067
0x003C2328,08000700
0x003C2395,08360035
0x003C2524,0842001f
0x003C25ED,08003434
0x003C26DB,0810227b
0x003C2712,08001a50
0x003C299B,08302416
0x003C2C46,081c1c1f
0x003C2C6C,0838372d
0x003C2CB4,08293735
0x003C2D23,08030005
0x003C2DB7,080d100e
0x003C2FFC,08002405
0x003C30ED,08048f09
0x003C3163,0817c01c
0x003C31F5,08333229
0x003C327D,080400b6
0x003C3292,08040500
0x003C32B4,080f0477
0x003C3308,08260a00
0x003C337E,08071014
0x003C33D4,08463741
0x003C350C,0820184f
0x003C352C,082c372e
0x003C3616,0837072a
0x003C36B7,08390224
0x003C3708,083ec302
0x003C370F,08201820
0x003C3746,08023210
0x003C3777,083f3f4f
0x003C3AA9,08472f67
0x003C3AFB,0830f30f
0x003C3B05,08401a1a
0x003C3B1E,0822c20a
0x003C3B55,0800b80d
0x003C3BE3,0817130e
0x003C3BED,08110ea6
0x003C3CDF,08262626
0x003C3CE8,08120703
0x003C3CFA,08001200
0x003C3D1D,08122626
0x003C3D2A,08073b00
0x003C3D2B,0808073b
0x003C3D3A,083b6500
0x003C3D55,0801120f
0x003C3E20,0800ee23
0x003C3F32,08060052
0x003C4075,08008636
0x003C4209,080d0700
0x003C4211,08070012
0x003C421A,08010407
0x003C4222,08020114
0x003C4245,08009029
0x003C426D,0806020a
0x003C427A,08050426
0x003C42A1,08060d25
0x003C42CA,08000101
0x003C42F8,08073e00
0x003C431C,08052f75
0x003C439D,080c073a
0x003C4533,08010210
0x003C4557,082e6212
0x003C466D,081c1317
0x003C47DB,08040606
0x003C47EC,08460d05
0x003C47F5,08003400
0x003C482D,0843100d
0x003C4862,082a000b
0x003C487D,08010a0d
0x003C4882,08020712
0x003C488A,08310224
0x003C48AF,080d053e
0x003C4AE6,0810a327
0x003C4B49,083a2e23
0x003C4B54,083c2c23
0x003C4B8B,08333f16
0x003C4C4A,08095030
0x003C4C68,08377b0f
0x003C4CFB,0812270f
0x003C4CFF,08132b31
0x003C4D01,08100813
0x003C4F4B,083df508
0x003C5024,083f3c35
0x003C5029,08291732
0x003C5097,08172a05
0x003C5187,083a0003
0x003C5317,08224f06
0x003C539F,08340432
0x003C53A9,08182813
0x003C54B6,08201717
0x003C559E,08320d00
0x003C55C0,08100428
0x003C564A,08287806
0x003C576D,085a01a0
0x003C5791,08000700
0x003C59D1,08010701
0x003C5CF6,085013c9
0x003C5DA6,08185f04
0x003C5DBA,08003632
0x003C5E04,08000124
0x003C5E08,0800cb23
0x003C5E59,0828af00
0x003C5F47,08171a8f
0x003C5F56,08223a3a
0x003C5FAD,08367300
0x003C60CB,08073012
0x003C611F,08030f10
0x003C6126,08050009
0x003C6171,082f4f24
0x003C6272,082a0500
0x003C6479,08342018
0x003C6510,083f0202
0x003C653D,08070007
0x003C6543,08030d1e
0x003C6549,08000d0c
0x003C654A,0808000d
0x003C6560,08060607
0x003C6587,080f071e
0x003C658D,081e0031
0x003C658F,0812081e
0x003C6591,08020812
0x003C659B,08400216
0x003C66CD,083c1800
0x003C673D,08108a25
0x003C69E4,0809010c
0x003C69F3,08030036
0x003C6A13,080b1400
0x003C6A19,080b0909
0x003C6A22,083307c7
0x003C6A3C,08093521
0x003C6A40,08120303
0x003C6A48,08090b0a
0x003C6A52,080a0c0c
0x003C6A60,08002133
0x003C6AAE,0833232c
0x003C6B41,083e3834
0x003C6C28,08106505
0x003C6C62,081093ce
0x003C6C73,08001000
0x003C6C77,0841a217
0x003C6CDF,083e3020
0x003C6CEF,080017e7
0x003C6D26,0800e03e
0x003C6E21,083c201b
0x003C6EBA,08120319
0x003C6ED7,0804190c
0x003C6EDD,0807120f
0x003C6EE0,08020708
0x003C6EEF,08030410
0x003C6F0F,0801011e
0x003C6F3E,08070d31
0x003C6F60,0801270d
0x003C6F68,08277002
0x003C6FA4,08100ce6
0x003C6FB2,08100720
0x003C7093,08109706
0x003C731E,08010907
0x003C7370,082b0104
0x003C73A0,08243523
0x003C73B4,080a1000
0x003C73B9,08060014
0x003C73C0,080c0a0a
0x003C7403,080a0201
0x003C7444,0801007c
0x003C7470,080a0a07
0x003C7473,08020908
0x003C7669,0807102f
0x003C7794,0836200c
0x003C7799,08400a0b
0x003C779D,080bc816
0x003C779E,08080bc8
0x003C77B0,080f0f00
0x003C77D7,080f0709
0x003C77E8,08070104
0x003C77EC,08520017
0x003C7817,08017089
0x003C7850,08061b10
0x003C786C,080c020b
0x003C786E,0803080c
0x003C7879,08000906
0x003C7881,085047fc
0x003C79C0,08202420
0x003C7B9D,08243b3f
0x003C7BA8,08111012
0x003C7C27,080f1900
0x003C7C28,08080f19
0x003C7C3E,08001c74
0x003C7C62,0806105b
0x003C7FDA,08107543
0x003C801F,08060404
0x003C8055,080f3705
0x003C8197,0801f075
0x003C81D5,0832741c
0x003C8323,0807f205
0x003C836E,08071036
0x003C84F9,0800b00a
0x003C8501,08002f23
0x003C858B,0847403a
0x003C8621,08000700
0x003C8866,08000107
0x003C88B6,08420421
0x003C88CD,083dad39
0x003C89B1,08301f48
0x003C89BC,08101666
0x003C89C2,08000223
0x003C89D6,0807070f
0x003C8A59,0804031a
0x003C8AAB,083d3d16
0x003C8AD8,08015204
0x003C8BD8,0820ec13
0x003C8C0B,08400790
0x003C8C1A,08030100
0x003C8D41,08002767
0x003C8D47,08003638
0x003C8D4B,08100710
0x003C8DA2,08505d61
0x003C8DAC,08200740
0x003C8E6D,08008587
0x003C9139,08004410
0x003C91FB,08305d00
0x003C9279,08003b38
0x003C93CF,0820843d
0x003C9414,08202506
0x003C942F,08001288
0x003C9439,084039d2
0x003C9449,08006507
0x003C9453,08293b2e
0x003C95B7,08252929
0x003C964C,0800b71c
0x003C96F0,0850333b
0x003C9707,0807101c
0x003C9763,0800cf25
0x003C988A,0800e20a
0x003C9891,080600f5
0x003C98A4,08093c06
0x003C98E2,08106503
0x003C9972,08020f01
0x003C99BB,08403d01
0x003C9A91,08104714
0x003C9AF6,081f02f2
0x003C9B45,0835c704
0x003C9B60,0810050f
0x003C9BDF,0804033d
0x003C9BE0,08080403
0x003C9C81,08001840
0x003C9C90,08001d36
0x003C9D3C,08404f40
0x003C9D3F,08401d08
0x003C9E85,08133d07
0x003C9F18,08000c07
0x003C9F70,08280027
0x003C9FF8,08340060
0x003CA0C2,08420c40
0x003CA0E1,0818921c
0x003CA1AA,082b3631
0x003CA1CD,080d110a
0x003CA217,0801010d
0x003CA21A,08091008
0x003CA21E,083210a8
0x003CA26A,08000607
0x003CA297,08133839
0x003CA2D0,08303c18
0x003CA2D4,08100e00
0x003CA303,08130df1
0x003CA313,08111300
0x003CA336,08480a07
0x003CA33A,080d0720
0x003CA370,080d3927
0x003CA3BC,0803030d
0x003CA3FA,08072078
0x003CA421,080a393c
0x003CA446,08111411
0x003CA447,08081114
0x003CA485,080d0301
0x003CA4A4,0850ca00
0x003CA519,08362336
0x003CA567,08360007
0x003CA785,0800153b
0x003CA786,08080015
0x003CA795,083b341e
0x003CA810,0807101f
0x003CA817,081aa623
0x003CA82B,0848049c
0x003CA8F4,082d0700
0x003CA92D,08002e17
0x003CA94A,08011729
0x003CA972,08001a60
0x003CA99F,08000b06
0x003CA9A0,0808000b
0x003CAB4B,0812ff10
0x003CAB6D,08000700
0x003CAC1E,08400421
0x003CAC20,08420840
0x003CB00A,0852a703
0x003CB39C,08002700
0x003CB3CA,08140001
0x003CB6E9,08274122
0x003CB809,0833379a
0x003CBD69,085ab310
0x003CBFCA,0824ea00
0x003CC02B,08335a55
0x003CC1D6,083efa24
0x003CC3B4,08092441
0x003CC457,08100459
0x003CC51A,0809ff2f
0x003CC590,08000007
0x003CC8FB,080c0a0a
0x003CC970,08103529
0x003CC9D3,08333f77
0x003CCA02,0805120d
0x003CCA06,08030a0a
0x003CCA1C,08020002
0x003CCA39,08050a06
0x003CCC3B,08407d42
0x003CCCC1,080a2436
0x003CCCD4,080a373c
0x003CCE2B,083b0505
0x003CCE41,082c3a3a
0x003CCEED,08070e00
0x003CCF13,08353537
0x003CCFB5,0805000f
0x003CD1BF,080f1039
0x003CD1EF,08200707
0x003CD23F,083ef647
0x003CD2B6,08090b11
0x003CD383,080a3f12
0x003CD3C8,080009aa
0x003CD3F1,082d212b
0x003CD48E,08000900
0x003CD552,08020108
0x003CD553,08080201
0x003CD582,08070206
0x003CD59F,0812cc05
0x003CD5CA,08060730
0x003CD639,08103934
0x003CD64F,0807301d
0x003CD679,0806100b
0x003CD698,08063f09
0x003CD6DA,0800b835
0x003CD73D,08018001
0x003CD82E,08420c40
0x003CD900,0800ee51
0x003CD903,0800ee08
0x003CDF98,084abb64
0x003CE0FA,083a9700
0x003CE329,085360b2
0x003CE3ED,0802557e
0x003CE4FC,0800f412
0x003CE725,08003640
0x003CE8C7,080320ce
0x003CEBDF,084f55ff
0x003CEED9,08010007
0x003CF12B,08400903
0x003CF137,08000720
0x003CF152,08100d07
0x003CF17B,0800b136
0x003CF188,0800b541
0x003CF18B,08000d08
0x003CF411,08100610
0x003CF46C,08071028
0x003CF4BD,083a3d3d
0x003CF508,083f3f3a
0x003CF55E,081f1a31
0x003CF919,0810231a
0x003CF91E,0823170d
0x003CF955,08051414
0x003CF967,08000630
0x003CF9F2,08383b21
0x003CFA34,0850ef72
0x003CFA6F,08001469
0x003CFCF5,0840bf09
0x003CFDB0,08410528
0x003CFDEE,080026f3
0x003CFF19,084002d8
0x003CFF1C,08400608
0x003CFF34,08011fd7
0x003CFF3A,0847e03e
0x003D0066,080e1115
0x003D0082,0806070a
0x003D00D7,080f3c3c
0x003D013C,08002c3e
0x003D018A,080e12bf
0x003D01A7,08141f00
0x003D01BA,08087f61
0x003D021E,080f1205
0x003D024C,08010819
0x003D026F,08000606
0x003D0279,0804000a
0x003D02BE,0822010e
0x003D0371,08191512
0x003D0382,084b210c
0x003D0385,081b1108
0x003D0388,080e0f08
0x003D03D9,08000700
0x003D03F2,083b200f
0x003D0489,08480047
0x003D0528,084256b4
0x003D053F,080cea20
0x003D06F2,08046942
0x003D06F7,08059530
0x003D06F9,08000805
0x003D0705,08060606
0x003D0735,08531015
0x003D07AA,080a0410
0x003D07D3,080a0710
0x003D07EA,08061207
0x003D08C0,080620ef
0x003D09BB,0846348e
0x003D09D8,08302348
0x003D0AEC,08003b18
0x003D0B04,08400910
0x003D0B38,08220257
0x003D0B74,08122304
0x003D0BF7,08013e23
0x003D0C7D,083e42ab
0x003D0D35,080e5702
0x003D0E0D,08080a15
0x003D0E24,08111214
0x003D0E98,08001239
0x003D1009,081d1310
0x003D1070,0803de35
0x003D108B,0807355f
0x003D10C7,080f1336
0x003D10D6,0851592b
0x003D10F0,08040119
0x003D1158,0811341e
0x003D118E,08401737
0x003D124D,08373739
0x003D12F5,082c1228
0x003D1309,08102c37
0x003D1378,0807131e
0x003D139A,08010009
0x003D13A2,08000213
0x003D13A3,08080002
0x003D13AE,08050a0b
0x003D1453,0807eb05
0x003D14E1,08102639
0x003D14E9,08101f37
0x003D14F1,08101a33
0x003D15E2,084020af
0x003D1640,0810250d
0x003D1707,083536db
0x003D176F,08480e01
0x003D195D,081c373d
0x003D1ACF,08104428
0x003D1E8B,082101bc
0x003D1EA8,08042528
0x003D1EBE,080b2107
0x003D2043,08208a31
0x003D2052,08102c26
0x003D20BA,08164c1b
0x003D21FB,08000807
0x003D242A,08422d8d
0x003D2562,0850e307
0x003D2732,083e3e2f
0x003D2863,08103813
0x003D296D,08263e29
0x003D2973,08001301
0x003D2C98,082f2f33
0x003D2D86,0818012f
0x003D2DB4,0850282f
0x003D2DE5,08401118
0x003D2E2A,08405811
0x003D2EE5,081d2418
0x003D2F2A,08143a00
0x003D2F6E,0810b84f
0x003D3070,08073022
0x003D3086,08101522
0x003D308D,08001f40
0x003D30A4,080b0f0f
0x003D30B3,08060600
0x003D30C0,081848fd
0x003D30DB,083df71a
0x003D3149,08406f03
0x003D3153,0820175a
0x003D31A8,08041728
0x003D31AD,081c1a09
0x003D3258,08072019
0x003D3277,0810253d
0x003D3283,08002827
0x003D32FF,08103a3d
0x003D3321,083db009
0x003D3337,08100301
0x003D333D,080efa00
0x003D3369,08400605
0x003D33A4,08011106
0x003D33A9,08062011
0x003D33D3,080b0344
0x003D33D9,08201512
0x003D3443,08121507
0x003D3478,0805030b
0x003D3479,08080503
0x003D3499,0803004d
0x003D34A1,080d0505
0x003D3522,08131100
0x003D3583,0800126b
0x003D35BB,082c2a2c
0x003D35BE,080e5208
0x003D35CD,080d141e
0x003D35DF,080f0f12
0x003D35EF,08060821
0x003D3623,08120f06
0x003D363D,08054012
0x003D3661,0840f042
0x003D368B,080f8200
0x003D3717,08020001
0x003D3725,08000700
0x003D372D,08090120
0x003D386C,08427e80
0x003D38FA,08071401
0x003D38FB,08080714
0x003D38FC,08080807
0x003D38FD,08080808
0x003D38FE,08080808
0x003D3900,08200808
0x003D3909,08000207
0x003D3911,08100720
0x003D3968,08400920
0x003D39BD,0840d407
0x003D3A09,080c201f
0x003D3A65,0804cd10
0x003D3A92,0820181d
0x003D3A9A,08112013
0x003D3ACB,08400301
0x003D3AD9,08074014
0x003D3B21,08030529
0x003D3B2E,0811010f
0x003D3B34,08040700
0x003D3B52,08073005
0x003D3BB5,08072007
0x003D3BCD,08111d2c
0x003D3BE6,080c2936
0x003D3C02,08050036
0x003D3C22,0820073e
0x003D3C43,082740a8
0x003D3C50,08333e03
0x003D3C6F,0820f703
0x003D3C74,08000f20
0x003D3CAF,08130722
0x003D3CE2,0825260d
0x003D3D32,083d0018
0x003D3D4A,080e2004
0x003D3E21,080e110e
0x003D3E61,08000cbe
0x003D3EDC,08000411
0x003D3EE6,08330429
0x003D3F01,0824192a
0x003D3F23,08010e46
0x003D3F2D,083f010e
0x003D4020,08441833
0x003D402A,080101a2
0x003D4065,0803db06
0x003D4166,08190732
0x003D41BA,08401b4b
0x003D41C1,08502708
0x003D41EC,08415401
0x003D41EE,08400841
0x003D4290,0832043c
0x003D42B3,080c2828
0x003D42C1,0803f12e
0x003D42D7,08100912
0x003D42E6,08147300
0x003D433B,080e8f0a
0x003D433C,08080e8f
0x003D4343,080b000d
0x003D4347,080d1404
0x003D4381,08018d2e
0x003D43C4,08395d01
0x003D44B4,08091d3e
0x003D4571,08337b02
0x003D4605,08393cb0
0x003D4644,080b1616
0x003D464F,08122a1e
0x003D473F,08000905
0x003D47BF,08101910
0x003D4856,0800c905
0x003D48E6,080e3024
0x003D48EB,08213c00
0x003D493E,08081d2d
0x003D4971,08280740
0x003D499A,08040f26
0x003D49BE,081d5713
0x003D49E3,08001217
0x003D49F3,08124e06
0x003D49F4,0808124e
0x003D4A12,08112100
0x003D4A44,08032a17
0x003D4B65,0810243c
0x003D4B71,080022ab
0x003D4B83,08420504
0x003D4BEA,08190024
0x003D4CB8,08112db5
0x003D4CBC,08182d32
0x003D4CC3,08091818
0x003D4CC7,08113e2e
0x003D4CEE,08037720
0x003D4CFD,08131407
0x003D4D04,08184604
0x003D4D0E,08020232
0x003D4D11,080f3008
0x003D4D8A,08070014
0x003D4FBB,08003807
0x003D5088,083e0054
0x003D516A,08424210
0x003D521A,08200f11
0x003D5315,08505ff0
0x003D5344,080f003b
0x003D539A,08301f34
0x003D53C1,0807001d
0x003D53CB,08303025
0x003D5423,080f5b02
0x003D5487,0805003b
0x003D551D,08103e3c
0x003D55B5,08002c00
0x003D5675,0813021c
0x003D56D2,08402e07
0x003D57D7,08142301
0x003D587E,083d0700
0x003D597A,08101411
0x003D597D,08122708
0x003D5A88,08063002
0x003D5BCC,08102640
0x003D5BE6,0804010f
0x003D5D53,083c7711
0x003D5D89,080c0101
0x003D5F49,0802027b
0x003D5F66,08102001
0x003D5FDC,0833101b
0x003D5FF6,08211900
0x003D5FFF,081e1e00
0x003D6052,08404800
0x003D6061,080d0d0d
0x003D60A5,080b227d
0x003D60AE,0808000a
0x003D60AF,08080800
0x003D60B4,0801010d
0x003D60CE,080008a1
0x003D60D3,080e0e05
0x003D60FA,080d00b8
0x003D610F,08051b09
0x003D6172,080e4201
0x003D61EC,083808f3
0x003D6250,081b3672
0x003D6266,08072019
0x003D626C,08001321
0x003D63D4,08427ecb
0x003D63EF,08110c10
0x003D6464,08082405
0x003D646B,08062017
0x003D64B1,08176f40
0x003D64FB,08151022
0x003D6564,08000506
0x003D6690,080f202f
0x003D669F,083e8733
0x003D66D6,0810320e
0x003D66FD,080c5343
0x003D6752,0811223f
0x003D67F1,083e1d07
0x003D6902,08002f49
0x003D695E,083c3535
0x003D69C5,083e1a02
0x003D69D7,08003622
0x003D6A68,083d323e
0x003D6AD1,083d3204
0x003D6B1A,083d4214
0x003D6B6A,08002520
0x003D6C89,080c9d07
0x003D6C92,08060639
0x003D6CEE,0842383b
0x003D6E99,08021715
0x003D6EBF,080e282e
0x003D6ECE,08040f3d
0x003D6ED0,080f0804
0x003D6FA6,0801f0c8
0x003D704B,08401e17
0x003D7086,0808bd32
0x003D708F,084906bd
0x003D7161,08400c00
0x003D7175,0800db53
0x003D7234,08100302
0x003D723B,08000417
0x003D729C,08132b25
0x003D7321,08011500
0x003D737F,080c4010
0x003D7387,08213b21
0x003D7421,08263d3c
0x003D7542,0843383c
0x003D7561,08093629
0x003D75DE,082c0a34
0x003D760B,083c3b1b
0x003D76C7,08000d17
0x003D772F,082d393c
0x003D78B2,08102c3d
0x003D798C,0800241e
0x003D79C5,0840a967
0x003D79F3,0800b0f6
0x003D79F5,08400800
0x003D7A80,08286606
0x003D7A81,08082866
0x003D7ABE,0800a274
0x003D7AC9,084a1ce7
0x003D7AD6,0806203b
0x003D7B46,08151c1e
0x003D7B47,0808151c
0x003D7D23,08243e3b
0x003D7D27,080e1c1e
0x003D7D29,0804080e
0x003D7EB7,08149037
0x003D7ED2,080b0bd1
0x003D8145,08040b38
0x003D8208,0801802e
0x003D8428,08423e32
0x003D84CB,08090004
0x003D84F5,08021528
0x003D8553,08040c18
0x003D858A,08000323
0x003D8614,080a0905
0x003D873D,08071090
0x003D8749,0801331a
0x003D879E,080a0303
0x003D87C2,08030600
0x003D8823,0806050e
0x003D885C,081a1517
0x003D885D,08081a15
0x003D885F,08000808
0x003D88F8,08040764
0x003D890F,08070080
0x003D8994,08242077
0x003D8998,08047a02
0x003D8A21,080e1165
0x003D8A7A,08060402
0x003D8ADA,08045b10
0x003D8B60,080b5531
0x003D8BCE,08400730
0x003D8C5E,0820920b
0x003D8D3F,08030344
0x003D8DE9,0800841f
0x003D8E0D,081c3c07
0x003D8E17,08103628
0x003D8EA2,081e0f1c
0x003D8F16,0802393c
0x003D8F1F,080b3f3f
0x003D8F6F,08003620
0x003D8F9E,080f1312
0x003D8FFC,080e0a0e
0x003D8FFD,08080e0a
0x003D903F,08401313
0x003D905A,080406d8
0x003D906F,0811ea0d
0x003D90A4,0817160c
0x003D90E7,084f2b2f
0x003D9161,080e0000
0x003D916E,08002f00
0x003D9173,08011c2c
0x003D9186,08111601
0x003D9191,08090905
0x003D9198,080c0002
0x003D9199,08080c00
0x003D91A1,08010402
0x003D921D,08130904
0x003D92D3,080c1cd7
0x003D92EC,08011722
0x003D92FD,080a0f2a
0x003D9322,08041000
0x003D9348,081c1425
0x003D941A,0805c502
0x003D9448,0807b707
0x003D9468,0803db06
0x003D9508,08001617
0x003D9542,080431ae
0x003D955B,08060900
0x003D959E,080a0580
0x003D959F,08080a05
0x003D95A1,08130808
0x003D95A5,08050b00
0x003D96BA,0806302b
0x003D96F6,083810de
0x003D96FB,08010081
0x003D971E,0830f1d5
0x003D971F,080830f1
0x003D972C,0800fc59
0x003D9730,0800480f
0x003D97DC,080e0ebf
0x003D97FB,0804000b
0x003D981F,08301848
0x003D9826,08020908
0x003D98A6,0801193d
0x003D98F4,08090909
0x003D98FD,08131dba
0x003D9987,0835380a
0x003D99A5,08002732
0x003D99DD,080c9500
0x003D9A68,08060605
0x003D9A7A,08085f02
0x003D9AE9,0818041e
0x003D9C14,0809c607
0x003D9C27,08050106
0x003D9D0F,08062601
0x003D9D18,08020526
0x003D9D32,08182106
0x003D9D94,0800160f
0x003D9D98,080e181d
0x003D9DD4,08006f0a
0x003D9DD5,0808006f
0x003D9DFF,08002920
0x003D9E2D,08100203
0x003D9E33,0805800d
0x003D9E43,08181f00
0x003D9E65,08060008
0x003D9F34,08060f06
0x003D9F40,083b0c2f
0x003DA084,081f0c20
0x003DA093,08363a2a
0x003DA0B5,080b1e1e
0x003DA0C0,0841113a
0x003DA108,08090a1c
0x003DA14E,08281c25
0x003DA152,08020479
0x003DA169,08110e24
0x003DA22A,084c20bf
0x003DA2EE,08000202
0x003DA2FF,0856c707
0x003DA321,082c6a13
0x003DA3DA,0818843f
0x003DA3DB,08081884
0x003DA4AB,08001e1e
0x003DA4F1,080a2828
0x003DA56B,0801b0b1
0x003DA5E3,08010208
0x003DA657,08072077
0x003DA65C,08062e07
0x003DA67D,08073006
0x003DA6EE,081c2c10
0x003DA715,0806003f
0x003DA71A,080539eb
0x003DA744,0804ea12
0x003DA7E7,080001f0
0x003DA809,0813062d
0x003DA857,080c0d09
0x003DA87F,080f20a7
0x003DA8A6,08012a10
0x003DA923,08002014
0x003DA9A7,08112080
0x003DAA35,08420041
0x003DABFA,08420421
0x003DAC17,0818e920
0x003DAC9D,08100741
0x003DAD58,081b223f
0x003DAD68,08050023
0x003DAD74,08030215
0x003DAD8C,08040015
0x003DADD3,08001417
0x003DAE51,08031f44
0x003DAE7B,08002826
0x003DAE88,0801021a
0x003DAEA0,080a2002
0x003DAEF2,08030100
0x003DAF07,08020001
0x003DAF37,080c1040
0x003DAFAE,08508703
0x003DAFB4,085022d0
0x003DB058,08040b0e
0x003DB087,08020e55
0x003DB093,080c0305
0x003DB0A5,080f3104
0x003DB0AA,08000107
0x003DB0E4,080d1700
0x003DB0F8,08060013
0x003DB21F,08002510
0x003DB24B,081f0372
0x003DB250,081f0400
0x003DB27C,08121701
0x003DB2CF,0810ff03
0x003DB2E2,0813301e
0x003DB2E6,08102b35
0x003DB33A,08071023
0x003DB358,080c0708
0x003DB371,08130a13
0x003DB378,084a090a
0x003DB382,0804130e
0x003DB3A3,08022005
0x003DB3AB,0811f404
0x003DB408,08112d2d
0x003DB48D,08222213
0x003DB4AB,0800821f
0x003DB4F1,08000f0c
0x003DB516,08020206
0x003DB517,08080202
0x003DB5AC,08002f39
0x003DB5DB,0804070c
0x003DB5E5,08030b02
0x003DB60F,08151415
0x003DB612,08440408
0x003DB75C,08024d05
0x003DB76C,080501cb
0x003DB774,08000308
0x003DB788,0803000d
0x003DB7BB,08010094
0x003DB863,0831312a
0x003DB875,080d1f33
0x003DB877,0820080d
0x003DB8EB,0804031f
0x003DB917,080f3534
0x003DB932,08002532
0x003DB955,0806301f
0x003DB9B1,083c37be
0x003DB9BF,08003701
0x003DB9EE,08113112
0x003DB9F2,0800f206
0x003DBA4C,08021b07
0x003DBA4E,08200802
0x003DBA5C,080c0453
0x003DBB00,0842111f
0x003DBB1E,08121b2f
0x003DBB92,0800842d
0x003DBB99,08040105
0x003DBBC9,08152100
0x003DBBCF,081c2123
0x003DBC82,08030f07
0x003DBC93,08070413
0x003DBD23,08333a00
0x003DBD44,0842102c
0x003DBD85,080a0aa7
0x003DBD89,0801040b
0x003DBE4D,0840a903
0x003DBE59,08280820
0x003DBE5C,08108808
0x003DBEBD,0803031f
0x003DBF3C,0810100a
0x003DBF40,081e200f
0x003DBF47,08041510
0x003DBF74,080a1f02
0x003DBF82,080adb02
0x003DBF8B,08420007
0x003DBFD1,080b8f00
0x003DBFF0,08202102
0x003DC003,08010c23
0x003DC067,081e1206
0x003DC06B,0801105f
0x003DC073,080c0700
0x003DC0A6,080f0c1a
0x003DC0AF,081d1107
0x003DC0F8,080f021b
0x003DC0FE,08100088
0x003DC11C,08021891
0x003DC120,0810200d
0x003DC19F,080120b4
0x003DC1AD,08100317
0x003DC1BF,0800cc01
0x003DC262,08010104
0x003DC263,08080101
0x003DC26B,0808a80b
0x003DC277,0807130b
0x003DC297,08001f0e
0x003DC29F,08071003
0x003DC2AD,080a0c0d
0x003DC2B8,08000d0d
0x003DC2F7,08106f27
0x003DC30F,0800de14
0x003DC323,08110207
0x003DC336,08011001
0x003DC37B,08030001
0x003DC38C,083ffd05
0x003DC3B0,08085701
0x003DC45F,0804001a
0x003DC47C,0812086e
0x003DC48C,08052004
0x003DC49F,08051002
0x003DC4A6,0805001b
0x003DC4D2,081c2020
0x003DC52F,08000f1d
0x003DC5E7,08042042
0x003DC60C,08111517
0x003DC637,0804002d
0x003DC650,08082406
0x003DC66E,081b1303
0x003DC6A4,0813131b
0x003DC770,0804021f
0x003DC783,0841070e
0x003DC816,08111f61
0x003DC837,080a550e
0x003DC8E8,0801c050
0x003DC926,0800e104
0x003DC92F,083f1c12
0x003DC932,08040b08
0x003DC94C,08400418
0x003DC956,08031243
0x003DC962,0840086d
0x003DC96B,0840025d
0x003DC9B5,080a1224
0x003DC9BA,08002c42
0x003DC9C0,08102229
0x003DC9D7,080c0d0b
0x003DC9D8,08080c0d
0x003DCA46,08040711
0x003DCA6F,080a031a
0x003DCA76,080c8c0c
0x003DCAC6,08090902
0x003DCAD1,08411305
0x003DCAEF,080d1607
0x003DCB87,08061014
0x003DCBDB,080c7802
0x003DCC0F,08122135
0x003DCC2F,08490c07
0x003DCC71,08300f0c
0x003DCCD5,080a6700
0x003DCCE4,08020004
0x003DCCF6,080b1f01
0x003DCD55,083d358e
0x003DCDA5,08000f2c
0x003DCDBC,08180002
0x003DCDE3,08010b77
0x003DCE6D,08040402
0x003DCEE4,08106e03
0x003DCEEF,08034c05
0x003DCEF7,08161608
0x003DCF19,08041d03
0x003DCF1E,080700b9
0x003DCF20,08010807
0x003DCF56,082c0629
0x003DD05A,0825261a
0x003DD082,08143f0b
0x003DD09C,08141000
0x003DD0B1,08011207
0x003DD178,0811979c
0x003DD1AD,08151d00
0x003DD1B7,080f0e04
0x003DD211,085300f0
0x003DD24B,080a0e0a
0x003DD274,080c0e0e
0x003DD29C,08080705
0x003DD2DF,08001720
0x003DD2EA,08002251
0x003DD2EF,0803cf15
0x003DD2F0,080803cf
0x003DD2F8,08070018
0x003DD30F,08020a07
0x003DD313,08130704
0x003DD315,08000813
0x003DD3C7,0800a030
0x003DD409,0812024e
0x003DD417,081ae905
0x003DD43C,08120a0b
0x003DD4AF,080a2010
0x003DD529,08000700
0x003DD75C,08420421
0x003DD779,081ce718
0x003DD802,08100100
0x003DD849,08106400
0x003DD85D,08102639
0x003DD981,08403f6d
0x003DD98E,08190620
0x003DD9A7,083a0405
0x003DD9B9,081c0727
0x003DDB1A,082d0700
0x003DDB64,083a3a07
0x003DDB7B,08090001
0x003DDC46,08000323
0x003DDC79,08501339
0x003DDE0E,083f3703
0x003DDE5E,0802292f
0x003DDEA5,0800372e
0x003DDEB0,08222300
0x003DDED7,08353737
0x003DDEE6,080723ce
0x003DDEEF,083a0724
0x003DE0A1,08070a0c
0x003DE0A7,080d0621
0x003DE19C,08401407
0x003DE2F6,083f380c
0x003DE315,0807002e
0x003DE32E,08008c84
0x003DE3E0,08281088
0x003DE41C,08100602
0x003DE4E0,08303024
0x003DE50B,082a2d10
0x003DE515,081d3121
0x003DE51A,08263b1e
0x003DE650,080b0b0b
0x003DE6BB,08070a01
0x003DE6BC,0808070a
0x003DE79A,08102139
0x003DE79E,080e1f3e
0x003DE7A1,08004b08
0x003DE865,080b05b3
0x003DE866,08080b05
0x003DE870,0806000d
0x003DE874,0800180c
0x003DE87E,08082209
0x003DE8E7,080dbf01
0x003DE922,0807003b
0x003DEA63,0806053e
0x003DEA81,08070407
0x003DEA88,08048100
0x003DEA8A,08070804
0x003DEAA3,0804043c
0x003DEAC7,081c2104
0x003DEACB,08100c3d
0x003DEACC,0808100c
0x003DEAE8,08073c0a
0x003DEAFA,083d3d0d
0x003DEAFE,080610cc
0x003DEAFF,08080610
0x003DEB22,080d1209
0x003DEBEE,08000727
0x003DED54,084218a6
0x003DED5A,08412926
0x003DEE66,08121104
0x003DEF03,08060420
0x003DEF2A,08001b4c
0x003DEF6C,080a1010
0x003DF053,0811203f
0x003DF054,08081120
0x003DF078,08061643
0x003DF08A,08050633
0x003DF0C6,08262537
0x003DF130,0840f03f
0x003DF137,0801b001
0x003DF16A,08140350
0x003DF1CA,08001529
0x003DF23A,083b3306
0x003DF282,08003637
0x003DF2A6,080b0016
0x003DF303,08226725
0x003DF31D,08000f32
0x003DF381,08040420
0x003DF3C7,083b0239
0x003DF445,081b2600
0x003DF4BE,08142714
0x003DF4CA,08000720
0x003DF533,08263735
0x003DF5AC,0817133f
0x003DF5E3,08460214
0x003DF601,08111139
0x003DF609,08110235
0x003DF7B2,08327025
0x003DF7E4,080c1010
0x003DF7E6,0841080c
0x003DF805,08230c62
0x003DF807,08200823
0x003DF995,08040031
0x003DF9B2,0840031b
0x003DF9DC,08203702
0x003DFAD1,0803112f
0x003DFAE2,08405800
0x003DFB33,08031429
0x003DFB5C,0833031e
0x003DFB69,08141b42
0x003DFB77,080c3f08
0x003DFB87,080303fb
0x003DFB8E,080b17d3
0x003DFBA6,08363112
0x003DFC46,08160400
0x003DFC9F,08253fc6
0x003DFCBE,080f400b
0x003DFCFB,080519b5
0x003DFD0A,08007100
0x003DFD14,0836260b
0x003DFD3E,08041107
0x003DFD4B,080c0e07
0x003DFD8D,08156103
0x003DFDB6,08500e1f
0x003DFE8C,08110f27
0x003DFEEC,0801d001
0x003DFEF2,08280740
0x003DFEFF,083f1730
0x003DFF59,083d3700
0x003DFF83,080d0e06
0x003DFFC0,08407613
0x003DFFFF,0812101a
0x003E00DB,08000007
0x003E024E,0842358b
0x003E0257,084e3162
0x003E0389,083e3e3f
0x003E041F,080f0c09
0x003E043A,0810f13b
0x003E0453,08100a56
0x003E0459,0810034a
0x003E0535,08005e20
0x003E071A,08406834
0x003E0787,080630ff
0x003E0869,08100325
0x003E0A11,08340509
0x003E0CC2,08071038
0x003E0E2B,0800e020
0x003E0F51,080f343e
0x003E0F5A,0802010a
0x003E113F,080c2b00
0x003E119F,08101216
0x003E11A3,080d1700
0x003E1352,082a3931
0x003E1402,08008018
0x003E141A,08203304
0x003E1425,08336613
0x003E14D5,080e20fc
0x003E1612,0850ca32
0x003E1651,0850a7d0
0x003E1715,08124f00
0x003E172A,08343830
0x003E174A,080f1012
0x003E177B,08000007
0x003E19C4,08082405
0x003E19C8,08020610
0x003E19EC,08020102
0x003E19FE,08050106
0x003E1A19,08000313
0x003E1A1B,08050800
0x003E1A55,08030740
0x003E1A6A,08400107
0x003E1AA6,08003f33
0x003E1AA7,0808003f
0x003E1AC1,08053b3e
0x003E1ACA,08022c3e
0x003E1B1B,08108011
0x003E1B27,08409501
0x003E1B2F,08094105
0x003E1B4E,08016fa1
0x003E1BA6,083f1200
0x003E1BB4,08012c3e
0x003E1BBF,08020402
0x003E1BC8,08040303
0x003E1C42,08373737
0x003E1C5A,08005713
0x003E1C66,0839003f
0x003E1D4C,0828282f
0x003E1D86,08012f3e
0x003E1E3E,08000700
0x003E1E43,08370720
0x003E1E52,083f0700
0x003E1EA8,08020307
0x003E1F1D,08060c0c
0x003E2029,08073f95
0x003E203D,08000d27
0x003E207F,0833023d
0x003E2085,083e283f
0x003E209D,083f2710
0x003E20AA,0820f134
0x003E20B6,08071006
0x003E20D8,080c0b9b
0x003E20E5,08041700
0x003E2105,08302517
0x003E2122,082a2911
0x003E2128,0810011e
0x003E2143,08202311
0x003E2207,083d0237
0x003E221A,083e3dc4
0x003E2259,080b0cd6
0x003E228F,08021099
0x003E2292,08090008
0x003E22BE,083f0720
0x003E2319,080f4812
0x003E23E5,080b1510
0x003E23F9,08101810
0x003E241D,080730e4
0x003E2427,08041e10
0x003E24A0,0823293c
0x003E24B5,08112a18
0x003E25D0,0828205c
0x003E25EC,0828360a
0x003E25F5,0807400e
0x003E26F9,080e1616
0x003E26FA,08080e16
0x003E2746,083f3f04
0x003E2777,08000700
0x003E277A,08090008
0x003E2871,081ce728
0x003E294C,084180a5
0x003E2ADB,0850dbee
0x003E2DD7,08005707
0x003E2EB9,08466667
0x003E2FE4,084edc17
0x003E34CC,08000007
0x003E3804,08403f06
0x003E381B,0840b601
0x003E3BC9,08048f03
0x003E3BCA,0808048f
0x003E3BE7,08003907
0x003E3C89,08051f35
0x003E3D03,083b3c35
0x003E3D04,08083b3c
0x003E3D05,0808083b
0x003E3D20,08004504
0x003E3DDF,08080004
0x003E3DE9,08202000
0x003E3DF3,08203333
0x003E3F82,083f0b00
0x003E3FA5,08074014
0x003E4084,0810f203
0x003E40EA,0823203d
0x003E414B,083900ed
0x003E4213,08021626
0x003E4330,080b243d
0x003E4382,08015001
0x003E4451,084ff605
0x003E44F9,08036d13
0x003E464B,08200750
0x003E4695,08060714
0x003E4763,08074009
0x003E477A,081017e4
0x003E47F4,08353fc8
0x003E48BF,08000711
0x003E4A4C,08427ec0
0x003E4AF4,08420180
0x003E4BF3,08116800
0x003E4CFE,0803001f
0x003E4D5C,08000300
0x003E4E5E,08507720
0x003E4EB3,08007ed2
0x003E4EBB,0800fc50
0x003E4F30,080000ff
0x003E50B9,0800fdf6
0x003E53F9,08017013
0x003E5599,0800ff03
0x003E58C3,0810fb03
0x003E5D75,0810fd03
0x003E5F56,0800fbb9
0x003E61D5,0820f5ef
0x003E6260,0807ff01
0x003E62D1,0800ff03
0x003E6A53,0808ff50
0x003E6E26,0830fb57
0x003E6E75,080c007f
0x003E71C7,084f6e00
0x003E71FD,08005f03
0x003E7512,080f00fe
0x003E761C,0810007e
0x003E7884,0800c0fc
0x003E7B9A,0800ff03
0x003E7E0F,08004766
0x003E7F8D,0800b2ef
0x003E816B,08000300
0x003E8563,0808ff90
0x003E866C,0800ddb7
0x003E870D,08004797
0x003E8AD8,08030004
0x003E914D,0800f310
0x003E9556,08009212
0x003E9753,0801bfff
0x003E9974,0800affc
0x003E9995,0800ff03
0x003E9D64,0800fffe
0x003EA02B,0840fff8
0x003EA3EC,082200ff
0x003EA4AA,08504dff
0x003EA540,08108150
0x003EA811,081f000b
0x003EACB7,0810e713
0x003EAF81,0810fb48
0x003EAFFB,080bfffe
0x003EB1E7,0800aa00
0x003EB1E8,080800aa
0x003EB308,0800fdaa
0x003EB309,080800fd
0x003EB895,0803000b
0x003EB9B5,0801cffc
0x003EBAA8,0810e9ff
0x003EBFDA,080bfffa
0x003EC105,0801d01f
0x003EC762,08074b00
0x003ECE7E,0800fffa
0x003ED0CE,0804aefe
0x003ED182,08007b00
0x003ED183,0808007b
0x003ED48B,0800c044
0x003ED4FD,080400df
0x003ED65A,08200150
0x003ED7B2,080b00a7
0x003EDCF0,080077e7
0x003EDF59,080120ff
0x003EE2B6,08008eff
0x003EE7FF,08001444
0x003EEAD2,08008700
0x003EEF56,081c009b
0x003EFBD4,08032090
0x003EFDCE,08030078
0x003EFE68,08107dff
0x003EFED1,08344037
0x003F082D,0811d91f
0x003F09E5,08200043
0x003F0B70,081148bf
0x003F0EF0,0803ff1b
0x003F1378,0800ca03
0x003F137B,0800a908
0x003F137F,0800a098
0x003F1709,083cb99b
0x003F18F5,08070079
0x003F1925,08004476
0x003F1BE0,08109000
0x003F1C05,08009420
0x003F1E41,08010007
0x003F21A9,08000000
0x003F2235,08002113
0x003F224E,08003203
0x003F27BD,08001000
0x003F27BF,08000800
0x003F27D1,08000000
0x003F27E5,08000000
0x003F27E9,08001000
0x003F27EB,08000800
0x003F27F9,08000000
0x003F27FD,08000000
0x003F2811,08001000
0x003F2813,08000800
0x003F2825,08000000
0x003F283D,08001000
0x003F283F,08000800
0x003F2851,08000000
0x003F2867,08001000
0x003F2871,08000000
0x003F28B9,08001000
0x003F28BB,08000800
0x003F28CD,08000000
0x003F28E3,08001000
0x003F29E4,083f2954
0x003F2A18,083f2a04
0x003F2AE7,08155611
0x003F2CEB,08500750
0x003F2CFE,08502939
0x003F2D1D,08071055
0x003F2DA1,0800246b
0x003F2DB2,08106851
0x003F2F51,08008f21
0x003F31B6,08506808
0x003F31FD,08362251
0x003F3332,08142a14
0x003F337C,08074059
0x003F353B,0839d304
0x003F3625,08057e23
0x003F37B1,08207b7b
0x003F37CB,0810e03f
0x003F3A5A,081308e2
0x003F3AC1,0800c82c
0x003F3AFC,084743d0
0x003F3B1C,08108231
0x003F3B50,08254304
0x003F3BDF,08200f17
0x003F3BEC,0800a007
0x003F3BFE,08001103
0x003F3CA4,08400747
0x003F3CA7,08443a08
0x003F3CB5,08100b26
0x003F3E7B,08331128
0x003F3E7F,0811211f
0x003F3EC5,0833c602
0x003F3F9B,08005753
0x003F3FA7,08003a10
0x003F4109,08386c6f
0x003F414B,08041011
0x003F41E1,080e1f3b
0x003F41E3,0810080e
0x003F41E9,08184e18
0x003F41FE,08115748
0x003F4200,080e0811
0x003F420B,0811341f
0x003F4234,0853c813
0x003F426D,0807f027
0x003F42AD,08400834
0x003F430D,0810613a
0x003F4409,0852a733
0x003F445E,0800f33a
0x003F459A,0841c001
0x003F4613,08527752
0x003F464A,08492b00
0x003F469F,0810b425
0x003F46D5,080e1601
0x003F474B,08502c0c
0x003F4764,08390007
0x003F476E,080e1d33
0x003F4786,080e2b30
0x003F4787,08080e2b
0x003F4791,0808561d
0x003F48CA,080e2fb8
0x003F48F6,08166a17
0x003F4979,080f407e
0x003F49FC,0810192d
0x003F49FD,08081019
0x003F4A69,081f1d26
0x003F4A90,08110954
0x003F4BD8,08416600
0x003F4C5B,08000718
0x003F4F7C,08404040
0x003F5036,0820c998
0x003F5058,08408f51
0x003F509D,08205fb0
0x003F50CD,08008d07
0x003F50E0,08109c21
0x003F50E5,08001110
0x003F50EB,08100910
0x003F51B8,08409d0d
0x003F5204,08073004
0x003F521C,080f0640
0x003F5224,08170622
0x003F52AE,08002922
0x003F532C,08010a00
0x003F5350,080f1824
0x003F5358,081e0f12
0x003F5366,08104040
0x003F5624,08494c4e
0x003F5626,08120849
0x003F56DA,080100df
0x003F56F6,084e1526
0x003F58C0,08201d11
0x003F58F9,08000f22
0x003F590C,08100433
0x003F59A3,0840737d
0x003F5AAB,0831391d
0x003F5AC3,08002662
0x003F5C0C,081ed412
0x003F5C10,08050111
0x003F5C2A,083a2024
0x003F5C2E,08082230
0x003F5C2F,08080822
0x003F5C35,0800eb35
0x003F5C3A,085a001b
0x003F5C3B,08085a00
0x003F5C6D,0800e001
0x003F5C8F,0830643b
0x003F5D50,084031e8
0x003F5D53,08402e08
0x003F5D5F,08102422
0x003F5D67,08001b12
0x003F5E87,0808110f
0x003F5EA9,08011c00
0x003F5EB2,08054000
0x003F5EC4,08041837
0x003F5FB6,08474e50
0x003F5FF7,08200625
0x003F6046,08100077
0x003F606D,08000143
0x003F607F,08000140
0x003F6081,080d0800
0x003F608B,080f2016
0x003F60C4,0800021c
0x003F6160,08049613
0x003F6161,08080496
0x003F616D,08100133
0x003F61AA,08001921
0x003F61CC,08105933
0x003F62A1,0820107a
0x003F62AE,08508067
0x003F6324,08243320
0x003F632B,081d6957
0x003F638B,08061012
0x003F6391,08061004
0x003F6392,08080610
0x003F639D,0810814e
0x003F64A9,0804001c
0x003F667E,08003648
0x003F66B7,08200640
0x003F67E0,08003414
0x003F6861,08335b59
0x003F68EC,08102540
0x003F68F5,08005125
0x003F6992,08474c4e
0x003F69AD,08204e6b
0x003F6A49,083a2c24
0x003F6A5D,08090501
0x003F6BB4,08042032
0x003F6BB8,08010730
0x003F6CD4,08060003
0x003F6D34,0800624d
0x003F6DF7,08075001
0x003F6DF8,08080750
0x003F6DFD,08050105
0x003F6E00,082d0408
0x003F6E02,0820082d
0x003F6E6F,08090447
0x003F6EB1,0833437e
0x003F6EFA,081c2a2d
0x003F6F27,081c2031
0x003F6FD4,083a5a5c
0x003F70BA,0809b60e
0x003F71C0,084f4f4a
0x003F71DA,0804011d
0x003F71DE,08441604
0x003F71EF,0840315a
0x003F7267,08000700
0x003F74A4,08421860
0x003F763F,080f1155
0x003F7716,0820841f
0x003F784D,0800402f
0x003F785F,0833b210
0x003F78DA,08406007
0x003F792D,08070011
0x003F79D3,08436c6c
0x003F7A16,08300a00
0x003F7A60,08403a32
0x003F7BBC,08071073
0x003F7BC2,0810434d
0x003F7BD2,0800801c
0x003F7C5C,080dc054
0x003F7CAA,08071016
0x003F7E99,080a2560
0x003F7EC7,08091007
0x003F7F01,084e204e
0x003F7F1F,08472254
0x003F7F2E,08155e3d
0x003F7F83,08307a79
0x003F80CF,08103240
0x003F81D2,08454249
0x003F82D3,0807101b
0x003F8504,0806246f
0x003F8506,08000806
0x003F8507,08080008
0x003F850D,08000908
0x003F8515,08008309
0x003F855D,08493c10
0x003F873C,08001b7f
0x003F8774,0800712c
0x003F8782,08392a03
0x003F87CE,0810622c
0x003F883A,082c4d55
0x003F8943,0813456f
0x003F895A,0801d205
0x003F898F,08001240
0x003F8990,08080012
0x003F8993,081e2208
0x003F899E,08001227
0x003F8AAF,08102b68
0x003F8AB6,08103142
0x003F8ABE,08335b13
0x003F8B03,0810d312
0x003F8B81,08030700
0x003F8BB2,085a5213
0x003F8BB7,0827ce15
0x003F8BC3,0810f712
0x003F8BC5,08150810
0x003F8BF5,08040110
0x003F8BF6,08080401
0x003F8BF9,08091108
0x003F8D42,08113357
0x003F8D71,08100c22
0x003F8D72,0808100c
0x003F8DB6,081c0452
0x003F8DBC,0808120c
0x003F8E06,08100946
0x003F8E89,0840555f
0x003F8FD6,08014512
0x003F9195,084f3007
0x003F9214,08003d14
0x003F9272,084a4039
0x003F928C,08443f7c
0x003F9307,08152275
0x003F9311,0808900b
0x003F931C,08090c12
0x003F93F1,08002b2c
0x003F9502,08001534
0x003F950B,080c3452
0x003F957E,0807309c
0x003F95EA,08000700
0x003F97C7,0800c69f
0x003F9806,082a2081
0x003F99FF,0839204c
0x003F9A20,08400d15
0x003F9B3C,08201413
0x003F9B4F,0807005c
0x003F9C42,08000b01
0x003F9C49,080090e8
0x003F9D47,080d8852
0x003F9D54,08141300
0x003F9D58,08050202
0x003F9D82,08052300
0x003F9DAE,08233630
0x003F9DB8,08050525
0x003F9DB9,08080505
0x003F9DFC,080b1309
0x003F9E13,08123556
0x003F9EAB,08004d08
0x003F9EAF,08004966
0x003F9EB5,0800493e
0x003F9F31,08061251
0x003FA077,084d351c
0x003FA15A,083e0501
0x003FA1C2,0812263c
0x003FA1DC,08130502
0x003FA2E5,08072010
0x003FA2FA,08400b8e
0x003FA319,08071081
0x003FA346,08102f7e
0x003FA3C9,08000730
0x003FA3EE,0800c702
0x003FA3FA,0800ad12
0x003FA404,08401a10
0x003FA41B,08304125
0x003FA420,08107600
0x003FA479,08164144
0x003FA4CC,08409121
0x003FA4D0,08303226
0x003FA594,0810df25
0x003FA67B,082c424b
0x003FA6DC,08402207
0x003FA6E4,08302d45
0x003FA720,08050d10
0x003FA74F,080b100e
0x003FA870,08021013
0x003FA874,0809200b
0x003FA877,083a0108
0x003FA8B2,080b0013
0x003FA8C2,085a19bb
0x003FA8C3,08085a19
0x003FA8D4,0830086f
0x003FA8E8,08100700
0x003FA955,08102621
0x003FA9D6,08054757
0x003FA9F4,080c0957
0x003FAAE0,08003549
0x003FAAE3,08020608
0x003FAAEC,08020864
0x003FAB4E,080eec03
0x003FAB4F,08080eec
0x003FABBD,08190401
0x003FAC03,08404057
0x003FACB7,0840ae49
0x003FACEE,08009e07
0x003FAD08,08051f03
0x003FAD97,08110700
0x003FADF4,08163d44
0x003FAE19,08008b3d
0x003FAE1D,08123939
0x003FAE76,084d5e49
0x003FAE96,08006e0c
0x003FAEBB,083e668f
0x003FAEBE,08471508
0x003FAEDC,0844163e
0x003FAEE4,0816001b
0x003FAEFC,0820f607
0x003FAF00,08108c1b
0x003FB019,084b4b63
0x003FB105,08280c09
0x003FB144,08131f17
0x003FB18B,0810d1c7
0x003FB200,0801120c
0x003FB20C,08434543
0x003FB26F,08009407
0x003FB280,08421e2d
0x003FB285,08103005
0x003FB302,08492731
0x003FB316,080ba602
0x003FB369,0807020b
0x003FB447,08405724
0x003FB44A,08402a08
0x003FB44E,08402f4d
0x003FB45B,08000940
0x003FB465,082d1926
0x003FB476,083a13d0
0x003FB47A,080eef0d
0x003FB4AE,08022320
0x003FB4BA,08100710
0x003FB512,0807fa04
0x003FB53A,0820ffbe
0x003FB6CE,08402a01
0x003FB6EE,080600a2
0x003FB75D,0809121b
0x003FB77D,0802b815
0x003FB781,080e0e1f
0x003FB795,084f05ad
0x003FB796,08084f05
0x003FB883,080c253f
0x003FB88F,08090c0b
0x003FB8A9,08402207
0x003FB8B5,0800332d
0x003FB8DA,080740eb
0x003FB911,08011502
0x003FB9B5,080630fe
0x003FB9F0,084060c2
0x003FB9F3,08404008
0x003FB9FB,08403ad1
0x003FBA1B,08000700
0x003FBC44,08420000
0x003FBC48,08440c42
0x003FBDD7,080740d6
0x003FBE2F,080f0fbb
0x003FBE3F,0800df07
0x003FBE91,08100705
0x003FBE93,080f0810
0x003FBEC0,080fe510
0x003FBECC,08070009
0x003FBF28,08080a0d
0x003FBF8D,08129001
0x003FC0EA,08020402
0x003FC108,08394203
0x003FC10B,0830b608
0x003FC110,0810fb01
0x003FC115,0810fb01
0x003FC124,0800e42e
0x003FC418,08071239
0x003FC46F,08432124
0x003FC560,08040212
0x003FC570,08020c11
0x003FC5FF,08393020
0x003FC609,08174c4f
0x003FC60C,08083008
0x003FC60D,08080830
0x003FC626,0800bf12
0x003FC644,0802c702
0x003FC72B,08025c5c
0x003FC77D,08462f26
0x003FC7D9,0810f5d3
0x003FC7E5,08402447
0x003FC7F7,08103f13
0x003FC83D,08003726
0x003FC90A,08475c5c
0x003FC952,0800031a
0x003FC9FD,08409d25
0x003FCB53,08409f25
0x003FCB96,084a009f
0x003FCBC7,0800ec27
0x003FCCAB,083b0b07
0x003FCD67,08005158
0x003FCDF8,0830c813
0x003FCE14,08000de1
0x003FCE29,0840d013
0x003FCE2D,0827a702
0x003FCE3E,0807172a
0x003FCED0,0800604a
0x003FCEDF,08403b07
0x003FD034,08102b63
0x003FD05C,0800f42e
0x003FD067,0804f27d
0x003FD07B,08075001
0x003FD08E,0801d092
0x003FD093,083f4457
0x003FD0E5,08004c53
0x003FD17B,0807e0f3
0x003FD180,08506eb1
0x003FD1F6,0810d25a
0x003FD2E6,0810154a
0x003FD316,0840675e
0x003FD42D,084c1604
0x003FD4EB,08252525
0x003FD642,08063010
0x003FD6E0,08104337
0x003FD6E7,0830311d
0x003FD760,080f2007
0x003FD778,08073012
0x003FD8F8,0834dc09
0x003FD8FD,0810590b
0x003FD97C,08051005
0x003FD981,08000e00
0x003FDA7A,0820b051
0x003FDAC5,0809b506
0x003FDC6E,08404d87
0x003FDCDA,080e0015
0x003FDD6E,083e004c
0x003FDEFA,08420442
0x003FDEFC,08430842
0x003FE07A,08100c42
0x003FE093,0850fb02
0x003FE522,083f2207
0x003FE657,08002002
0x003FE678,08200750
0x003FE6AE,0845d601
0x003FE6B3,0850473d
0x003FE6C1,084d4523
0x003FE799,08101832
0x003FE895,08405930
0x003FE8A8,08404408
0x003FE8AD,08204701
0x003FE924,08150d10
0x003FE96D,08103226
0x003FE975,08008035
0x003FE9AF,08108421
0x003FEA0A,08102b0c
0x003FEA37,08252522
0x003FEA50,08154008
0x003FEA56,080f35cd
0x003FEA7C,082a0e01
0x003FEAB2,08104f20
0x003FEB55,0810862c
0x003FEC8E,085a542b
0x003FECA3,08301010
0x003FEE90,08073004
0x003FEE95,08100760
0x003FEF0B,08494744
0x003FEF28,08001023
0x003FEF84,08404988
0x003FEFBA,08000710
0x003FF0EF,080b1b36
0x003FF115,080b0b0b
0x003FF116,08080b0b
0x003FF117,0808080b
0x003FF11B,08088f0d
0x003FF137,08140743
0x003FF151,08081530
0x003FF15A,0842040f
0x003FF167,08011690
0x003FF170,0810200b
0x003FF17B,081b131e
0x003FF1CE,081f4731
0x003FF299,080b1711
0x003FF389,08112008
0x003FF3B8,0810c412
0x003FF419,08000700
0x003FF431,08110010
0x003FF5BE,08410422
0x003FF5C2,08430c63
0x003FF5E3,081ce818
0x003FF744,0840ce00
0x003FF7DE,08302407
0x003FF803,08001000
0x003FF804,08080010
0x003FF80D,08010022
0x003FF83C,083d0010
0x003FF859,0810a213
0x003FF9D7,0840efc1
0x003FFA3F,0820faba
0x003FFA48,08331064
0x003FFA55,08200c10
0x003FFA9B,084e400d
0x003FFB42,083e5812
0x003FFC2D,081e320d
0x003FFC5E,083c5312
0x003FFCE9,0800ad32
0x003FFCFA,081620c9
0x003FFD02,08120a03
0x003FFD17,084f5801
0x003FFD5B,08071214
0x003FFD5C,08080712
0x003FFD68,082a212a
0x003FFD8A,080e2132
0x003FFD90,082a320e
0x003FFE55,08123754
0x003FFE5D,083d5f54
0x003FFE9A,08242d34
0x003FFED4,08192b00
0x003FFEE3,080c0150
0x003FFF11,080f73c8
0x003FFF13,0806080f
0x003FFF15,08120806
0x003FFF18,08071008
0x003FFF37,0800122a
0x003FFF3E,081e2b01
0x003FFF42,08300b00
0x003FFF60,0835232a
0x003FFF6A,083f400e
0x003FFF8A,082f43e3
0x00400061,083b6976
0x0040008D,082a1607
0x004000A9,08193c34
0x004000AD,08002215
0x00400199,08225122
0x0040025A,08417129
0x00400290,08031212
0x0040037A,08081512
0x004004A8,08101d3c
0x004004DF,08441473
0x004004F4,08100100
0x0040061D,08003423
0x00400651,08100d34
0x0040066D,0800a329
0x004006F0,08001d23
0x00400951,0810583d
0x00400A3C,08337275
0x00400C99,08300d01
0x00400E3C,0820013a
0x00400FA3,0803fd12
0x00400FD1,08000375
0x00401217,08011700
0x00401291,0850a61b
0x0040129E,08431a6f
0x004012F4,0806240f
0x00401404,080e04c0
0x00401412,08016b04
0x0040147D,08090950
0x00401541,083c8f4f
0x00401552,08101a07
0x00401583,0803c71b
0x0040163D,08200730
0x00401643,081b10f9
0x00401726,08000700
0x00401A8D,080d1410
0x00401A93,08000d0d
0x00401AB2,084d690d
0x00401AB8,08003e37
0x00401AEF,08402380
0x00401B1B,085001a0
0x00401B32,08050905
0x00401B6B,08400207
0x00401C14,080d2710
0x00401C56,08030a37
0x00401C85,08091053
0x00401C97,08071006
0x00401CDC,08101821
0x00401D93,08401a87
0x00401DC5,08100603
0x00401DD3,08011901
0x00401DDD,08100146
0x00401ECC,080720ad
0x00401ED4,0801d0bf
0x00401EDB,085317a0
0x00401EE8,08183f87
0x00401EFB,08020103
0x00401FF8,080236a0
0x00402008,080e537b
0x00402086,08083001
0x00402118,080b312c
0x0040215D,084b0590
0x00402281,08164a2d
0x0040230B,08022c2c
0x0040236A,080d1910
0x00402579,083f0569
0x0040259F,08331f51
0x004025DD,08129949
0x00402652,08408b08
0x0040267A,08105141
0x00402681,08005a70
0x0040268C,08100700
0x00402792,083a511b
0x004028A7,08403e3f
0x00402990,08428063
0x00402A03,08406500
0x00402A08,0803091f
0x00402BB6,08001922
0x00402BC3,08008016
0x00402C0A,08045200
0x00402CD3,08235c31
0x00402D08,08472453
0x00402E0A,08104a00
0x00402E5B,08072023
0x00402F3C,08100d04
0x00402FF3,08522405
0x0040316F,080a0720
0x0040320C,0800c464
0x004032E5,08103150
0x004033E5,080b0f1f
0x0040361E,0823b519
0x004036A0,08506957
0x004036DE,08105155
0x004036E6,08009f4c
0x00403876,0810ce03
0x0040388E,0810ef1f
0x00403912,083d0543
0x00403946,0830421b
0x00403983,08053f05
0x00403989,0807102c
0x00403997,0800af0f
0x004039B2,080f251b
0x004039C8,0804de12
0x00403A01,0811df07
0x00403A8C,083b2566
0x00403A92,08103e55
0x00403AAA,08510006
0x00403ABB,08064740
0x00403D12,0800643e
0x00403D47,08103f39
0x00403DC5,0820400d
0x00403DE8,08401010
0x00403E5E,08450700
0x00403ECE,08000d25
0x0040405A,0843210b
0x004040AD,08012001
0x004042D8,08420c41
0x004042DA,08430842
0x0040431B,081d0721
0x00404449,08408905
0x0040446E,0807101f
0x00404536,080d2303
0x00404537,08080d23
0x0040453A,080b0008
0x00404622,0801f822
0x004046AC,0830141b
0x0040474E,0803010d
0x00404892,0803010f
0x004048A1,08010567
0x004049F6,0810d521
0x00404A9A,08401f44
0x00404BF2,084a5a00
0x00404C95,08108a08
0x00404C9A,08201401
0x00404CA6,08201301
0x00404CBF,0805200e
0x00404D45,0808c613
0x00404D78,08450407
0x00404D8A,0840520d
0x00404D9B,08130895
0x00404DA1,08131405
0x00404DBA,083d0293
0x00404DBF,0805d831
0x00404E7B,08060065
0x00404EA4,08070069
0x00405015,0840211f
0x00405021,0810143e
0x0040526D,08132187
0x00405277,0827ef20
0x004052E2,08403c07
0x00405370,08072062
0x004054C6,08006570
0x00405684,08105970
0x0040583B,081f405c
0x004059C1,0801d001
0x004059DA,08002c68
0x004059F7,08002701
0x00405A03,08000730
0x00405A1A,08110100
0x00405A6B,08405460
0x00405ABF,0813df0a
0x00405B5D,08000730
0x00405BB0,084014c9
0x00405BE9,08000700
0x00405DA8,08420000
0x00405DD5,08192711
0x00405FF4,0800001d
0x00406014,084226c6
0x00406090,0840605c
0x004060A8,08406098
0x004060FC,08475020
0x004061DE,08026f13
0x00406274,0800bff2
0x004062B2,084effff
0x00406411,08033000
0x00406698,08406664
0x004066B0,084066a0
0x00406800,084eff00
0x004068A5,08002e03
0x00406917,080c8cff
0x00406989,08130003
0x00406A05,0817efe8
0x00406A3C,08130082
0x00406B56,08005e03
0x00406C34,08406c00
0x00406C4C,08406c3c
0x00406EDD,080a0185
0x00406F07,081f4eff
0x00406F2A,0817efe8
0x00406FAF,080c041f
0x00407048,08095eff
0x0040704E,08100281
0x00407115,08000000
0x00407160,0840712c
0x00407178,08407168
0x00407223,081677b7
0x00407385,08004e7f
0x00407403,08145ac8
0x00407440,0807024a
0x00407471,0800e7cf
0x00407685,08000000
0x0040768B,08000000
0x004076D0,0840769c
0x004076E8,084076d8
0x004076EB,08001008
0x00407814,0800d01c
0x004078CC,0801df07
0x004078DC,081df618
0x0040790C,08004fff
0x00407A53,0800517e
0x00407C50,08407c1c
0x00407C68,08407c58
0x00407EC8,0807bff7
0x00407EF3,08178000
0x0040803B,08000000
0x00408053,08000000
0x0040806C,0840804c
0x00408084,08408074
0x00408087,08001008
0x0040809C,081c4016
0x0040812C,080300fc
0x004081C0,081710ef
0x004082F5,084eff1c
0x00408329,080081af
0x0040836A,08017f9c
0x0040842B,081c7104
0x00408479,08000000
0x004084D2,084effff
0x00408544,08002780
0x00408635,0800bfff
0x00408664,0800feb7
0x004086A9,084ea800
0x004087E9,08000000
0x004088B2,081bffe4
0x00408B58,080084ef
0x00408BF3,083c3d3e
0x00408BF6,08108108
0x00408C18,083e3f00
0x00408C30,08000600
0x00408C3F,084004af
0x00408CBE,081f1022
0x00408D33,080b172a
0x00408DC0,08002d2d
0x00408DF3,080709b9
0x00408E06,0810142a
0x00408EC6,0800dc0e
0x00408FF4,080d10cb
0x00409009,084e113f
0x00409077,080f4202
0x00409090,08110100
0x004090A1,08102a11
0x004091BE,08341f62
0x004091D0,080d141f
0x00409371,0806060a
0x00409393,08100008
0x00409396,08192b08
0x004093BB,08110816
0x004093DE,08002e5f
0x00409424,0811cf31
0x0040943B,0812034e
0x0040949A,08000a0a
0x0040949B,0808000a
0x0040949C,08080800
0x004094A5,08013080
0x004094A6,08080130
0x004094F8,08051006
0x00409501,080f1017
0x00409550,080e1084
0x00409565,080790db
0x0040958E,08340700
0x004095E3,08382c29
0x004095E8,08101c06
0x0040961F,0835bf1e
0x0040963B,080e0602
0x0040964E,080f1b0f
0x004096C0,0807201c
0x004096E6,08123435
0x0040976B,0810ca47
0x0040977A,08007732
0x004097A6,08002210
0x004098AD,08183928
0x004098BA,08041a02
0x00409955,0820e406
0x00409965,08000633
0x004099F2,0807000a
0x00409A11,08300b27
0x00409A37,08010101
0x00409A5F,08100903
0x00409A66,0800cf09
0x00409A94,08010518
0x00409ADB,08100021
0x00409B7E,0840e7a0
0x00409C21,08280006
0x00409C2C,08021808
0x00409D04,08212710
0x00409D5C,08107502
0x00409E47,0850a737
0x00409EE3,08115a47
0x00409EF7,0801ce97
0x00409F01,08013226
0x00409F85,08110700
0x00409FBE,08000e14
0x00409FC2,08060404
0x00409FD8,0801301f
0x00409FDA,080a0801
0x00409FDB,08080a08
0x0040A089,08061400
0x0040A090,08000417
0x0040A25F,08103939
0x0040A269,080b0b1c
0x0040A284,08060606
0x0040A285,08080606
0x0040A2E5,08352c2c
0x0040A2FD,08101c09
0x0040A352,080001f0
0x0040A369,08223500
0x0040A3C1,082f7f01
0x0040A3F4,08100611
0x0040A421,08182931
0x0040A443,08230e5c
0x0040A44D,08181214
0x0040A481,0807202c
0x0040A505,080b182f
0x0040A592,08020010
0x0040A5D1,0810803d
0x0040A735,08009106
0x0040A7D2,08102620
0x0040A7FB,08122003
0x0040A7FD,08100812
0x0040A894,08000d0e
0x0040A895,0808000d
0x0040A896,08080800
0x0040A8B4,08243a3f
0x0040A9C1,08145f00
0x0040A9D7,08312027
0x0040AAC5,080e103f
0x0040AC6A,08363307
0x0040AC92,08104014
0x0040ACA6,0801020a
0x0040ACD7,08450080
0x0040AD47,08100050
0x0040AD7D,08003721
0x0040AE29,0820d000
0x0040AE2D,08060702
0x0040AE2E,08080607
0x0040AF22,0840cf11
0x0040AF82,08000214
0x0040AF9C,08060407
0x0040AFA9,08100303
0x0040AFCE,083d332e
0x0040AFE7,08000303
0x0040AFFE,080a0204
0x0040B06C,08000710
0x0040B079,082b0710
0x0040B0E4,08031068
0x0040B1A5,08021633
0x0040B1AB,081e3600
0x0040B1E3,080b212f
0x0040B1EB,08123904
0x0040B1FF,08000b0e
0x0040B2CF,08342c31
0x0040B2E0,082c3911
0x0040B335,080f0d0f
0x0040B33E,08020819
0x0040B341,08000d08
0x0040B397,083a100e
0x0040B3A8,08121829
0x0040B3A9,08081218
0x0040B3AF,080e2e00
0x0040B3EA,0809111f
0x0040B47D,080a2e3d
0x0040B4B4,08100b1c
0x0040B4F4,08162080
0x0040B593,0800e906
0x0040B5DA,08443a3a
0x0040B5F2,08100700
0x0040B63C,08070012
0x0040B656,080b1160
0x0040B675,080c1067
0x0040B6B7,080e01a0
0x0040B6DD,08001e0a
0x0040B78D,08107040
0x0040B7F5,081111a2
0x0040B818,08020026
0x0040B84E,08040d08
0x0040B86F,080b1c2f
0x0040B89C,080e2928
0x0040B8BD,08002c15
0x0040B8C0,08130408
0x0040B8D3,080d130f
0x0040B8EB,0806102b
0x0040B908,0800241e
0x0040B91D,08040625
0x0040B95A,08100e0c
0x0040B9DC,08040150
0x0040BA0C,083f0239
0x0040BA16,080e2f39
0x0040BA27,080d3633
0x0040BA2F,08022e1e
0x0040BAEF,08102320
0x0040BB8A,081e0032
0x0040BB92,08001a27
0x0040BCDE,08030900
0x0040BCE7,08110700
0x0040BCE9,080d0811
0x0040BD57,081a1f26
0x0040BD74,082b0f00
0x0040BDDF,08210d0a
0x0040BDE9,081c111e
0x0040BE51,0811042e
0x0040BE62,0813112e
0x0040BF17,081c3435
0x0040BF41,08060493
0x0040BF42,08080604
0x0040BF43,08080806
0x0040BF62,08006b0e
0x0040BF67,08041529
0x0040BF68,08080415
0x0040BF8F,08002c28
0x0040BFEA,08151cce
0x0040C025,08353134
0x0040C042,08007f0f
0x0040C117,08223504
0x0040C148,08009f0f
0x0040C15C,08101b21
0x0040C160,0817001c
0x0040C166,0810ff01
0x0040C184,08403448
0x0040C18D,08212f2c
0x0040C1E2,08000f33
0x0040C1F9,08152f39
0x0040C221,0836302f
0x0040C23F,08293434
0x0040C24B,0806000b
0x0040C364,0811000e
0x0040C365,08081100
0x0040C37F,08000211
0x0040C3B2,08001100
0x0040C3BD,080b1000
0x0040C3DD,0801b001
0x0040C3F9,080e0720
0x0040C400,08110b07
0x0040C444,080e232a
0x0040C495,0827230c
0x0040C4A1,0800893b
0x0040C525,08030105
0x0040C544,080b2a17
0x0040C550,08010e21
0x0040C568,08000c01
0x0040C569,0808000c
0x0040C56C,08060608
0x0040C58F,08040018
0x0040C591,08000804
0x0040C596,080b0a0a
0x0040C5AD,08073065
0x0040C5BA,080f0b0c
0x0040C689,080e0e00
0x0040C6A2,080d2129
0x0040C6F6,08071035
0x0040C732,0806162b
0x0040C8BF,08003033
0x0040C8D2,08000101
0x0040C96F,08131e2b
0x0040C978,08194400
0x0040C9B7,08008407
0x0040CA23,08020309
0x0040CA28,0809ad01
0x0040CA4C,08070903
0x0040CA73,08006c03
0x0040CACB,08123800
0x0040CB14,080a037f
0x0040CB33,08010a10
0x0040CBCF,080f1601
0x0040CC2D,08040730
0x0040CC69,083a3d0a
0x0040CC8E,08223914
0x0040CCE0,08025f30
0x0040CCE9,08022007
0x0040CCEC,082f4008
0x0040CCEF,08283408
0x0040CCF8,08042f34
0x0040CCFC,08350710
0x0040CDE5,0842082f
0x0040CE57,08353475
0x0040CEEA,0818b510
0x0040CFA0,08063c3d
0x0040CFDB,0800a501
0x0040CFFB,082b3f3f
0x0040CFFC,08082b3f
0x0040CFFD,0808082b
0x0040D034,080e2835
0x0040D055,082fa010
0x0040D083,08185107
0x0040D0A1,08040b00
0x0040D0E2,08000612
0x0040D0E8,08001518
0x0040D101,0800230e
0x0040D10A,08002014
0x0040D116,081c0710
0x0040D119,08100e08
0x0040D1C3,0800e906
0x0040D20A,08443a3a
0x0040D222,08100700
0x0040D26C,08070012
0x0040D286,080b1160
0x0040D2A5,080c1067
0x0040D2E7,080e01a0
0x0040D30D,08001e0a
0x0040D3BD,08107040
0x0040D425,081111a2
0x0040D448,08020026
0x0040D47E,08040d08
0x0040D49F,080b1c2f
0x0040D4CC,080e2928
0x0040D4ED,08002c15
0x0040D4F0,08130408
0x0040D503,080d130f
0x0040D51B,0806102b
0x0040D538,0800241e
0x0040D54D,08040625
0x0040D58A,08100e0c
0x0040D60C,08040150
0x0040D63C,083f0239
0x0040D646,080e2f39
0x0040D657,080d3633
0x0040D65F,08022e1e
0x0040D71F,08102320
0x0040D7BA,081e0032
0x0040D7C2,08001a27
0x0040D90E,08030900
0x0040D917,08110700
0x0040D919,080d0811
0x0040D987,081a1f26
0x0040D9A4,082b0f00
0x0040DA0F,08210d0a
0x0040DA19,081c111e
0x0040DA81,0811042e
0x0040DA92,0813112e
0x0040DB47,081c3435
0x0040DB71,08060493
0x0040DB72,08080604
0x0040DB73,08080806
0x0040DB92,08006b0e
0x0040DB97,08041529
0x0040DB98,08080415
0x0040DBBF,08002c28
0x0040DC1A,08151cce
0x0040DC55,08353134
0x0040DCC0,08012110
0x0040DCC2,08200801
0x0040DD3D,08223508
0x0040DD6C,0800f49f
0x0040DD7E,08102110
0x0040DD82,0817001c
0x0040DD89,0810ff01
0x0040DDA5,08403418
0x0040DE04,080f332b
0x0040DE61,08293400
0x0040DE6C,08060b10
0x0040DF22,08101323
0x0040DF5C,08071002
0x0040DFF0,084007de
0x0040E067,0807101b
0x0040E07E,0807303c
0x0040E19E,08041b0b
0x0040E1C1,08040007
0x0040E205,08401642
0x0040E20C,0810cc30
0x0040E212,08002c07
0x0040E25F,08020500
0x0040E273,08453001
0x0040E425,08050516
0x0040E427,08000805
0x0040E44B,08081709
0x0040E44C,08080817
0x0040E822,08271003
0x0040E82A,080c0c18
0x0040E87E,08441212
0x0040E8BF,08203b33
0x0040E96B,08502971
0x0040E991,08008434
0x0040E9E0,08420c20
0x0040EA68,08093007
0x0040EA6E,0810061c
0x0040EA82,08000710
0x0040EAA0,08090410
0x0040EAAA,08050e05
0x0040EAB8,08090e0e
0x0040EB28,0807105c
0x0040ECC9,080a0f22
0x0040ECE9,080dbe06
0x0040ED18,08000720
0x0040ED46,0800300b
0x0040EDB8,08234023
0x0040EF71,08070001
0x0040EF72,08080700
0x0040EFD7,08093a00
0x0040EFE4,08381007
0x0040F090,08160031
0x0040F0D3,0813191f
0x0040F1E0,080c2b05
0x0040F28F,080e0c2a
0x0040F295,084f0c09
0x0040F366,081a102d
0x0040F4DB,084e1238
0x0040F526,080400b7
0x0040F5A4,08420c20
0x0040F684,080c1d06
0x0040F693,08301918
0x0040F69E,0820181b
0x0040F6A6,08003e18
0x0040F75E,083f1200
0x0040F762,08073c3d
0x0040F77C,08040710
0x0040F797,08401c18
0x0040F79E,08101541
0x0040F7A5,08001c14
0x0040F7AA,08100710
0x0040F82F,08004fa0
0x0040F861,08002a0c
0x0040F8F0,0832302e
0x0040F90B,083c1620
0x0040F916,0807303c
0x0040FA0B,08064007
0x0040FA34,083ce704
0x0040FAC1,0810e306
0x0040FADD,0800881c
0x0040FB25,0810342b
0x0040FB27,08280810
0x0040FB4A,0843103b
0x0040FB69,08200700
0x0040FB71,08004124
0x0040FBD3,08104410
0x0040FC06,0830d111
0x0040FC53,0800fddd
0x0040FCB6,08400700
0x0040FD19,0802ff6f
0x0040FD86,080a0ac0
0x0040FDB4,081f110e
0x0040FE7D,08131c14
0x0040FEB7,0815101f
0x0040FF1D,080015e8
0x0040FF25,0807003d
0x0041001A,08303911
0x00410041,080e3d15
0x0041007D,081d1a00
0x004100D3,0830c751
0x00410155,082e3510
0x004101E3,08410f0a
0x0041021B,0820eb09
0x004102BD,083def20
0x00410318,08425294
0x00410361,0801b001
0x00410368,08050110
0x00410370,080c0009
0x00410371,08080c00
0x00410383,08000e00
0x004103C0,080c0005
0x004103C7,08030303
0x004103CB,08090e0c
0x004103E5,08160116
0x004103F9,080eb751
0x00410458,08020004
0x004104F9,08021600
0x00410503,08050e09
0x00410534,08040402
0x00410536,08000804
0x004105E3,08200024
0x004105FC,08101a42
0x00410667,08004235
0x0041067D,08002450
0x004106EB,08100f10
0x0041071B,080d151a
0x0041071D,0802080d
0x0041074B,080e2e00
0x00410752,080150bf
0x00410830,080a6f1e
0x00410838,0800d718
0x00410850,08100730
0x00410874,08402410
0x00410901,08171108
0x00410903,08000817
0x00410A21,0801c721
0x00410D0A,0807500f
0x00410E17,081d1612
0x00410F68,08420c20
0x004110F6,08000730
0x0041126F,08101112
0x00411270,08081011
0x00411272,08100808
0x00411413,083f1b02
0x00411414,08083f1b
0x004114D6,08043a12
0x00411507,08089a05
0x00411548,08110c0e
0x00411572,080d5d12
0x00411575,08090d08
0x004115CA,08160007
0x00411690,08002f23
0x0041180A,08441083
0x00411828,08021e1c
0x004118A9,08401130
0x00411C12,08019001
0x00411C5C,08420c20
0x00411D45,08353633
0x00411D92,08350730
0x00411E27,08508160
0x00411E2A,08400408
0x00411EAA,081e2217
0x00411ECE,082a1e19
0x00411F79,08003212
0x00412056,083b6132
0x00412059,08302e08
0x0041205A,0808302e
0x004120FD,08120818
0x00412164,08101205
0x00412191,08050310
0x004121A6,08410c04
0x004121CC,08051403
0x004121CD,08080514
0x004121DF,08030135
0x004121F9,0800171b
0x00412249,08063099
0x004122C4,08200f1b
0x004122CC,0810280f
0x004122FD,08367705
0x004123A6,08401764
0x00412405,0838002e
0x0041251D,0820d000
0x00412582,08072018
0x004125A1,080c1018
0x004125A4,08030308
0x004125AD,08182a37
0x004125D2,0847122e
0x004125F1,08373c87
0x0041268E,080c1218
0x004126B7,08261c42
0x00412722,0805102f
0x00412897,08420201
0x004128B0,08223002
0x004128BF,08210700
0x004128C0,08082107
0x004128C3,0833c708
0x004128C8,08122e13
0x00412988,08210000
0x00412A3B,08200102
0x00412A8B,080f3810
0x00412ACF,084a3507
0x00412AF5,0800311e
0x00412B6B,0850047f
0x00412BA7,08335401
0x00412C3B,08120320
0x00412C70,08102e15
0x00412C85,08002e1a
0x00412CBF,080c001a
0x00412CC0,08080c00
0x00412D36,08010072
0x00412D6E,08060909
0x00412DDE,080a1244
0x00412E4F,08293386
0x00412EE9,08011017
0x00412F1C,080c0d00
0x00412F40,08040014
0x00412F58,08241717
0x00412F59,08082417
0x00412F69,08141400
0x00412F93,0812121d
0x00412FB5,08001515
0x00412FDD,080600b7
0x004130DD,081101ef
0x00413165,0800a015
0x0041316D,08122137
0x0041316E,08081221
0x00413170,08030808
0x00413177,081a3443
0x004131EA,081f0012
0x004132E2,08360760
0x00413324,083f2a3b
0x00413325,08083f2a
0x00413326,0808083f
0x00413331,08050010
0x0041336E,08070c1d
0x00413396,081a4c03
0x0041343B,08030300
0x004134E8,08011007
0x004134F5,080f1020
0x0041362E,080b2c1e
0x00413651,080f008b
0x004136C3,083034b8
0x00413722,08183d07
0x0041373C,08210000
0x004137BD,08001900
0x004137C4,08011027
0x004137EA,08000014
0x00413876,082e373d
0x004138A8,08050740
0x00413953,08332c02
0x00413976,08330107
0x00413981,08312709
0x004139BB,08352c07
0x004139D2,0840042b
0x004139F2,08303138
0x004139F7,0800a501
0x00413A05,08051a35
0x00413AED,08303403
0x00413B12,081e2100
0x00413B33,0815343c
0x00413B44,08300c10
0x00413B4E,08030513
0x00413B56,08070f00
0x00413B58,082a0807
0x00413B7E,08373c00
0x00413B7F,0808373c
0x00413B90,080d3d00
0x00413BA9,083b2a3c
0x00413BAB,0837083b
0x00413C0F,08102833
0x00413C43,08000c12
0x00413CA3,08001e37
0x00413CBE,080e002c
0x00413E5D,08333678
0x00413E73,08172e36
0x00413EA6,08080349
0x00413EDC,08200930
0x00413EE7,08010b30
0x00413F2D,0821387c
0x00413F56,08353920
0x00413F89,0810080f
0x00413FA2,08363103
0x00413FAE,0804c811
0x0041404B,0806070a
0x00414097,08504769
0x00414158,08080021
0x0041425E,083a1721
0x0041439E,08392000
0x004143E8,080b000f
0x00414427,08390d00
0x0041449A,0806eb22
0x004144E4,08372e2e
0x004144F1,0840120b
0x00414504,083a17da
0x004145FD,08171205
0x00414628,0814b920
0x00414647,08120e2a
0x0041464B,08087b01
0x004146B4,08210000
0x0041474B,08100f00
0x00414763,0840ae07
0x004147A0,0835352f
0x004147FE,08352929
0x00414863,08020604
0x00414870,08012229
0x00414872,08000801
0x00414917,083a3c00
0x00414968,08003329
0x004149B9,08071013
0x00414A0C,082a1005
0x00414A44,08050a03
0x00414AC1,08071033
0x00414B26,0807103e
0x00414B74,08051d04
0x00414B75,0808051d
0x00414C16,08031e2e
0x00414C20,0803070a
0x00414CA9,08000402
0x00414CAA,08080004
0x00414CAB,08080800
0x00414CD7,0804033a
0x00414CDE,08463005
0x00414CFC,08359640
0x00414D10,0820d915
0x00414D6B,083e3f3f
0x00414DC4,08000c1d
0x00414DC9,0801141a
0x00414DD7,08100018
0x00414DDC,081d2f23
0x00414E19,08090008
0x00414E50,08201e02
0x00414E55,08200102
0x00414ED1,08121012
0x00414ED4,08050308
0x00414EE8,080c0c12
0x00414EE9,08080c0c
0x00414F60,08101d32
0x00414F80,080d0602
0x00414F8C,081a0d21
0x00414F8E,0800081a
0x00414FD6,08080620
0x00415016,0801010f
0x004150C5,084906e9
0x004150D8,0800a401
0x00415156,084007d0
0x0041518F,081a1e17
0x00415205,08350730
0x0041522C,080f3307
0x004152EB,08333500
0x004153C5,08330031
0x004153DB,081d3101
0x00415402,08071003
0x00415470,0810010d
0x004154D8,08430005
0x00415502,080301b0
0x00415598,08210000
0x00415650,08074005
0x004156B6,08353535
0x004156C6,08175092
0x00415782,08005600
0x00415850,082e1f00
0x00415858,080e3307
0x004158A1,08011203
0x004158BB,08172e00
0x004158C2,08001521
0x004158DD,08001212
0x004158EB,08233e10
0x00415947,080c121a
0x00415949,0800080c
0x00415970,0834100f
0x00415994,08000517
0x004159FB,0811e620
0x00415A42,08383512
0x00415A97,08040f22
0x00415AD1,0807104b
0x00415AD9,0851c720
0x00415B5C,08150815
0x00415B66,080d0301
0x00415BE6,0836210b
0x00415C0A,08111236
0x00415C25,08101220
0x00415C48,08010105
0x00415C6C,08109587
0x00415C93,08353604
0x00415D01,080b030f
0x00415D57,0800a105
0x00415DBB,08009910
0x00415DC7,08362250
0x00415E52,081e0100
0x00415E59,08002a3d
0x00415E71,083e3b28
0x00415E7C,083b3c20
0x00415F62,083e0150
0x00415F8F,08353707
0x00415F94,084812f9
0x0041603D,083d2f22
0x0041607D,080c0730
0x004160D4,080c0c1a
0x004160F6,083c201a
0x0041611C,08233d10
0x00416140,08031a3d
0x0041615D,0810081c
0x0041615E,08081008
0x0041634A,083e3e3e
0x00416383,08173e3d
0x004163BC,08210000
0x00416446,083a3a39
0x00416493,0830f20f
0x0041652B,0810350b
0x004166BD,08050b12
0x004166D5,08069d05
0x00416717,08060d0a
0x00416742,08061003
0x004167BB,08401936
0x004167ED,08050740
0x00416884,080710b5
0x004168D9,083d1d27
0x00416919,08050101
0x00416924,080b060c
0x0041692E,080c060e
0x00416A13,08273fa3
0x00416A29,0807153a
0x00416A76,08003328
0x00416BF2,0811190f
0x00416F0D,0800c111
0x00416F17,082a000e
0x0041700B,0800ef11
0x004170DE,0802801f
0x00417219,08500750
0x00417388,08000610
0x0041739A,08020136
0x00417443,0820090f
0x00417451,0800c901
0x00417457,08001311
0x0041745E,0800ff0f
0x00417471,0815b720
0x00417496,08102006
0x004174D1,083bb124
0x004174E0,08070005
0x0041754D,0801090a
0x0041754E,08080109
0x0041754F,08080801
0x00417551,08070808
0x00417587,08040405
0x004175C3,080b0b0e
0x004175C8,08390404
0x004175FD,080b0640
0x00417620,0850c801
0x00417642,08030505
0x0041768C,08131c18
0x0041769B,083a1335
0x004176A5,080b26a7
0x004176B6,08070a1f
0x004176F4,080c3c1b
0x00417802,08073018
0x004178D6,08150014
0x0041790A,0835e200
0x00417BBC,08420421
0x00417BC2,08430c63
0x00417BCF,0818e918
0x00417C5A,083d2622
0x00417C6C,08393d16
0x00417C6E,08000839
0x00417CB7,080c3900
0x00417CBF,080e0034
0x00417CD3,08000000
0x00417D07,08131111
0x00417D3F,08001414
0x00417DE8,08201403
0x00417DF3,08010014
0x00417E73,08087a00
0x00417EE1,08030f11
0x00417F22,080b010b
0x00417F40,08100b0b
0x00417F90,08353ad3
0x004180E2,083b0734
0x004180E3,08083b07
0x00418130,083a2b12
0x00418139,0823115e
0x00418140,08030303
0x00418141,08080303
0x00418158,080a20de
0x00418174,08001603
0x0041817B,08003216
0x004181E9,083a3a23
0x00418268,08131b18
0x00418285,081527b7
0x00418290,0853000a
0x004183C9,081c1a44
0x0041843F,080730df
0x004184B4,0840140a
0x004185FF,080e1d2a
0x00418639,08140321
0x004186A6,081202cf
0x00418757,08200510
0x004187A3,08009281
0x00418908,08302430
0x00418931,08409230
0x00418935,0830311f
0x0041895F,08213636
0x00418972,0813282b
0x0041899D,0810353a
0x00418D34,081e21cf
0x00418DA1,0815002e
0x00418DD1,08400a01
0x00418DD5,08300b01
0x00418DE0,08100e92
0x00418DE4,08109b12
0x00418E0D,08011922
0x00418E28,08101e03
0x00418F2F,08383602
0x00419065,08130903
0x004190AA,08383627
0x0041913F,083e0036
0x00419150,08023e3e
0x0041927A,082a252b
0x004192B0,0848062a
0x00419341,08010100
0x004193F5,0812e600
0x00419502,080d0eea
0x0041951D,08091087
0x00419521,08204402
0x004195D7,080f500e
0x004195E9,08104010
0x00419604,08063002
0x00419675,08013001
0x0041967E,08206d03
0x004196CE,08410421
0x004196D0,08420841
0x0041976D,0801f001
0x0041979D,08201113
0x0041980F,082f002d
0x00419875,08401820
0x0041994F,084122c7
0x00419A1F,08000b75
0x00419A3C,080d0421
0x00419A3E,0810080d
0x00419A5C,0804040d
0x00419A61,080e0d05
0x00419A8C,08020f15
0x00419AA1,0815ae01
0x00419AB6,0803b610
0x00419CA2,08102b44
0x00419CD0,08121925
0x00419CDD,08120011
0x00419CDE,08081200
0x00419CEF,083e003e
0x00419D13,08011006
0x00419D18,08060c00
0x00419D59,080b002d
0x00419D63,08431080
0x00419D77,08050f04
0x00419D99,08403336
0x00419D9A,08084033
0x00419DA5,08060809
0x00419E12,080088be
0x00419E15,08150008
0x00419E1F,080eee07
0x00419E96,0805242d
0x00419EBE,08280710
0x00419F52,08009201
0x00419FAD,083a0910
0x0041A00C,0808c901
0x0041A014,0807002f
0x0041A02A,080e1100
0x0041A0A7,0810c71a
0x0041A0BE,08008124
0x0041A0CD,0800a905
0x0041A1A2,080b1a10
0x0041A1A3,08080b1a
0x0041A1AC,080e010b
0x0041A289,0801d07f
0x0041A33C,080f221e
0x0041A362,08410421
0x0041A364,08420841
0x0041A3EA,08000000
0x0041A3F6,08108007
0x0041A405,08102118
0x0041A588,08408416
0x0041A5A8,08200f28
0x0041A5AD,0800c228
0x0041A5E3,0807b007
0x0041A5F7,08010710
0x0041A613,08020104
0x0041A63C,08131622
0x0041A66A,08211e0c
0x0041A684,08071006
0x0041A6E0,081b090c
0x0041A72F,0807200c
0x0041A7AB,0840ac0a
0x0041A873,08392612
0x0041A90D,08202f00
0x0041A979,080632f7
0x0041A9DA,08202e01
0x0041AAA1,0840243b
0x0041AAD0,080a0603
0x0041AAD1,08080a06
0x0041AAD2,0808080a
0x0041AAD3,08080808
0x0041AAD4,08080808
0x0041AAE3,08090f0b
0x0041AB1A,08074910
0x0041AB1C,08050807
0x0041AB7E,08120030
0x0041AB7F,08081200
0x0041ABCD,08092ee6
0x0041ABFF,08200c22
0x0041AC2C,080e1512
0x0041AC48,08020740
0x0041AC6B,080f070b
0x0041AC7E,080f0016
0x0041AC8B,080e1710
0x0041AD5C,0803072b
0x0041AD7C,08000741
0x0041ADF4,083a3a37
0x0041ADFA,08003912
0x0041AE18,08100d04
0x0041AE19,0808100d
0x0041AE23,08040305
0x0041AE38,080c0c14
0x0041AE6A,080c0a06
0x0041AEA4,0804090e
0x0041AF17,080c2300
0x0041AF6A,081105a7
0x0041B00E,084d0565
0x0041B04B,08041200
0x0041B050,0805060b
0x0041B059,08405300
0x0041B07E,08100c01
0x0041B09D,0800131d
0x0041B157,080b0e07
0x0041B159,0853080b
0x0041B1DE,08410421
0x0041B1E0,08420841
0x0041B28F,080a0f09
0x0041B295,08000a0e
0x0041B382,08304a01
0x0041B3EC,08300b05
0x0041B449,08000522
0x0041B5E5,08002c33
0x0041B625,0803212e
0x0041B64F,0833101d
0x0041B7EB,08090715
0x0041B7FA,08000303
0x0041B982,080f2015
0x0041B9EF,0807300f
0x0041BB58,08031c27
0x0041BB9A,08101e01
0x0041BBF3,08000402
0x0041BBF9,08372718
0x0041BBFA,08083727
0x0041BC06,080d210d
0x0041BC0F,0801000d
0x0041BC8E,080d2204
0x0041BCC8,08000404
0x0041BCEA,08111615
0x0041BCFC,08102804
0x0041BD2F,08071ecb
0x0041BD5C,08000f0b
0x0041BF90,08000000
0x0041BF98,08421040
0x0041C0E7,082a2a2a
0x0041C126,0830af4a
0x0041C27D,08409f60
0x0041C349,0811202c
0x0041C34F,08002930
0x0041C3E5,0807001b
0x0041C5DB,08014941
0x0041C625,08108c00
0x0041C708,082007f0
0x0041C840,08091c08
0x0041C8B8,0803941a
0x0041C8F9,081b0f00
0x0041C927,080b0b84
0x0041C980,08053400
0x0041C989,08020d0d
0x0041C98A,0808020d
0x0041C9FC,080d0b0f
0x0041CA05,0802023b
0x0041CA31,0802060f
0x0041CA35,08090d0f
0x0041CA5E,083c3c2f
0x0041CA67,080c0b00
0x0041CAA1,08071e1e
0x0041CACC,08000a0b
0x0041CCF0,08420c20
0x0041CDE4,08401847
0x0041CDFC,0800112d
0x0041D197,08494101
0x0041D1CE,0840064d
0x0041D222,080e180b
0x0041D28A,08000b0b
0x0041D28B,0808000b
0x0041D2F3,08015001
0x0041D3AD,08001b16
0x0041D3BF,08111a2d
0x0041D3E6,08073211
0x0041D3ED,08073f07
0x0041D40E,080c0206
0x0041D54A,08400750
0x0041D54D,08541008
0x0041D575,0807501b
0x0041D647,0810c801
0x0041D670,080e2114
0x0041D67F,08000418
0x0041D684,081018a9
0x0041D685,08081018
0x0041D6D5,08001f3b
0x0041D73B,0800ff01
0x0041D740,08007f10
0x0041D912,08431440
0x0041D92D,081ce734
0x0041D9B1,08108212
0x0041D9B8,08000727
0x0041D9DA,08060150
0x0041DA2D,08474017
0x0041DAA2,08001010
0x0041DBB1,083d3c3c
0x0041DBF7,08040710
0x0041DC3C,08353535
0x0041DC6B,0801008f
0x0041DD06,08231c2f
0x0041DD67,08474139
0x0041DE0B,081e1b1d
0x0041DE43,082116bd
0x0041DE8F,08071018
0x0041DFD7,0800032d
0x0041E024,0800bc60
0x0041E07B,080b0600
0x0041E0AB,08040004
0x0041E0D7,08060404
0x0041E182,08071001
0x0041E20C,08400c3f
0x0041E244,0800bf1e
0x0041E2D5,0842153b
0x0041E4DA,08000000
0x0041E510,08400720
0x0041E52F,08102813
0x0041E572,081d130d
0x0041E5F1,08109207
0x0041E601,08107712
0x0041E606,080f2043
0x0041E6C4,080d0700
0x0041E764,08040710
0x0041E784,08033401
0x0041E83F,08130600
0x0041E8C6,0851fe07
0x0041E8D4,08070130
0x0041E8F4,080b0100
0x0041E91F,08068200
0x0041E921,08040806
0x0041E923,08070804
0x0041E93C,08074009
0x0041E940,084e3003
0x0041E96A,0807200c
0x0041E985,08021300
0x0041EA24,08133814
0x0041EA34,08272a27
0x0041EA63,08198000
0x0041EA85,08065702
0x0041EAF4,08020119
0x0041EB05,08071025
0x0041EB36,08042c00
0x0041EB4E,08142d1b
0x0041EC35,080c0110
0x0041ECBA,08060c5d
0x0041ED34,08130720
0x0041EF10,0840241e
0x0041EF18,08501364
0x0041EF84,082e3b38
0x0041EFA7,0807010f
0x0041EFBC,08420421
0x0041EFD1,081ce71c
0x0041F084,0837209f
0x0041F097,080e204e
0x0041F112,08000148
0x0041F117,0807302c
0x0041F199,083c1a06
0x0041F24B,08102c02
0x0041F27D,08409f2b
0x0041F2ED,080c0c0c
0x0041F318,080c0160
0x0041F339,08102c3f
0x0041F36E,080a0c0c
0x0041F433,0842fd39
0x0041F437,08007330
0x0041F479,080ce910
0x0041F480,080c2c30
0x0041F49D,0820302d
0x0041F5D5,08010730
0x0041F5FF,0808c711
0x0041F630,08313130
0x0041F642,08101e26
0x0041F6E7,081f3533
0x0041F6F4,0801910f
0x0041F704,081a1a2d
0x0041F70F,08431a16
0x0041F865,0830892a
0x0041F892,08360503
0x0041F988,08420422
0x0041F98A,08410842
0x0041F98C,08420841
0x0041F98E,08430842
0x0041FA31,08001801
0x0041FA59,08201b1b
0x0041FAB4,08150f00
0x0041FAF7,080b0110
0x0041FB05,08400720
0x0041FB2E,08050b02
0x0041FB38,08050202
0x0041FB59,080b4720
0x0041FC2F,0800fc06
0x0041FC40,08201322
0x0041FC8D,08203237
0x0041FD11,0800082f
0x0041FD60,080214ff
0x0041FDA1,08102f22
0x0041FDD0,08022306
0x0041FDE1,080710b4
0x0041FDE4,080f0008
0x0041FE95,08090750
0x0041FEC9,080b1f0b
0x0041FECA,08080b1f
0x0041FEEA,08100750
0x0041FEF0,08000740
0x0041FF3E,083c0407
0x0041FFFC,08020700
0x00420009,08070087
0x0042001D,08183c21
0x00420039,080b6f00
0x0042004F,0851af44
0x00420071,080a3f01
0x004200AF,08051133
0x004200F7,0800822a
0x0042011C,08071a1f
0x00420147,080c2a31
0x004201F2,08180405
0x00420245,08384033
0x00420287,084f0401
0x004202BB,08000a02
0x00420318,08102713
0x0042031F,083d11f5
0x00420405,083e3d12
0x00420419,08030e3c
0x0042042E,08001616
0x00420458,083d393a
0x00420498,08001205
0x00420562,0800a73e
0x00420614,08431860
0x00420706,080c1010
0x0042070C,08000000
0x00420788,080b0118
0x004207F2,084090bf
0x004207FA,08111719
0x0042080F,0810a612
0x0042083D,08062127
0x00420854,083c087f
0x004208A1,08400e0b
0x00420A89,08100e12
0x00420AAB,08010110
0x00420AAF,08110e07
0x00420B16,080a1717
0x00420B17,08080a17
0x00420B41,08060101
0x00420B45,08080e0a
0x00420B8B,080ebf38
0x00420BCE,0821151b
0x00420BD0,08070821
0x00420CA7,08000d15
0x00420D74,08092015
0x00420D95,0823301a
0x00420DCA,08202424
0x00420DD8,08243715
0x00420E66,08091207
0x00420E81,08441023
0x00420F22,08421529
0x00420F6B,080e1027
0x00420F74,08010217
0x00420F78,08252732
0x00420FEA,08030302
0x00421026,08100103
0x0042112F,080002e7
0x00421166,0800b977
0x00421264,08180402
0x00421274,08420823
0x0042130E,08200107
0x0042132C,08100770
0x00421331,08000c43
0x0042135B,08073019
0x004213E7,080e0730
0x00421580,08030304
0x004215A2,08072055
0x004215FC,08015f20
0x004216F0,08090c01
0x004216F1,0808090c
0x004216F6,080c0c09
0x00421749,08093fb0
0x0042174C,08090908
0x0042176E,0808e642
0x004217ED,08202c21
0x004218A1,08037811
0x004218A4,08200908
0x004218E8,080b3e0c
0x004218F9,081a1d29
0x00421909,08090022
0x00421920,08040418
0x00421967,0839043b
0x00421992,0801160b
0x00421A4A,08061032
0x00421B0A,08010303
0x00421C20,08103034
0x00421C39,08343939
0x00421CEC,08373801
0x00421CFF,08041a38
0x00421D0D,0800241d
0x00421D3F,08100109
0x00421D90,08244922
0x00421DF2,08420421
0x00421E9B,085027f0
0x00421EA5,08400f34
0x00421EA9,08300b11
0x00421EBD,08062101
0x00421ED5,08308402
0x00421EDB,08201402
0x00421EE3,08100616
0x00421EEF,08241415
0x00421F3B,08313323
0x00421FCE,08421518
0x00421FDF,081f1a12
0x00421FE5,0800214c
0x0042200D,0800a002
0x00422029,08001f1f
0x00422095,08403431
0x004220E0,08383321
0x004220E1,08083833
0x00422104,08103b0c
0x00422178,0830181f
0x00422199,08403d01
0x004221DA,080c0027
0x004221F7,08520437
0x00422201,08370014
0x0042225C,08100366
0x0042226A,080c0814
0x0042226B,08080c08
0x0042226C,0808080c
0x00422278,08130707
0x004222CF,08421026
0x00422322,08050b11
0x0042248D,08402f56
0x00422497,08140e38
0x0042250B,08000419
0x00422544,08491638
0x0042255E,08203636
0x0042257A,080f201e
0x0042257C,0806080f
0x00422585,08062012
0x0042258F,08342020
0x00422633,08006730
0x00422671,08141e28
0x00422676,08480c2e
0x0042269E,08335e22
0x004226BF,0836382f
0x004226EB,08140417
0x004226F4,0804140c
0x004227D9,080f4b10
0x00422807,08103331
0x00422847,080a2f32
0x0042284A,080f2008
0x004228BD,0808151f
0x004228C4,081e2b00
0x004228E1,08010037
0x0042291A,080c251b
0x0042294C,083a2000
0x00422A0D,08371010
0x00422A1C,08122024
0x00422A32,081d2009
0x00422A3F,083f021d
0x00422A5E,08108737
0x00422A9E,083b506e
0x00422AED,0806011c
0x00422AEE,08080601
0x00422B34,0838230c
0x00422B65,0800043e
0x00422B7F,08011938
0x00422B86,08280a3e
0x00422C0A,080c4c00
0x00422D52,08420421
0x00422F00,08154f10
0x00422F3E,080b7400
0x00422F4A,08073005
0x0042319B,08051128
0x0042322B,081000a3
0x0042322D,080c0810
0x00423233,08042310
0x0042324F,08107116
0x00423252,080b0608
0x00423253,08080b06
0x00423261,08404f50
0x004232C0,0820c811
0x00423364,08205f84
0x0042346B,080a0305
0x004234B4,0830282b
0x004234DB,08100c1b
0x00423528,0807102b
0x0042353B,081bf731
0x00423547,08010f10
0x00423594,0838109b
0x0042370D,080a0710
0x004237D2,081d2e11
0x004237F8,08103c39
0x004238D8,082c7403
0x00423974,080d2a2e
0x00423A6C,08201715
0x00423A70,081a1913
0x00423A76,08100118
0x00423ABA,080a0301
0x00423B0D,08070082
0x00423B2F,08000801
0x00423B40,08170002
0x00423B50,08001700
0x00423B5F,08001620
0x00423B6E,0810a021
0x00423C5E,08190028
0x00423C84,08020057
0x00423C85,08080200
0x00423C9D,0806010b
0x00423CD2,081c0b09
0x00423DA3,08420213
0x00423DC5,08103a3e
0x00423DFA,080a0190
0x00423E3E,0801a946
0x00423E61,08063003
0x00423EB4,08020607
0x00423FB6,0813253a
0x00424163,082e3467
0x00424186,08232631
0x0042418C,080e7c1c
0x004241D9,08383d07
0x004241F9,083e3c2f
0x00424224,08101201
0x0042422E,0801070f
0x004242FD,080e0418
0x00424323,0804011e
0x00424325,081e0804
0x00424376,08070028
0x0042437F,08122e04
0x00424394,08091322
0x00424397,0806cb08
0x004243B8,080e2f2f
0x004243C8,0807102e
0x004243D6,0809090a
0x004243DE,0817260f
0x00424417,0807101c
0x0042444F,080f4004
0x00424464,081d3009
0x0042446A,080c0610
0x00424475,080c122f
0x0042447D,08091100
0x00424494,08030507
0x0042449E,08020308
0x004244A5,0803163b
0x004244AE,08020227
0x004244BF,08042400
0x0042459A,08060003
0x0042459D,08120c08
0x0042459F,08070812
0x004245B5,08030abf
0x004245C6,08071d02
0x004245D1,08000127
0x00424641,08273b24
0x0042468D,0801283f
0x004246AC,0842041e
0x004246C0,08363636
0x004246CA,08373333
0x00424723,08000d1d
0x0042487F,08383a26
0x00424888,081f0409
0x004248FB,08170103
0x0042491B,08050600
0x00424922,08420421
0x00424939,0818e924
0x004249E7,08410613
0x004249FD,08017001
0x00424A1B,08040201
0x00424A79,08060180
0x00424A7A,08080601
0x00424ACD,080807f0
0x00424C7D,0840355e
0x00424C8C,08403537
0x00424C94,08361207
0x00424C97,08202508
0x00424CA0,08025200
0x00424D09,08062302
0x00424D44,08180620
0x00424D46,08090818
0x00424D4B,08120706
0x00424D4C,08081207
0x00424D67,080500fb
0x00424DA7,08103310
0x00424DC4,08130707
0x00424DFD,08374207
0x00424EC0,08530c3a
0x00424F20,08050900
0x00424FC7,0827321a
0x00424FF3,08060610
0x00424FF8,08060a56
0x004252EB,0810ef21
0x004252F0,080f2022
0x0042535B,0840245e
0x004253C5,080730f7
0x00425480,08420822
0x004255C5,084007e7
0x004255F4,08041418
0x0042564D,08401750
0x00425700,083d3ce4
0x00425756,08051a1b
0x004257C5,0808c9b2
0x0042581A,08201b1a
0x0042581B,0808201b
0x00425855,080e07d0
0x00425866,081102df
0x0042588E,08103b12
0x00425921,08260209
0x00425926,08020710
0x0042593C,0810113b
0x00425965,08100700
0x004259B5,08503321
0x00425A21,081013c7
0x00425A2C,0804d821
0x00425A51,0804af03
0x00425A99,08030a1d
0x00425B23,0813033a
0x00425B2A,0803200e
0x00425B35,08130604
0x00425B79,080e112d
0x00425C10,0807006f
0x00425C91,0835280a
0x00425C9F,08323332
0x00425CF8,08002c2c
0x00425D00,08101909
0x00425D40,080732de
0x00425FF2,08073011
0x0042616C,08503783
0x00426193,08023b6f
0x0042629C,08401507
0x004262A2,083d0740
0x004262DC,08108736
0x004262F9,080e0639
0x004262FA,08080e06
0x00426303,08041e30
0x0042630C,0804301b
0x0042630D,08080430
0x00426327,08123014
0x00426425,08130f0f
0x00426428,080d1008
0x00426445,084057f0
0x00426463,08018001
0x004264B0,0808f101
0x004264B5,08040710
0x004264D1,08104603
0x004264E7,08393d3c
0x004265B4,08011616
0x00426633,08110303
0x00426642,0800050b
0x0042664D,08030730
0x00426671,08303939
0x00426738,0816041f
0x0042673F,08160006
0x004267B1,08060402
0x004267BE,080f1337
0x004267F6,08494001
0x0042685D,08192f37
0x00426886,0802061e
0x004268B2,081b0630
0x00426903,0810b721
0x0042690D,0846a92f
0x0042693B,08050b07
0x0042699F,083e221e
0x004269AB,080642f1
0x00426A22,081b00d7
0x00426A41,08121e2d
0x00426A4D,080f001e
0x00426B3F,08132400
0x00426B72,0830232b
0x00426B90,08202d2b
0x00426BB2,08016a98
0x00426BBB,082e0307
0x00426CEC,080b0720
0x00426D94,084f2001
0x00426EBA,08420421
0x00426F48,0840214f
0x00426FDF,080c211e
0x00426FE1,0820080c
0x00426FEC,08201106
0x00426FEF,08030208
0x00426FF1,08200803
0x00427002,080c1103
0x00427020,08008120
0x00427079,08400e00
0x004270D3,0807401c
0x004270E7,08100d1c
0x00427101,080d0d0a
0x0042716B,08010201
0x00427170,08060303
0x004271BD,0810a10d
0x004271C7,08072019
0x004271DD,0800232e
0x0042721F,080b0dd7
0x00427257,08131b00
0x00427274,080dfe00
0x00427278,081e2429
0x00427280,08051b06
0x00427292,080d4f50
0x00427320,083a3a3c
0x004273D1,080b0b1c
0x004273ED,08201e17
0x0042740A,0805000d
0x0042744C,0801f001
0x00427455,080509fa
0x0042750D,085a0147
0x004275AC,080a0c11
0x00427612,0801001e
0x0042776C,080def34
0x004277A3,080700a6
0x0042783C,08132435
0x004278EE,08263f22
0x0042792C,08303521
0x0042796C,0808df01
0x00427993,080d0913
0x00427A64,082b293f
0x00427ACE,080d1d3f
0x00427AD2,0826293f
0x00427B9A,08420421
0x00427C29,0800163b
0x00427C4B,080f201c
0x00427C9E,08000710
0x00427CA4,0840ba02
0x00427CAE,08400107
0x00427CC4,08401148
0x00427D33,08201e3c
0x00427DB1,080d4142
0x00427DC5,08417ff0
0x00427E24,081e1e00
0x00427E7B,08130913
0x00427ED1,08131313
0x00427EE8,08005310
0x00427EF0,0805b410
0x00427EF2,08090805
0x00427F20,08071005
0x00427F55,0813b316
0x00427F8B,08071028
0x00427F9A,08000f0b
0x00428100,0803c703
0x00428147,08373425
0x00428195,08000d21
0x004281EF,084e0195
0x0042823A,081b0d24
0x0042828B,08398730
0x00428329,0846121a
0x0042836F,08481f1b
0x00428376,08431b05
0x0042837C,080d110d
0x00428399,0807a007
0x004283A9,08332612
0x00428415,080c6a0c
0x00428461,08020700
0x004284DA,083e0c20
0x00428508,0801a082
0x00428510,080b7406
0x00428520,080d0a27
0x0042859B,08002d0b
0x0042864B,08061c03
0x004286A6,08101237
0x004286BB,0800d80f
0x004286C1,0810141e
0x004286C8,08000424
0x00428762,0803022e
0x004287AA,08420421
0x00428837,0803050b
0x0042885C,08011000
0x00428874,080d0d47
0x00428886,080d1c03
0x00428956,08000207
0x004289AB,083a3a3a
0x00428A55,081e0b03
0x00428A5E,08060630
0x00428A93,08030513
0x00428B3C,08500740
0x00428B8A,08074003
0x00428BC8,08031013
0x00428C85,08100f97
0x00428CBC,083c3001
0x00428CF4,08009b03
0x00428D03,08011b21
0x00428D71,0841449a
0x00428DAA,08030150
0x00428DB8,0806dc04
0x00428F98,08051c01
0x00428F99,0808051c
0x00428FB8,08241321
0x00429015,08002f30
0x004290D7,08131b21
0x00429116,080db31d
0x00429127,0803031e
0x004291EA,08420421
0x00429271,08074013
0x00429273,08400807
0x004292C8,083a3a37
0x00429388,0806100a
0x00429391,080b1518
0x00429416,08161bed
0x00429430,08313a3d
0x00429442,082a3a3a
0x0042944A,08203a10
0x00429454,08042e3d
0x00429455,0808042e
0x00429470,08002a2a
0x00429495,0803c500
0x00429517,08211006
0x00429518,08082110
0x0042951E,08211f05
0x00429526,08212110
0x0042957D,080513d7
0x00429580,08020008
0x00429597,0807501c
0x0042959C,08138730
0x004296EA,0800b201
0x0042975D,08100400
0x00429813,08102f24
0x00429814,0808102f
0x00429828,08030346
0x0042986E,08137220
0x00429911,08400912
0x00429980,082b1300
0x004299F7,083311c7
0x004299FD,080a3007
0x00429A2D,0800096c
0x00429A65,080d1414
0x00429A6E,083b3f3e
0x00429A6F,08083b3f
0x00429AA1,08251000
0x00429ACF,080d1010
0x00429B7F,08400750
0x00429BB4,08363c4d
0x00429C13,08202c39
0x00429CFF,08250a01
0x00429D2A,080a3500
0x00429DD4,08201007
0x00429DF2,08210001
0x00429E0D,081d0825
0x0042A0A0,08011012
0x0042A37C,083f1901
0x0042A384,08408201
0x0042A394,08301aa5
0x0042A430,080d0806
0x0042A45F,080b0901
0x0042A460,08080b09
0x0042A4AE,0808f323
0x0042A4C1,08061c1d
0x0042A4CB,080d1528
0x0042A669,0806030f
0x0042A66A,08080603
0x0042A672,083b0e12
0x0042A69B,0809123f
0x0042A6B7,08402349
0x0042A6CC,08090900
0x0042A6CD,08080909
0x0042A6DF,08061012
0x0042A7B5,0801123d
0x0042A862,081e2f38
0x0042A9E8,08420000
0x0042AA94,0800162c
0x0042AAB1,0807c009
0x0042AB8A,08010a0b
0x0042AC25,08013c10
0x0042AC47,0812111f
0x0042AC52,08022621
0x0042ACBB,0807203d
0x0042AD3A,080c9e00
0x0042AD66,08353d27
0x0042ADD9,08030500
0x0042AE22,08109f01
0x0042AE42,084006a8
0x0042AE9A,08004311
0x0042AEFA,080110da
0x0042AF02,08030110
0x0042AF2A,0805060f
0x0042AF93,0807003f
0x0042AFAA,08002d2b
0x0042B017,08150123
0x0042B09D,08042304
0x0042B0A8,08120302
0x0042B103,083c3c3b
0x0042B121,08041919
0x0042B12F,080b0b0d
0x0042B216,0803042b
0x0042B24F,08370912
0x0042B2CF,0812ab05
0x0042B32E,08061926
0x0042B360,083b103f
0x0042B399,082e3843
0x0042B3AC,08303a00
0x0042B3F7,08001f2c
0x0042B43D,08082102
0x0042B44F,08000e25
0x0042B477,0821293b
0x0042B481,080f1031
0x0042B494,0812070b
0x0042B4D6,0825250a
0x0042B4FA,08420420
0x0042B62B,0800de0c
0x0042B63F,08200f03
0x0042B64C,080d0130
0x0042B654,080d0600
0x0042B65B,08200f0f
0x0042B677,08000720
0x0042B685,08400888
0x0042B68C,0840ff0c
0x0042B692,08200750
0x0042B69F,08400760
0x0042B6C5,0800a210
0x0042B705,0800ff01
0x0042B7E4,080ee004
0x0042B961,085a15ef
0x0042B9F9,08101e1f
0x0042BA00,0806011e
0x0042BA3B,080e1c0d
0x0042BA61,080c106a
0x0042BAD1,080e1a07
0x0042BB0A,08403f48
0x0042BB10,0810bf4b
0x0042BB25,0847e591
0x0042BB4D,0812050f
0x0042BB5E,080710d4
0x0042BBF2,08030f07
0x0042BC3D,080b0e0b
0x0042BCA3,08071012
0x0042BCBA,08013f2e
0x0042BD04,080750df
0x0042BD06,08120807
0x0042BDF6,08440f0d
0x0042BE1A,080e0710
0x0042BE3B,0801090d
0x0042BE41,08031e01
0x0042BE46,080d1d1e
0x0042BF71,0807700c
0x0042BF9D,080f05cf
0x0042BFA4,08011e05
0x0042C091,08330001
0x0042C09F,08019736
0x0042C126,0812ed03
0x0042C145,080e0e1c
0x0042C1EC,08420420
0x0042C1EE,08410842
0x0042C1F0,08420841
0x0042C1F2,08410842
0x0042C1F6,08430c42
0x0042C292,08101100
0x0042C2A7,08101717
0x0042C2DA,08040f15
0x0042C2F7,08000c0b
0x0042C307,082007e0
0x0042C38C,08200c67
0x0042C3A1,084087c0
0x0042C49A,08000710
0x0042C4A8,08000901
0x0042C543,08100301
0x0042C651,08009b23
0x0042C7E8,08003120
0x0042C932,0807002f
0x0042C947,08540b20
0x0042CA08,08012c2e
0x0042CAB5,08360a11
0x0042CBE4,08002c2c
0x0042CCC6,08100932
0x0042CCE0,08201820
0x0042CCEC,08101520
0x0042CD5A,081d1004
0x0042CD6F,08100301
0x0042CDCC,0810cb20
0x0042CEBC,08420421
0x0042CEBE,08410842
0x0042CEC0,08420841
0x0042CF7D,0801b001
0x0042CFA4,08070016
0x0042CFCB,080f2017
0x0042CFF4,08011c46
0x0042D040,08131414
0x0042D0CE,08071707
0x0042D10F,08003831
0x0042D162,08201320
0x0042D164,08010820
0x0042D251,081e0720
0x0042D2F8,0804ec01
0x0042D309,080730f4
0x0042D332,08292e2c
0x0042D342,0804140b
0x0042D428,08073040
0x0042D42D,081d2d10
0x0042D42F,081e081d
0x0042D43D,080b1f10
0x0042D472,08070b19
0x0042D49A,081c0400
0x0042D567,08313804
0x0042D6A0,083dd02c
0x0042D7AB,082c0510
0x0042D815,0810200b
0x0042D822,08255014
0x0042D862,080e2f2f
0x0042D8DF,08193b0f
0x0042D8E9,0820233c
0x0042D9E2,0804260f
0x0042DA06,080d2f2b
0x0042DA1B,0820090a
0x0042DA5D,08060006
0x0042DB29,0840ae35
0x0042DB39,080d2e2d
0x0042DB6F,08020012
0x0042DC02,0800060f
0x0042DC0D,08030f00
0x0042DC45,08070618
0x0042DCA4,08011515
0x0042DCB9,08032005
0x0042DCE9,080d132d
0x0042DCFE,084a32b4
0x0042DD90,0837150b
0x0042DDB6,08420442
0x0042DDB8,08430842
0x0042DEE7,08000005
0x0042DEFC,080b0700
0x0042DF29,0825ea00
0x0042E00B,083c3900
0x0042E0C3,0801042b
0x0042E0E5,08300b00
0x0042E0FC,08071019
0x0042E1CC,08400f07
0x0042E1D4,08002208
0x0042E2B9,080e40ee
0x0042E303,08021603
0x0042E365,08110e1e
0x0042E3B8,080e01f0
0x0042E3BF,08244d35
0x0042E3F7,08480428
0x0042E437,0811b721
0x0042E45D,08020101
0x0042E4CD,08040c11
0x0042E514,08001616
0x0042E544,08075038
0x0042E548,080c0c00
0x0042E54E,08140c0c
0x0042E588,083a0021
0x0042E589,08083a00
0x0042E5A1,0838392f
0x0042E74E,082a2626
0x0042E893,08073001
0x0042E8A3,08040407
0x0042E8AD,08040107
0x0042E8C7,080f4006
0x0042E8CC,08370f30
0x0042E9A1,0807303a
0x0042E9CC,08231200
0x0042EA0A,08000b2e
0x0042EA24,08010f12
0x0042EA9C,080120c2
0x0042EAB4,08000122
0x0042EABB,080b1e2f
0x0042EAC3,08040e19
0x0042EAEC,080710b4
0x0042EB16,08020730
0x0042EB5D,08101b60
0x0042EBA4,08010627
0x0042EBBE,080f0770
0x0042EBE5,0800aa30
0x0042ED67,08384109
0x0042ED75,08385029
0x0042ED79,083b3839
0x0042EDD1,08094009
0x0042EDD7,08200c10
0x0042EDF5,0812020c
0x0042EE9E,08129205
0x0042EF00,08001935
0x0042EFA7,0835040f
0x0042F0D7,08360720
0x0042F0DD,08008839
0x0042F1A6,080a2724
0x0042F1DD,083c3e07
0x0042F203,080b0009
0x0042F23B,082ab00b
0x0042F27D,0807401d
0x0042F292,08420821
0x0042F294,08410842
0x0042F296,08420841
0x0042F298,08430842
0x0042F322,0810081b
0x0042F33C,08001672
0x0042F340,08000260
0x0042F34C,08100710
0x0042F350,08000720
0x0042F35D,0812161b
0x0042F3B5,082222ef
0x0042F3CD,08400b00
0x0042F462,0810df01
0x0042F4FC,08040002
0x0042F503,080b0b07
0x0042F50E,08201701
0x0042F513,08170600
0x0042F517,0807160d
0x0042F53F,08003335
0x0042F540,08080033
0x0042F591,08011701
0x0042F5BB,08042150
0x0042F5BC,08080421
0x0042F5C3,080b0720
0x0042F5E0,08021724
0x0042F5E2,083a0802
0x0042F5F8,08202a17
0x0042F640,0806208b
0x0042F645,0807101b
0x0042F677,08000b3b
0x0042F688,083a08f6
0x0042F743,080c0720
0x0042F793,0801a032
0x0042F7C3,08224020
0x0042F81F,08021210
0x0042F850,0807101c
0x0042F876,08303222
0x0042F8F6,08000c36
0x0042F9CF,0820e10c
0x0042FAFE,08370720
0x0042FB91,08300cdf
0x0042FB95,08401a42
0x0042FBFF,0827f307
0x0042FC6C,08002a09
0x0042FCEE,08100f00
0x0042FCFD,08209035
0x0042FDE4,083e3f2d
0x0042FE4C,08431460
0x0042FE63,0810cd31
0x0042FED8,0840144f
0x0042FEF4,0810043b
0x0042FF00,0800123f
0x00430176,080e2c31
0x0043019E,08121f10
0x00430344,080468e6
0x0043034A,08000d0a
0x00430447,08030e1f
0x00430479,081a001b
0x004304C2,080c6f03
0x00430513,084027af
0x0043054B,08390019
0x004305CE,080b0d0f
0x004305FA,08312b20
0x0043065A,0800df01
0x0043076E,08121701
0x00430773,080d0e00
0x00430785,08041014
0x00430790,08332b0c
0x004307B7,08001d15
0x0043088F,08010004
0x00430896,08112a2a
0x004308D4,08133619
0x00430999,083b2330
0x004309A2,08032feb
0x004309EF,08021515
0x004309F0,08080215
0x00430A64,08310130
0x00430A6E,081f3633
0x00430AD0,08031557
0x00430B88,08101040
0x00430C7F,08040413
0x00430D0A,08420421
0x00430D1F,081ce718
0x00430DAA,08001819
0x00430DAC,081e0800
0x00430DAE,0805081e
0x00430DAF,08080508
0x00430DCC,08401700
0x00430DDE,08020007
0x00430DE5,08000101
0x00430DE6,08080001
0x00430DEE,08001720
0x00430E0E,08108224
0x00430E15,08001b22
0x00430E17,08080800
0x00430E18,08080808
0x00430E1F,0809cb00
0x00430E20,080809cb
0x00430E93,08008407
0x00430EAD,08000f10
0x00430ED9,080ca300
0x00430EEE,083c002a
0x00430F11,080eaf21
0x00430F33,081d2f09
0x00430F76,08000351
0x00430F8B,08110305
0x00430F9E,08013001
0x00430FEE,08082714
0x0043113B,08050214
0x00431142,08060010
0x004311B9,08000b14
0x004311BC,08050c08
0x00431216,0801100c
0x0043121A,08000b0b
0x00431223,0820090d
0x004312F1,08063005
0x00431316,080412d0
0x00431352,0810ef00
0x0043137E,08003ac8
0x00431432,080d1014
0x0043144B,080120f6
0x0043144C,08080120
0x00431461,08040e40
0x0043146D,08101061
0x0043147E,08055206
0x004314A1,08208608
0x004314A7,0800021e
0x004314D9,08180417
0x004314E1,0803ff00
0x00431500,083f270d
0x00431617,083232bf
0x0043168E,080eaa09
0x0043169B,08201d0c
0x004316C0,08104400
0x00431712,080088cf
0x0043176F,08131e1e
0x00431777,08057301
0x0043178A,08071b04
0x0043178B,0808071b
0x004317A3,0836c241
0x004317A7,080e0f11
0x00431891,08001e07
0x004318D1,08000100
0x00431907,08100710
0x00431950,0822c201
0x00431973,0815412c
0x004319F2,0832cf01
0x00431A11,0803f113
0x00431A75,0810041f
0x00431A80,080d1e06
0x00431AE7,08000944
0x00431BD1,0839370f
0x00431C2D,0820362d
0x00431C57,0811342b
0x00431CD0,08421040
0x00431CD2,08430842
0x00431D59,0830290e
0x00431D72,08000216
0x00431D88,08060c0e
0x00431DD3,081f2110
0x00431DDF,08060137
0x00431DE8,08030711
0x00431E88,08090000
0x00431F3A,08000370
0x00431F3F,0803a300
0x00431F59,08030001
0x00431F5A,08080300
0x00431F5B,08080803
0x00431F62,0801000b
0x00431F6D,08060404
0x00431F95,08371005
0x00431FC5,08061013
0x00431FCD,080a8000
0x00431FEE,0804000e
0x00431FF4,080e0c0e
0x00432000,080a100e
0x00432001,08080a10
0x00432030,0806060a
0x00432044,080c000e
0x00432080,080e3b10
0x00432083,08040408
0x0043208E,08040a00
0x0043208F,0808040a
0x0043210A,0835013c
0x0043211D,08043520
0x0043214D,08102104
0x0043214E,08081021
0x004321BB,08131016
0x004321C8,08001364
0x00432301,08010018
0x0043236B,08342007
0x00432384,0820de0f
0x0043238D,08000720
0x0043242A,0809b911
0x0043246B,08101120
0x004324B7,080f0610
0x004324EC,08193838
0x004324FB,08002038
0x004325E3,080b0600
0x00432666,08001618
0x00432680,08190729
0x0043269E,081a1a14
0x00432790,08000202
0x004327A0,080c213c
0x0043280C,08000700
0x004328C0,08191027
0x004328DC,081e0029
0x004328F0,08280f32
0x004329F7,08070023
0x00432A09,084c10fe
0x00432A65,080104f1
0x00432A69,08013514
0x00432AE1,08200740
0x00432B3A,08002904
0x00432B6C,0802d101
0x00432B8D,08313420
0x00432BAD,082cfe80
0x00432C0C,0806020a
0x00432C0F,080a0c08
0x00432C2D,080e0a05
0x00432C6C,08420005
0x00432C79,080c4200
0x00432C7C,08430008
0x00432CA0,08340433
0x00432CA4,08371ce7
0x00432CA7,0814eb08
0x00432D92,08400b67
0x00432D9E,0810012b
0x00432D9F,08081001
0x00432DED,083a3319
0x00432E33,08151900
0x00432E42,083c3c33
0x00432E6C,08401d07
0x00432E7D,08223750
0x00432F5B,083f1a8a
0x0043301D,08103022
0x00433053,08162814
0x00433091,0800051c
0x0043309B,080e0207
0x004330A1,08050700
0x004330DC,08030350
0x004330EE,08002430
0x004330F0,080f0800
0x00433135,08020101
0x00433277,080c1023
0x0043330E,08020470
0x0043331C,080b0a28
0x00433359,08049256
0x004333C2,084008cf
0x004333C5,08400d08
0x004333CE,08106a10
0x00433444,083f3291
0x00433445,08083f32
0x00433449,080b3f32
0x00433456,08075007
0x00433486,08333a0b
0x004334A0,080a0701
0x004334DF,0845010b
0x004334FB,08081d30
0x00433507,08070b0b
0x00433548,0800dfa3
0x0043358B,080d0138
0x0043359E,080d0703
0x004335E1,080e0e0e
0x004336BB,082b3f3c
0x004336C3,083a3f2e
0x00433724,08375809
0x00433733,082c1f06
0x00433759,081f1120
0x0043375B,0806081f
0x004337C4,083d2f2f
0x004338F7,0839000c
0x004338F9,083e0839
0x00433ADB,08002316
0x00433BC6,082c3806
0x00433BEC,0800cf21
0x00433C05,08020c02
0x00433C76,080e9607
0x00433C87,080e0502
0x00433C8C,08420000
0x00433D35,08001a50
0x00433D5C,08401007
0x00433D61,0820070e
0x00433D62,08082007
0x00433D6F,08103041
0x00433EE9,08301001
0x00434080,083b2832
0x00434086,08102a10
0x004340E8,08100edf
0x00434284,080e3032
0x00434287,08003608
0x00434297,083a3a01
0x004342E3,083f0226
0x0043435C,08260121
0x004343D4,0802bd07
0x00434624,08420422
0x00434628,08430842
0x004346B2,08302323
0x004346C7,08400d01
0x004346D4,08200128
0x004347C8,08100e29
0x00434868,08160001
0x0043494F,08302406
0x00434A74,083f7948
0x00434B31,083f0c10
0x00434B49,08301421
0x00434BB2,08002741
0x00434C29,08121205
0x00434C43,083f0212
0x00434C69,08401418
0x00434D0C,08020903
0x00434D8F,0820b63d
0x00434E10,08000176
0x00434F59,0850efc8
0x004351A4,08001a1d
0x004351B3,08001920
0x00435286,08430444
0x0043528A,08440863
0x004352AD,0818e810
0x00435415,082f1033
0x00435533,08330600
0x00435607,083a3529
0x00435818,083c2700
0x00435888,0810341e
0x00435AC3,080407d0
0x00435AF0,08350700
0x00435B45,0809d801
0x00435C34,08120730
0x00435C3A,0800033c
0x00435C52,08061007
0x00435C65,08301004
0x00435C92,08400bb8
0x00435CA5,080c0402
0x00435CAF,08011206
0x00435CD8,08408730
0x00435CDC,08204a00
0x00435CE0,08105310
0x00435CE5,08005c20
0x00435CEE,08000730
0x00435D01,08000720
0x00435D23,08030027
0x00435D4A,08102710
0x00435D67,08138f20
0x00435DF9,08160007
0x00435E7C,08104d00
0x00435EF7,08370017
0x00435F45,080b397e
0x00435F4E,0820070f
0x00435F71,081c1a09
0x00435F77,080b2711
0x00435FCA,083d3f3b
0x00435FD8,08240062
0x0043600E,083a0d0a
0x0043603B,08293c3e
0x00436045,08030a04
0x00436057,081a0e19
0x00436064,08050437
0x00436081,081d3c02
0x0043608D,08005200
0x004360B5,0820290a
0x004361A3,0850f840
0x004361CA,08400258
0x004361FC,08431de0
0x004362BD,08401648
0x004362D8,0810042c
0x0043633B,08281525
0x0043633F,08040003
0x00436342,080e3108
0x004363F7,08000c2a
0x004363FE,08002c48
0x00436445,08100201
0x00436462,08090710
0x004364AD,080003fe
0x004364EB,08102b0e
0x00436627,08010710
0x004366E5,08050433
0x00436701,08094311
0x004367A4,08060403
0x004367AB,08011935
0x004367C9,081c200e
0x00436831,08200f0b
0x00436846,08090911
0x00436847,08080909
0x00436868,0804f141
0x00436869,080804f1
0x0043686A,08080804
0x004368A1,080b0e39
0x004368C3,080790d7
0x00436987,08110100
0x004369FE,08063111
0x00436AF0,08030816
0x00436B19,08143700
0x00436B32,08033437
0x00436BBA,08073033
0x00436C09,08270c0c
0x00436C26,08351c25
0x00436C62,080b3310
0x00436C63,08080b33
0x00436C6D,081a060f
0x00436D18,08031f09
0x00436D8F,08014089
0x00436DF3,08060017
0x00436E6E,083a401a
0x00436ECA,08312820
0x00436F75,080100ff
0x00436FC3,08170f00
0x0043701B,083333e7
0x00437054,08420c41
0x00437109,081e1e18
0x004372EF,0806100d
0x004372F2,08092b08
0x004372F8,08133623
0x0043733C,080a0304
0x0043738B,081b100b
0x004373A2,08000b14
0x004373A9,08120205
0x004373B0,08019b00
0x00437435,08060080
0x00437473,08021305
0x0043747F,08070c0c
0x0043748A,08001005
0x00437492,0810050c
0x004374C9,08020021
0x004374CB,08120802
0x004374D3,08011f00
0x0043751A,0820cd07
0x00437533,08105807
0x00437541,080c1010
0x0043755B,083e011d
0x00437563,08011d2b
0x00437567,08100014
0x00437579,08101039
0x00437581,08100710
0x0043758C,08300f07
0x0043759F,08035b27
0x004375EC,08007316
0x004375FF,083f0405
0x00437630,08400d63
0x00437672,080f1414
0x00437673,08080f14
0x00437697,080b0026
0x004376BB,0840000f
0x004376CF,08021005
0x0043771D,0826010d
0x0043774E,08001500
0x00437782,0830341f
0x004378A2,080705d2
0x00437911,082e6d04
0x00437934,080a3400
0x00437946,08053701
0x0043797E,080d0006
0x0043797F,08080d00
0x0043799F,080f0517
0x004379B7,08118843
0x00437A44,081d2b08
0x00437A60,08241700
0x00437AB1,0847328c
0x00437AD8,08042d39
0x00437AE0,0813410d
0x00437AE8,080c2b07
0x00437B1C,08130710
0x00437B3F,080e1a1d
0x00437C0A,08430aae
0x00437C3A,08050913
0x00437C42,08031a2f
0x00437C66,080f0252
0x00437D05,081f0407
0x00437D45,080d1eef
0x00437D4C,08201407
0x00437D58,08051c30
0x00437E32,08410421
0x00437E34,08420841
0x00437F44,0800fc20
0x004381F9,0810ffb3
0x00438220,0807103d
0x00438261,0821b307
0x00438369,08400e77
0x004383DE,08000c0e
0x004383EF,080002de
0x004383FF,08109c03
0x004384D0,08373f3b
0x00438572,080a2531
0x004385DD,0847013b
0x00438728,08021909
0x00438729,08080219
0x00438834,08060004
0x00438839,0812172b
0x00438845,08000606
0x004388DC,080d4d08
0x00438AF9,080e373a
0x00438B6A,08420421
0x00438C1E,08191d21
0x00438C1F,0808191d
0x00438C75,08101740
0x00438CEE,08400760
0x00438CF8,08131d1f
0x00438D04,0800161d
0x00438D07,080b0e08
0x00438E3D,0806000a
0x00438E65,08050600
0x00438EAB,08020502
0x00438ED9,08041d20
0x00438EEB,0800050e
0x00438F51,080445a6
0x00438F71,0837b711
0x00438F8F,08203206
0x00438FD3,08091909
0x00438FDA,080b1621
0x00438FE0,08100e1a
0x00439001,081a00d1
0x0043900D,081e0711
0x0043906C,08006500
0x0043909E,08090740
0x004390F4,0810253f
0x00439101,083d3b16
0x00439168,08062bc8
0x004391AF,08042207
0x004391E4,08343f3e
0x004391ED,08040e10
0x004392EE,08040005
0x004392FA,08200d06
0x004392FC,08050820
0x0043937F,080514e7
0x004393A8,08121e24
0x0043941A,08000d48
0x0043941F,08530a02
0x0043948D,08000f10
0x004394B4,0830142f
0x004394CC,08223a18
0x004394E1,0810770b
0x004394E8,08051e35
0x00439500,08263a01
0x00439725,081a00a9
0x00439816,082c2d17
0x00439822,08020605
0x0043983E,08420421
0x004398E0,08053340
0x004398E5,08092090
0x004398E9,08083008
0x004398EA,08080830
0x004398F8,08070059
0x0043990D,08404f00
0x0043996B,08143b13
0x00439995,0810050a
0x004399A6,08131406
0x00439A43,080a1320
0x00439A48,08102f80
0x00439A61,08007630
0x00439B00,083a0131
0x00439C1E,0810800a
0x00439C27,08130e12
0x00439CA3,080d0d0d
0x00439D1F,08190035
0x00439D2F,0811fe01
0x00439D60,08390d00
0x00439E68,0804010a
0x00439E6D,081e0713
0x00439ED1,080bb503
0x00439F67,081b134e
0x00439F7E,08308201
0x00439F89,080aeb05
0x00439FAA,0811a507
0x00439FB1,08021416
0x0043A01A,08040410
0x0043A02B,08380001
0x0043A02F,083c3a2e
0x0043A084,08000c03
0x0043A086,08050800
0x0043A0AA,08081528
0x0043A0C4,08022f03
0x0043A0D2,08108007
0x0043A0D5,08070e08
0x0043A218,0822203a
0x0043A32D,08303401
0x0043A3C1,0804060a
0x0043A3C3,08140804
0x0043A3C5,08010814
0x0043A3EB,080201f0
0x0043A3FA,08005616
0x0043A4BF,080c0ee8
0x0043A4CE,080019e5
0x0043A4D0,08020800
0x0043A4EC,08420821
0x0043A592,0810056a
0x0043A5C0,08100e20
0x0043A5C6,08201f1f
0x0043A5CA,08001f1f
0x0043A60A,08050213
0x0043A60B,08080502
0x0043A60C,08080805
0x0043A61F,08401307
0x0043A622,08402008
0x0043A62B,0820231f
0x0043A63E,0806031e
0x0043A647,08020928
0x0043A648,08080209
0x0043A65B,080a0205
0x0043A664,08120205
0x0043A698,08010c01
0x0043A74E,08010324
0x0043A77F,08070049
0x0043A785,08372312
0x0043A78A,08000700
0x0043A78C,08060800
0x0043A8AA,08120700
0x0043A8E2,08082029
0x0043A911,08121207
0x0043A939,083f3d3d
0x0043A9D3,0803013a
0x0043AA13,080730ba
0x0043AD7F,082f373a
0x0043ADD7,08130727
0x0043ADFB,08062709
0x0043AE1E,08060500
0x0043AE1F,08080605
0x0043AE26,08051620
0x0043AE27,08080516
0x0043AE29,08000808
0x0043AE2E,08104000
0x0043AE45,08050505
0x0043AE5A,08002821
0x0043AE83,08050506
0x0043AEA1,083b3b3e
0x0043AEA6,08353531
0x0043AEB0,08051d01
0x0043AEF6,0810cc0e
0x0043AF1D,08061e01
0x0043AF34,080a081c
0x0043AF5B,083f392e
0x0043AFC4,08013001
0x0043AFD2,08213381
0x0043B054,08050720
0x0043B0E1,08031121
0x0043B0ED,080e2081
0x0043B0FC,08410000
0x0043B194,08180107
0x0043B1B0,08000470
0x0043B1C2,0840031e
0x0043B1F1,08100f06
0x0043B202,0810dc06
0x0043B22E,08101700
0x0043B23E,08402909
0x0043B2C5,080e0000
0x0043B2C6,08080e00
0x0043B31B,08007600
0x0043B357,08101318
0x0043B44B,08002e00
0x0043B456,082a2a23
0x0043B459,080b2f08
0x0043B461,0800103b
0x0043B4EE,0810c905
0x0043B4F1,080e2b08
0x0043B508,08403e01
0x0043B561,08410028
0x0043B5B7,08000f04
0x0043B5B8,0808000f
0x0043B5C1,08015b15
0x0043B6BC,08283047
0x0043B6C7,0810353d
0x0043B6CE,0810ff3b
0x0043B7FD,08150022
0x0043B837,08132625
0x0043B850,0810c043
0x0043B8D1,0805141e
0x0043B91F,08301802
0x0043B964,08393e3e
0x0043B996,0839313f
0x0043B9AD,0841ff19
0x0043B9D1,080510b8
0x0043BA06,08212eee
0x0043BA23,080f203e
0x0043BB61,08391000
0x0043BCA8,08091280
0x0043BCAD,08010626
0x0043BCC0,08373a1a
0x0043BCF6,08002c26
0x0043BD4E,08060918
0x0043BD97,08020201
0x0043BDDC,08000eaf
0x0043BE30,08010518
0x0043BE99,081119e8
0x0043BF30,084b1036
0x0043BF6F,080e313e
0x0043BFB4,08420000
0x0043BFB6,08430842
0x0043C0C1,08070006
0x0043C28D,080d0a61
0x0043C2B4,082e0727
0x0043C2FC,081b0e09
0x0043C3CA,08193729
0x0043C3DD,08102c07
0x0043C3F4,0800800a
0x0043C462,08251a02
0x0043C4FC,08130530
0x0043C523,08101609
0x0043C52B,08050c0d
0x0043C547,0807090d
0x0043C583,080630f6
0x0043C591,08072c0d
0x0043C5FC,08040d0d
0x0043C654,08052632
0x0043C657,0810cf08
0x0043C87A,0807061f
0x0043C8F7,08003005
0x0043C8FF,0810ae30
0x0043CA02,08030c1c
0x0043CA49,080a1003
0x0043CA9D,08070724
0x0043CB94,08017001
0x0043CC1D,08200065
0x0043CCEA,08420421
0x0043CD69,08001900
0x0043CD7A,08200707
0x0043CDBF,080c0170
0x0043CE61,08400740
0x0043CE72,08440a47
0x0043CE9E,080c9f33
0x0043CF9E,082f2f2e
0x0043CFD4,083301b0
0x0043D07D,0836366b
0x0043D0A9,08002811
0x0043D116,08071006
0x0043D125,080c0c05
0x0043D15F,0800050c
0x0043D18B,0808e811
0x0043D21D,080f2038
0x0043D21E,08080f20
0x0043D22A,08072080
0x0043D22B,08080720
0x0043D22C,08080807
0x0043D2E1,08053560
0x0043D2E2,08080535
0x0043D310,08403218
0x0043D436,08031e38
0x0043D501,08040100
0x0043D551,0816292b
0x0043D56E,08053f14
0x0043D642,081d1016
0x0043D6DE,08303634
0x0043D831,08251926
0x0043D92B,08059027
0x0043D93E,08420420
0x0043D9CB,08033e3e
0x0043D9EC,08001407
0x0043D9F8,08072d0f
0x0043DA29,08400501
0x0043DA86,0820073f
0x0043DAF3,08409030
0x0043DB86,0801101d
0x0043DB94,08201715
0x0043DC57,080b290b
0x0043DCE8,08071084
0x0043DCEE,08070031
0x0043DD64,0830c934
0x0043DD90,08111730
0x0043DDA0,083e3f3f
0x0043DDFA,0803314c
0x0043DE3F,083dd710
0x0043DE7B,08107f06
0x0043DE96,0810271c
0x0043DFFE,08101313
0x0043E06E,0807ee05
0x0043E08E,0800081d
0x0043E0BC,08080210
0x0043E0F1,0803112c
0x0043E0F5,08000904
0x0043E0F6,08080009
0x0043E138,0834cd21
0x0043E140,080a2f12
0x0043E160,08080401
0x0043E29E,080c1530
0x0043E2A7,0811302e
0x0043E32D,0805001a
0x0043E34D,0807002b
0x0043E3AD,0800d800
0x0043E3B5,0836340a
0x0043E3C2,08293a3f
0x0043E46B,08051760
0x0043E5EB,08207600
0x0043E5FE,08442207
0x0043E60F,08401608
0x0043E634,08040404
0x0043E65B,08073a16
0x0043E6CD,08409612
0x0043E6D6,0810f701
0x0043E735,08100c07
0x0043E792,08363694
0x0043E7F7,08213304
0x0043E884,08003730
0x0043E8C3,08161500
0x0043E8F6,083b1c3b
0x0043E900,080701dd
0x0043E950,08060201
0x0043E970,08032e80
0x0043E971,0808032e
0x0043E989,080fdf55
0x0043EA27,0840ff1f
0x0043EAE8,08046a00
0x0043EAEF,080f3203
0x0043EB9F,08040720
0x0043EBA0,08080407
0x0043EC34,08402fd7
0x0043EC71,080c2f3d
0x0043EE69,08000f10
0x0043EF52,08420422
0x0043EF54,08430842
0x0043EF6F,0814ea18
0x0043F059,080f0012
0x0043F087,0807400b
0x0043F154,08130710
0x0043F1B2,08000106
0x0043F1C8,082a1d29
0x0043F1CC,08040202
0x0043F1D9,08110f10
0x0043F273,08110210
0x0043F2E9,0802347f
0x0043F328,083a2406
0x0043F330,081d2207
0x0043F38F,08321fc7
0x0043F3EC,0805100b
0x0043F414,080e1212
0x0043F426,08040130
0x0043F42A,080c0c07
0x0043F456,08400821
0x0043F461,08100acb
0x0043F466,08000c2f
0x0043F46A,08003e20
0x0043F4C1,08004908
0x0043F4E2,0810dd20
0x0043F510,080f1202
0x0043F521,081b6900
0x0043F599,08001200
0x0043F5B2,08231a31
0x0043F71F,08071088
0x0043F75E,08001f28
0x0043F801,08071037
0x0043F810,081f252e
0x0043F847,08003114
0x0043F8B3,08021b07
0x0043F90B,08010730
0x0043FA56,08420207
0x0043FA95,083b203a
0x0043FACC,08270511
0x0043FAD7,080b0700
0x0043FADF,080a4b0f
0x0043FAFC,080aff61
0x0043FBFE,08410421
0x0043FC06,08461063
0x0043FDA0,08302339
0x0043FE41,08201b11
0x0043FF71,082a104f
0x0043FF8C,08312207
0x0044002B,08303787
0x00440121,08050313
0x00440122,08080503
0x00440130,0822b818
0x00440155,080d3b10
0x00440156,08080d3b
0x00440157,0808080d
0x00440310,08071071
0x00440322,08040426
0x00440324,08040804
0x00440327,080a1a08
0x00440354,0801900b
0x00440356,08130801
0x00440380,08053e10
0x004403AA,0802802d
0x004403B1,0806221a
0x004403B3,08020806
0x004403B7,08050a0a
0x004403F0,081326bd
0x004403F1,08081326
0x0044040D,0828282b
0x00440498,08060606
0x00440521,08111b11
0x00440748,08430c42
0x0044080E,08100b6c
0x00440823,08071016
0x00440898,080e0e1e
0x004408D2,0801708b
0x004408D3,08080170
0x00440AE9,08103c3c
0x00440AEC,08001908
0x00440B5F,08019001
0x00440B74,0801001c
0x00440B80,08409f0e
0x00440B86,08400740
0x00440B9F,08105e10
0x00440C11,08011c92
0x00440C6E,080a0ec5
0x00440C91,08460e02
0x00440C95,08023e22
0x00440CD7,081ac30d
0x00440D03,0811111a
0x00440D04,08081111
0x00440D05,08080811
0x00440D06,08080808
0x00440D62,08015a90
0x00440DAF,08400120
0x00440E8E,080004d7
0x00440EA4,080a050b
0x00441020,083a3935
0x00441047,0810082d
0x00441049,08050810
0x0044116F,08301b28
0x00441307,08000b1f
0x00441351,0818e92d
0x004416D7,08333838
0x00441848,084c442d
0x00441A70,0832e001
0x00441AFE,083c4442
0x00441C92,084b434e
0x00441D0C,084c447c
0x00441D55,084562d0
0x00441DC9,08362c3a
0x00441DE1,08454c40
0x00441E20,0809682f
0x0044203A,0800fd00
0x00442048,0800c600
0x00442055,08201c06
0x0044210B,0838d306
0x0044218C,08312d36
0x0044231F,082c6068
0x004423C6,0838512d
0x004423CC,08365b06
0x0044248A,083e3ccb
0x004424BC,082b6b0a
0x004424C1,08131a1e
0x004424D0,08002620
0x00442509,08071020
0x00442534,08121315
0x00442540,0813000e
0x0044257E,08220e24
0x004425E5,08142619
0x004425FB,08000e07
0x00442653,0800888d
0x0044266A,080f1020
0x00442689,0810120a
0x004426B3,080b0713
0x004426B7,08091300
0x004426C0,08101304
0x004426C8,081f1212
0x004426ED,0819141d
0x004426F1,080f0f12
0x004426F9,080e2210
0x0044270D,08165518
0x00442727,080e001e
0x00442731,084802b3
0x00442740,08120312
0x0044299C,08425667
0x004429DE,080e5e33
0x00442A51,08495542
0x00442A93,0838492e
0x00442B28,080401a7
0x00442B31,084b5138
0x00442BA2,08102015
0x00442BA7,080a1005
0x00442BB4,081015ba
0x00442BE5,0810201f
0x00442CAC,0807071d
0x00442CB6,0819070e
0x00442CC5,08002824
0x00442D0B,08050629
0x00442D14,081a5208
0x00442D1F,081a0101
0x00442D53,08131712
0x00442D7D,080e001d
0x00442DC5,08410824
0x00442DEF,08101010
0x00442E0C,080f2018
0x00442F94,08555632
0x00442FF1,0839393c
0x0044317C,08333643
0x004431BE,0845f700
0x004431DC,08454343
0x004431F8,080c4005
0x00443216,080f070b
0x0044322B,081f0014
0x00443241,08300c08
0x00443242,0808300c
0x00443264,080c4000
0x00443268,080e0c08
0x004432D0,08140edb
0x004432D8,0818201d
0x004432FF,08091420
0x004433BC,080e1a20
0x004433C0,080e0724
0x004433EA,080e201d
0x004433FF,0807280c
0x0044341F,08009393
0x00443448,080f0c1d
0x0044347E,08008373
0x004434E5,0844181d
0x004434F8,08130a07
0x00443515,08130921
0x00443531,0810472a
0x0044360C,08004be6
0x0044373F,083e503e
0x004437CD,084c4564
0x004437FF,083cca0d
0x00443893,08081f37
0x004438AF,080b2400
0x004438B4,080c070f
0x004438B5,08080c07
0x004438D9,08080719
0x00443996,080e0018
0x0044399E,08041923
0x00443AF0,08076b6b
0x00443B2D,08461319
0x00443B3E,0814230d
0x00443B5D,081a1614
0x00443B72,08090755
0x00443B85,080f610e
0x00443BA4,080f0f20
0x00443BD3,080f1a21
0x00443DAD,08506a7e
0x00443EB4,08383631
0x00443EC5,08403345
0x00443F33,08101048
0x00443F98,081a0019
0x00443F9B,080b1b08
0x00443FAA,08002937
0x00443FB4,0820001a
0x00444033,08001313
0x00444097,08000b10
0x004441F5,083d7b5a
0x004444D1,08497172
0x00444664,08200b0c
0x00444668,08070012
0x00444C47,080c071b
0x00444C51,0807281e
0x00444C7B,0810071f
0x00444CB4,081e0c0e
0x00444E0E,08307b84
0x00444F0E,0800202a
0x004452D9,08434543
0x0044534C,080f0b1b
0x00445644,08027975
0x00445720,08001023
0x00445729,0800070c
0x00445792,08008583
0x004459BA,08424543
0x004459EB,080e0027
0x004459F8,080f0e07
0x00445AF8,08100e00
0x00445B13,08103a00
0x00445F10,08016e5c
0x00445F1E,08500fc5
0x0044608A,0800261e
0x004461C3,080b000b
0x004461C5,0809080b
0x004463F1,08102412
0x00446679,085a8105
0x0044667A,08085a81
0x0044671D,08203a42
0x00446757,08091f35
0x0044675F,080f8461
0x00446A58,0812212a
0x00446A60,08127800
0x00446C52,080f241e
0x00446CBC,085a6f6d
0x00446DB2,08102019
0x00446DB9,08142428
0x00446DD2,08121d28
0x00446E44,080ca059
0x00446F4A,08097d04
0x004472CC,0812234d
0x004472DD,08276c57
0x00447371,080c0028
0x00447385,080e1900
0x004474A6,08201e21
0x004474B5,0812181f
0x004475E1,08098981
0x00447925,08475c22
0x00447A5F,0814281e
0x00447AE4,080f2835
0x00447B6D,08197523
0x00447B71,081d1e10
0x00447DE6,080c001b
0x00447E25,084e7475
0x0044806B,08121200
0x004480A3,080e070b
0x004480B8,080c0b47
0x0044811D,08096440
0x004481A9,0814001b
0x004481C8,080b0728
0x004481E5,080e1026
0x0044820B,08130f18
0x00448230,080f1f1e
0x0044824F,080e0018
0x004483F6,080a2484
0x0044846D,08032384
0x00448481,08078dc1
0x004484A4,08000e14
0x0044858E,08120c10
0x00448596,08101075
0x004485A0,08070c10
0x00448609,0810181f
0x00448612,080b1f1d
0x0044863D,0812000f
0x0044864C,080b1b0c
0x004486A6,081e0824
0x004486AB,081e110e
0x004486B3,0820d004
0x00448735,08131924
0x0044890F,08191d1e
0x00448921,08121e1e
0x00448929,08120e0a
0x0044892B,08100812
0x0044894C,080ece06
0x0044894D,08080ece
0x00448999,083d1d21
0x00448A1C,08108691
0x00448AFE,0807bb01
0x00448B43,080e8609
0x00448B7C,0840020c
0x00448C38,08090919
0x00448CA9,080cda0a
0x00448CC2,083c0a24
0x00448CCB,080f1214
0x00448CF3,081e0025
0x00448D00,080c0700
0x00448D09,080c0c0a
0x00448D9C,08070b1b
0x00448DA2,080a041a
0x00448DDA,08125a04
0x00448DF3,08070007
0x00448DF8,08181f0f
0x00448E39,081f091f
0x00448E3C,08100008
0x00448E6A,081e9380
0x00448E7F,08041226
0x00448E89,0800100a
0x004491F4,08000007
0x00449228,081f001e
0x00449268,083b003a
0x0044943E,08010700
0x00449753,08134d0a
0x00449982,08371a00
0x00449A00,0852464f
0x00449A7E,08534f37
0x00449B12,08005345
0x00449B4A,08005c5f
0x00449B9F,083b1034
0x00449C2E,083c2b30
0x00449DA7,08201110
0x00449FB7,08053e37
0x0044A02C,084b2f44
0x0044A0AD,083e5e3e
0x0044A0C1,08313820
0x0044A1D7,08448a06
0x0044A1F5,084e4d54
0x0044A1FB,0800675a
0x0044A2A1,08043640
0x0044A37B,0830c80b
0x0044A387,083f513d
0x0044A446,08465131
0x0044A531,0806001e
0x0044A56E,08424320
0x0044A59D,083c2f2d
0x0044A654,08466e2a
0x0044A774,083f066c
0x0044A7EF,083f5140
0x0044A803,08444702
0x0044A93A,08422c2d
0x0044A988,08374424
0x0044AA7A,08535332
0x0044AB16,08008400
0x0044AB28,082e3c51
0x0044ABC1,08050919
0x0044ABD4,08001419
0x0044ABD5,08080014
0x0044ABD8,08091808
0x0044ABDB,08141408
0x0044AC27,08313cdb
0x0044AC33,0847554f
0x0044AC67,083e4f52
0x0044AC7A,08444242
0x0044AD3A,08434244
0x0044B03E,08101303
0x0044B0A3,08044340
0x0044B0DF,08045d67
0x0044B20F,08528300
0x0044B290,0845463f
0x0044B2C4,08008b8f
0x0044B356,083b3b34
0x0044B784,0836535d
0x0044B7CB,08005753
0x0044B8C6,083bf106
0x0044B9A7,083a8887
0x0044B9B8,08008883
0x0044BA4D,084fa801
0x0044BBE3,083c4b3b
0x0044BDC5,08466556
0x0044BF41,0806535d
0x0044BF4E,08485743
0x0044BFDC,08454d43
0x0044C0B5,0826897e
0x0044C0E6,08081714
0x0044C0F3,080b0e06
0x0044C127,0819001f
0x0044C13C,081e8c81
0x0044C1E5,08062085
0x0044C1EB,080d8b85
0x0044C23D,0834316b
0x0044C2EE,08395356
0x0044C2F8,0843545f
0x0044C605,0800898b
0x0044C77E,0800267e
0x0044C7AA,0826090b
0x0044C7B0,08099e16
0x0044C90C,08443b42
0x0044CAC9,08010024
0x0044CB0E,08005700
0x0044CB87,08400420
0x0044CBEC,08000620
0x0044CC2E,08101011
0x0044CC94,080b8084
0x0044CD14,085a3b40
0x0044CE5E,0840051d
0x0044CE86,0800ff2d
0x0044CF2B,0808161b
0x0044CF5C,08444a36
0x0044D1A6,08208000
0x0044D1F4,08100690
0x0044D207,0820ed26
0x0044D23C,08000600
0x0044D279,080e0c00
0x0044D2CD,0807166b
0x0044D469,08030d85
0x0044D4A2,080f008d
0x0044D8EA,080f0ef8
0x0044D915,08004305
0x0044D945,0800938c
0x0044D957,0800238d
0x0044D9CA,0807092d
0x0044D9CB,08080709
0x0044D9CF,08050e06
0x0044D9ED,08043bbc
0x0044DA59,08060919
0x0044DB15,0836525d
0x0044DB33,083e3e45
0x0044DC39,08228229
0x0044DCB5,0841724e
0x0044DD28,0801766e
0x0044DE60,0830c876
0x0044DE68,08000f60
0x0044DF18,08061906
0x0044DF24,081510d4
0x0044DF65,08007d27
0x0044DF6F,0826f106
0x0044DF70,080826f1
0x0044E034,0809d107
0x0044E07F,08433f3f
0x0044E3B9,08102110
0x0044E46E,080525f8
0x0044E487,0825378c
0x0044E502,083d2d1f
0x0044E5E1,0845525d
0x0044E7BB,08001d23
0x0044E82B,08106f4d
0x0044E882,0810d126
0x0044E8E9,08086f16
0x0044E8FF,082e0003
0x0044E915,08340025
0x0044E939,0841261e
0x0044E944,0844233a
0x0044EC41,0810f63b
0x0044EE0F,08121028
0x0044EE10,08081210
0x0044EE1F,0819184c
0x0044EEB0,08362002
0x0044EEF6,0803023a
0x0044EF2C,0841106d
0x0044F258,083b0b1a
0x0044F29F,08300c19
0x0044F330,08079b15
0x0044F337,08210a06
0x0044F344,0806061a
0x0044F36B,08232828
0x0044F374,081f8d28
0x0044F42E,08057340
0x0044F495,08008045
0x0044F650,0806057b
0x0044F87B,08233a28
0x0044F87C,0808233a
0x0044F87D,08080823
0x0044F908,084d16f7
0x0044F929,0810d607
0x0044FB45,08039f01
0x0044FCC9,08086810
0x0044FD32,0809ef06
0x0044FD38,08190913
0x0044FDF9,08015917
0x0044FE2B,08010f00
0x0044FF4A,0800798a
0x0045004D,08016f37
0x004500CF,080d10e6
0x004500D2,08087f08
0x0045013C,0810af52
0x00450191,0818030e
0x00450216,080501cf
0x004502B4,08000007
0x004502E8,081f001e
0x00450328,083b003a
0x004504FE,08010700
0x00450777,081e6a22
0x004507AF,084bd543
0x00450954,0800fd70
0x004509FF,08006116
0x00450A17,08000300
0x00450A75,08006029
0x00450AA0,08004810
0x00450B94,08005959
0x00450BAC,08001f00
0x00450C9D,08103f10
0x00450D33,08003800
0x00450D94,0800cc00
0x004512F9,08106faa
0x00451695,08003f10
0x004516B9,08206576
0x004516F4,08094d10
0x00451823,08006f5d
0x004519C4,0800d600
0x00451A84,08154645
0x00451BD7,08006b64
0x00451D37,0800096c
0x00451F85,08103037
0x0045209D,0835311b
0x00452187,08252b2b
0x0045220B,0827ca00
0x00452216,084e182d
0x00452257,08473848
0x0045245F,08104451
0x00452474,08102f55
0x004524B1,080d6b71
0x004524C0,0810684e
0x00452651,08414444
0x004526C4,08373e2d
0x004527D2,08453735
0x00452851,083c343e
0x00452917,08251920
0x00452930,08373736
0x00452A4F,084d075e
0x00452AA3,0800bf1c
0x00452B0B,08023b20
0x00452D42,081f8e8f
0x00452D5E,08169085
0x00452D70,08033b41
0x00452E45,08001825
0x00452F33,08524848
0x00453021,081c1b1b
0x004531FB,08044c20
0x0045335C,081e1e19
0x00453404,08104240
0x00453413,08003f08
0x004534EE,08009048
0x00453523,08005369
0x0045354B,081f4a20
0x004535AA,0806372b
0x004538CB,083d2f3f
0x004539AF,0840512e
0x00453A1E,08272b2c
0x00453ADD,08414065
0x00453B1E,08003231
0x00453B2F,082d4120
0x00453B6A,08400391
0x00453BE7,08009393
0x00453E74,083d4536
0x00453EED,083e8875
0x00454197,08191b76
0x004541E1,08001c40
0x004543BD,08001639
0x00454592,0835301e
0x004545BA,08003034
0x00454666,08002800
0x0045468F,084c1d1a
0x00454729,084a4b1f
0x0045475A,083f552d
0x004547F1,084b391a
0x00454823,08374541
0x004548FE,08334025
0x004549BC,081b0600
0x004549CE,083d4846
0x004549DF,08070032
0x00454A02,0810100f
0x00454A0B,081e3552
0x00454A20,08373721
0x00454A5E,08090653
0x00454A9C,08108666
0x00454A9D,08081086
0x00454A9E,08080810
0x00454AAA,080c0306
0x00454AAB,08080c03
0x00454AAC,0808080c
0x00454AAD,08080808
0x00454AB4,08400100
0x00454AB8,08064900
0x00454C4E,08374638
0x00454F8C,080a8141
0x00454FA4,08324020
0x00454FF8,081e2ecd
0x0045515E,08061207
0x00455174,08062c17
0x0045517C,0846077b
0x004551A4,08008087
0x004551EF,08070087
0x004552FF,08132138
0x0045547A,08104f02
0x004555F3,083d4cdd
0x00455627,08403d1e
0x0045569C,08231927
0x004556AA,083b1e2a
0x004556EE,08113a1c
0x00455738,083f402f
0x0045576F,08252713
0x0045580B,08314228
0x00455849,08060880
0x004558A9,0807807f
0x00455960,08092c32
0x00455A02,08010005
0x00455A0E,08408220
0x00455A13,080f0f82
0x00455AAF,0800c073
0x00455B0F,081f0889
0x00455B3A,08108262
0x00455B9E,084d071d
0x00455C73,084b0d0e
0x00455C8A,08074960
0x00455D2A,08004640
0x00455D41,08006908
0x00455D78,083e4030
0x00455DC7,08332e2c
0x00455E60,08272c3b
0x00455ED9,0833202f
0x00455F4A,08051b07
0x00455F56,08005b00
0x00455F65,0806087d
0x004561DA,08007a46
0x0045633A,0824292b
0x004564EF,083c07c3
0x004565D6,08008705
0x0045660A,08006d0c
0x0045661E,08076992
0x0045662F,080d6e00
0x004567B5,0800f61d
0x004567BF,0810980b
0x00456883,083c1087
0x004568E5,080090f2
0x00456A24,08513333
0x00456A58,0849ca0b
0x00456AF7,081a13ad
0x00456BA0,08007f80
0x00456BB8,08018585
0x00456C44,08367b8b
0x00456C4E,08108484
0x00456C59,08007a7c
0x00456E65,08007d64
0x00456EF2,0820ec0f
0x00457098,08004701
0x00457232,08206499
0x00457233,08082064
0x00457239,08107a84
0x0045742D,08000201
0x00457514,08048862
0x004575D0,0800c624
0x0045776B,08007b50
0x004578B4,08000007
0x004578E8,081f001e
0x00457928,083b003a
0x00457AFE,08010700
0x00457D66,08404423
0x00457EE5,08001000
0x00457EE7,08000800
0x00457EF9,080010ff
0x00457EFB,08000800
0x00457F0B,08000000
0x00457F0D,08000800
0x00457F0F,08000800
0x00457F21,080008ff
0x00457F23,08000800
0x00457F4D,08001100
0x00457F4F,08000800
0x00457F61,080011ff
0x00457F63,08000800
0x00457F75,08000700
0x00457F77,08000800
0x00457F89,080007ff
0x00457F8B,08000800
0x00457FB5,08001200
0x00457FB7,08000800
0x00457FC9,080012ff
0x00457FCB,08000800
0x00457FDD,08000600
0x00457FDF,08000800
0x00457FF1,080006ff
0x00457FF3,08000800
0x0045801D,08001100
0x0045801F,08000800
0x00458031,080011ff
0x00458033,08000800
0x00458045,08000700
0x00458047,08000800
0x00458059,080007ff
0x0045805B,08000800
0x00458070,08457f30
0x00458074,08457f98
0x00458078,08458000
0x004580A9,08000000
0x004580AB,08000800
0x00458347,08004800
0x00458349,08000800
0x0045836F,08000000
0x00458371,08000800
0x0045837D,08000000
0x00458391,08000000
0x00458395,08000000
0x004583BD,08000000
0x004583D5,08004000
0x004583D7,08000800
0x004583E9,08004000
0x004583EB,08000800
0x004583FD,08000000
0x004583FF,08000800
0x00458411,08000000
0x00458413,08000800
0x0045847C,08458420
0x00458494,08458484
0x004584ED,08000000
0x00458529,08000000
0x004586DF,08004000
0x004586E9,08000000
0x0045928C,08458794
0x00459290,084587dc
0x00459294,084587d4
0x00459298,084587cc
0x004592A0,084587e4
0x004592A4,0845885c
0x004592A8,0845887c
0x004592AC,0845886c
0x004592B4,0845888c
0x004592B8,0845890c
0x004592BC,084588fc
0x004592C0,08458904
0x004592C8,08458914
0x004592CC,08458998
0x004592D0,0845898c
0x004592D4,084589a4
0x004592DC,084589b0
0x004592E0,08458a48
0x004592E4,08458a3c
0x004592E8,08458a30
0x004592F0,08458a54
0x004592F4,08458ac0
0x004592F8,08458ab4
0x004592FC,08458aa8
0x00459304,08458acc
0x00459308,08458b24
0x0045930C,08458b2c
0x00459310,08458b1c
0x00459318,08458b34
0x0045931C,08458bac
0x00459320,08458b84
0x00459324,08458b98
0x0045932C,08458bc0
0x00459330,08458c30
0x00459334,08458c44
0x00459338,08458c58
0x00459340,08458c6c
0x00459344,08458ce4
0x00459348,08458d0c
0x0045934C,08458cf8
0x00459354,08458d20
0x00459358,08458d9c
0x0045935C,08458da4
0x00459360,08458d94
0x00459368,08458dac
0x0045936C,08458e0c
0x00459370,08458e1c
0x00459374,08458e00
0x0045937C,08458e28
0x00459380,08458e80
0x00459384,08458e8c
0x00459388,08458e74
0x00459390,08458e98
0x00459394,08458f14
0x00459398,08458f28
0x0045939C,08458f00
0x004593A4,08458f3c
0x004593A8,08458f94
0x004593AC,08458fa0
0x004593B0,08458fac
0x004593B8,08458fbc
0x004593BC,08459028
0x004593C0,08459018
0x004593C4,08459038
0x004593CC,08459048
0x004593D0,084590ec
0x004593D4,084590d4
0x004593D8,084590bc
0x004593E0,08459104
0x004593E4,0845915c
0x004593E8,08459168
0x004593EC,08459170
0x004593F4,08459178
0x004593F8,084591e4
0x004593FC,084591d4
0x00459400,084591f4
0x00459408,08459204
0x0045940C,0845927c
0x00459410,08459264
0x00459414,08459270
0x00461CEC,08459414
0x00461CF0,08459464
0x00461CF4,08459470
0x00461CF8,0845947c
0x00461D00,08459488
0x00461D04,084594e8
0x00461D08,084594f4
0x00461D0C,084594fc
0x00461D11,08000000
0x00461D14,08459508
0x00461D18,08459558
0x00461D1C,0845956c
0x00461D20,08459580
0x00461D28,08459594
0x00461D2C,084595c4
0x00461D30,084595d0
0x00461D34,084595dc
0x00461D3C,084595ec
0x00461D40,08459608
0x00461D44,08459614
0x00461D48,08459620
0x00461D50,0845962c
0x00461D54,08459670
0x00461D58,0845967c
0x00461D5C,08459688
0x00461D64,08459694
0x00461D68,084596e4
0x00461D6C,084596ec
0x00461D70,084596f4
0x00461D78,084596fc
0x00461D7C,0845973c
0x00461D80,08459744
0x00461D84,0845974c
0x00461D8C,08459754
0x00461D90,08459798
0x00461D94,084597a0
0x00461D98,084597a8
0x00461DA0,084597b4
0x00461DA4,084597d4
0x00461DA8,084597e4
0x00461DAC,084597f4
0x00461DB4,08459804
0x00461DB8,08459844
0x00461DBC,0845985c
0x00461DC0,0845986c
0x00461DC8,08459880
0x00461DCC,0845989c
0x00461DD0,084598a8
0x00461DD4,084598b4
0x00461DDC,084598c0
0x00461DE0,08459908
0x00461DE4,08459910
0x00461DE8,08459918
0x00461DF0,08459920
0x00461DF4,08459980
0x00461DF8,08459994
0x00461DFC,084599a8
0x00461E04,084599bc
0x00461E08,084599fc
0x00461E09,08084599
0x00461E0C,08459a08
0x00461E10,08459a14
0x00461E18,08459a20
0x00461E1C,08459a38
0x00461E20,08459a44
0x00461E24,08459a4c
0x00461E2C,08459a5c
0x00461E30,08459ac8
0x00461E34,08459ae0
0x00461E38,08459af4
0x00461E40,08459b0c
0x00461E44,08459b50
0x00461E48,08459b58
0x00461E4C,08459b60
0x00461E54,08459b68
0x00461E58,08459b84
0x00461E5C,08459b8c
0x00461E60,08459b94
0x00461E68,08459b9c
0x00461E6C,08459bdc
0x00461E70,08459be4
0x00461E74,08459bec
0x00461E7C,08459bf8
0x00461E80,08459c24
0x00461E84,08459c2c
0x00461E88,08459c34
0x00461E90,08459c3c
0x00461E94,08459c64
0x00461E98,08459c6c
0x00461E9C,08459c74
0x00461EA4,08459c7c
0x00461EA8,08459cbc
0x00461EAC,08459cd0
0x00461EB0,08459ce4
0x00461EB8,08459cf8
0x00461EBC,08459d14
0x00461EC0,08459d1c
0x00461EC4,08459d24
0x00461ECC,08459d2c
0x00461ED0,08459d54
0x00461ED4,08459d6c
0x00461ED8,08459d84
0x00461EE0,08459d9c
0x00461EE4,08459de0
0x00461EE8,08459dec
0x00461EEC,08459df8
0x00461EF4,08459e00
0x00461EF8,08459e44
0x00461EFC,08459e50
0x00461F00,08459e58
0x00461F08,08459e64
0x00461F0C,08459ec0
0x00461F10,08459ed4
0x00461F14,08459ee8
0x00461F1C,08459efc
0x00461F20,08459f4c
0x00461F24,08459f54
0x00461F28,08459f60
0x00461F30,08459f6c
0x00461F34,08459fb0
0x00461F38,08459fc0
0x00461F3C,08459fd0
0x00461F44,08459fe0
0x00461F48,0845a038
0x00461F4C,0845a040
0x00461F50,0845a048
0x00461F58,0845a050
0x00461F5C,0845a07c
0x00461F60,0845a088
0x00461F64,0845a094
0x00461F6C,0845a0a0
0x00461F70,0845a0cc
0x00461F74,0845a0d8
0x00461F78,0845a0e4
0x00461F80,0845a0f0
0x00461F84,0845a11c
0x00461F88,0845a128
0x00461F8C,0845a134
0x00461F94,0845a140
0x00461F98,0845a16c
0x00461F9C,0845a178
0x00461FA0,0845a184
0x00461FA8,0845a190
0x00461FAC,0845a1bc
0x00461FB0,0845a1c8
0x00461FB4,0845a1d4
0x00461FBC,0845a1e0
0x00461FC0,0845a214
0x00461FC4,0845a228
0x00461FC8,0845a23c
0x00461FD0,0845a250
0x00461FD4,0845a2a0
0x00461FD8,0845a2b4
0x00461FDC,0845a2c8
0x00461FE4,0845a2dc
0x00461FE8,0845a2f8
0x00461FEC,0845a300
0x00461FED,080845a3
0x00461FF0,0845a308
0x00461FF8,0845a310
0x00461FFC,0845a34c
0x00462000,0845a354
0x00462004,0845a35c
0x0046200C,0845a364
0x00462010,0845a3b0
0x00462014,0845a3c4
0x00462018,0845a3d8
0x00462020,0845a3ec
0x00462021,080845a3
0x00462024,0845a408
0x00462028,0845a410
0x0046202C,0845a418
0x00462034,0845a420
0x00462038,0845a47c
0x0046203C,0845a48c
0x00462040,0845a49c
0x00462048,0845a4ac
0x0046204C,0845a4f0
0x00462050,0845a500
0x00462054,0845a510
0x0046205C,0845a520
0x00462060,0845a564
0x00462064,0845a570
0x00462068,0845a57c
0x00462070,0845a588
0x00462074,0845a5c4
0x00462078,0845a5d0
0x0046207C,0845a5dc
0x00462084,0845a5e8
0x00462088,0845a65c
0x0046208C,0845a664
0x00462090,0845a66c
0x00462098,0845a674
0x0046209C,0845a6c0
0x004620A0,0845a6cc
0x004620A4,0845a6dc
0x004620AC,0845a6ec
0x004620B0,0845a72c
0x004620B4,0845a734
0x004620B8,0845a73c
0x004620C0,0845a744
0x004620C4,0845a760
0x004620C8,0845a768
0x004620CC,0845a770
0x004620D4,0845a778
0x004620D8,0845a7c4
0x004620DC,0845a7d4
0x004620E0,0845a7e4
0x004620E8,0845a7f4
0x004620EC,0845a874
0x004620F0,0845a888
0x004620F4,0845a8a0
0x004620FC,0845a8c0
0x00462100,0845a920
0x00462104,0845a930
0x00462108,0845a940
0x00462110,0845a950
0x00462114,0845a970
0x00462118,0845a97c
0x0046211C,0845a988
0x00462124,0845a994
0x00462128,0845a9a8
0x0046212C,0845a9b4
0x00462130,0845a9c0
0x00462138,0845a9cc
0x0046213C,0845aa04
0x00462140,0845aa0c
0x00462144,0845aa14
0x0046214C,0845aa1c
0x00462150,0845aa40
0x00462154,0845aa50
0x00462158,0845aa60
0x00462160,0845aa70
0x00462164,0845aab4
0x00462168,0845aabc
0x0046216C,0845aac4
0x00462174,0845aacc
0x00462178,0845ab20
0x0046217C,0845ab3c
0x00462180,0845ab54
0x00462188,0845ab68
0x0046218C,0845aba8
0x00462190,0845abb8
0x00462194,0845abc8
0x0046219C,0845abd8
0x004621A0,0845ac2c
0x004621A4,0845ac3c
0x004621A8,0845ac48
0x004621B0,0845ac54
0x004621B4,0845ac78
0x004621B8,0845ac84
0x004621BC,0845ac90
0x004621C4,0845aca4
0x004621C8,0845ace4
0x004621CC,0845acf4
0x004621D0,0845ad04
0x004621D8,0845ad14
0x004621DC,0845ad4c
0x004621E0,0845ad54
0x004621E4,0845ad5c
0x004621EC,0845ad68
0x004621F0,0845adb0
0x004621F4,0845adc0
0x004621F8,0845add0
0x00462200,0845ade0
0x00462204,0845ae14
0x00462208,0845ae20
0x0046220C,0845ae28
0x00462214,0845ae30
0x00462218,0845ae7c
0x0046221C,0845ae90
0x00462220,0845aea8
0x00462228,0845aebc
0x0046222C,0845aeec
0x00462230,0845aef4
0x00462234,0845aefc
0x0046223C,0845af04
0x00462240,0845af68
0x00462244,0845af7c
0x00462248,0845af90
0x00462250,0845afa4
0x00462254,0845afd8
0x00462258,0845afe0
0x0046225C,0845afe8
0x00462264,0845aff0
0x00462268,0845b024
0x0046226C,0845b030
0x00462270,0845b03c
0x00462278,0845b048
0x0046227C,0845b098
0x00462280,0845b0a0
0x00462284,0845b0a8
0x0046228C,0845b0b0
0x00462290,0845b0f0
0x00462294,0845b104
0x00462298,0845b118
0x004622A0,0845b12c
0x004622A4,0845b180
0x004622A8,0845b188
0x004622AC,0845b194
0x004622B4,0845b19c
0x004622B8,0845b1c8
0x004622BC,0845b1cc
0x004622C0,0845b1d0
0x004622C8,0845b1d4
0x004622CC,0845b1fc
0x004622CD,080845b1
0x004622D0,0845b208
0x004622D4,0845b214
0x004622DC,0845b220
0x004622E0,0845b244
0x004622E4,0845b24c
0x004622E8,0845b254
0x004622F0,0845b25c
0x004622F4,0845b2c0
0x004622F8,0845b2cc
0x004622FC,0845b2dc
0x00462304,0845b2ec
0x00462308,0845b314
0x0046230C,0845b31c
0x00462310,0845b324
0x00462318,0845b32c
0x0046231C,0845b348
0x00462320,0845b350
0x00462324,0845b358
0x0046232C,0845b360
0x00462330,0845b3a0
0x00462334,0845b3a8
0x00462338,0845b3b0
0x00462340,0845b3bc
0x00462344,0845b3f0
0x00462348,0845b3fc
0x0046234C,0845b404
0x00462354,0845b414
0x00462358,0845b43c
0x0046235C,0845b448
0x00462360,0845b454
0x00462368,0845b460
0x0046236C,0845b498
0x00462370,0845b4a0
0x00462374,0845b4a8
0x0046237C,0845b4b0
0x00462380,0845b4e0
0x00462384,0845b4ec
0x00462388,0845b4f8
0x00462390,0845b500
0x00462394,0845b544
0x00462398,0845b54c
0x0046239C,0845b554
0x004623A4,0845b55c
0x004623A8,0845b5b0
0x004623AC,0845b5b8
0x004623B0,0845b5c0
0x004623B8,0845b5c8
0x004623BC,0845b5f8
0x004623C0,0845b600
0x004623C4,0845b60c
0x004623CC,0845b618
0x004623D0,0845b654
0x004623D4,0845b65c
0x004623D8,0845b664
0x004623E0,0845b66c
0x004623E4,0845b6d8
0x004623E8,0845b6e8
0x004623EC,0845b6f8
0x004623F4,0845b704
0x004623F8,0845b728
0x004623FC,0845b73c
0x00462400,0845b74c
0x00462408,0845b760
0x0046240C,0845b79c
0x00462410,0845b7ac
0x00462414,0845b7bc
0x0046241C,0845b7cc
0x00462420,0845b800
0x00462424,0845b80c
0x00462428,0845b818
0x00462430,0845b824
0x00462434,0845b890
0x00462438,0845b8a4
0x0046243C,0845b8b8
0x00462444,0845b8cc
0x00462448,0845b948
0x0046244C,0845b95c
0x00462450,0845b970
0x00462458,0845b988
0x0046245C,0845b9b0
0x00462460,0845b9c0
0x00462464,0845b9d0
0x0046246C,0845b9e0
0x00462470,0845ba44
0x00462474,0845ba50
0x00462478,0845ba5c
0x00462480,0845ba68
0x00462484,0845baac
0x00462488,0845babc
0x0046248C,0845bacc
0x00462494,0845badc
0x00462498,0845bb10
0x0046249C,0845bb24
0x004624A0,0845bb38
0x004624A8,0845bb4c
0x004624AC,0845bba4
0x004624B0,0845bbac
0x004624B4,0845bbb4
0x004624BC,0845bbbc
0x004624C0,0845bc34
0x004624C4,0845bc48
0x004624C8,0845bc5c
0x004624D0,0845bc70
0x004624D4,0845bcec
0x004624D8,0845bcf4
0x004624DC,0845bcfc
0x004624E4,0845bd04
0x004624E8,0845bd64
0x004624EC,0845bd70
0x004624F0,0845bd7c
0x004624F8,0845bd88
0x004624FC,0845bdc0
0x00462500,0845bdc8
0x00462504,0845bdd0
0x0046250C,0845bdd8
0x00462510,0845be4c
0x00462514,0845be70
0x00462518,0845be84
0x00462520,0845be9c
0x00462524,0845bee0
0x00462528,0845bef0
0x0046252C,0845bf00
0x00462534,0845bf10
0x00462538,0845bf6c
0x0046253C,0845bf78
0x00462540,0845bf84
0x00462548,0845bf90
0x0046254C,0845bfd8
0x00462550,0845bfe8
0x00462554,0845bff8
0x00462559,08000000
0x0046255C,0845c008
0x00462560,0845c064
0x00462564,0845c070
0x00462568,0845c07c
0x00462570,0845c088
0x00462574,0845c0c0
0x00462578,0845c0d4
0x0046257C,0845c0e8
0x00462584,0845c0fc
0x00462588,0845c13c
0x0046258C,0845c148
0x00462590,0845c154
0x00462598,0845c164
0x0046259C,0845c1e0
0x004625A0,0845c1f4
0x004625A1,080845c1
0x004625A4,0845c208
0x004625AC,0845c21c
0x004625B0,0845c274
0x004625B4,0845c284
0x004625B8,0845c294
0x004625C0,0845c2a4
0x004625C4,0845c2e4
0x004625C8,0845c2f0
0x004625CC,0845c2fc
0x004625D1,08000000
0x004625D4,0845c308
0x004625D8,0845c348
0x004625DC,0845c358
0x004625E0,0845c368
0x004625E8,0845c378
0x004625EC,0845c3c8
0x004625F0,0845c3d8
0x004625F4,0845c3e8
0x004625FC,0845c3f8
0x00462600,0845c44c
0x00462604,0845c468
0x00462608,0845c488
0x00462610,0845c4ac
0x00462614,0845c4ec
0x00462618,0845c4fc
0x0046261C,0845c50c
0x00462624,0845c520
0x00462628,0845c570
0x0046262C,0845c578
0x00462630,0845c580
0x00462638,0845c588
0x0046263C,0845c5bc
0x00462640,0845c5c4
0x00462644,0845c5cc
0x0046264C,0845c5d4
0x00462650,0845c628
0x00462654,0845c63c
0x00462658,0845c650
0x00462660,0845c664
0x00462664,0845c6e4
0x00462668,0845c6f8
0x0046266C,0845c70c
0x00462674,0845c720
0x00462678,0845c748
0x0046267C,0845c75c
0x00462680,0845c770
0x00462688,0845c784
0x0046268C,0845c7ec
0x00462690,0845c7f8
0x00462694,0845c800
0x00462699,08000000
0x0046269C,0845c808
0x004626A0,0845c844
0x004626A4,0845c84c
0x004626A8,0845c854
0x004626B0,0845c860
0x004626B4,0845c8d0
0x004626B8,0845c8dc
0x004626BC,0845c8e8
0x004626C4,0845c8f4
0x004626C8,0845c950
0x004626CC,0845c964
0x004626D0,0845c978
0x004626D8,0845c98c
0x004626DC,0845ca04
0x004626E0,0845ca1c
0x004626E4,0845ca30
0x004626EC,0845ca44
0x004626F0,0845ca90
0x004626F4,0845ca98
0x004626F8,0845caa0
0x00462700,0845caa8
0x00462704,0845cb20
0x00462708,0845cb3c
0x0046270C,0845cb58
0x00462714,0845cb78
0x00462718,0845cbd8
0x0046271C,0845cbfc
0x00462720,0845cc1c
0x00462728,0845cc38
0x0046272C,0845cc5c
0x00462730,0845cc68
0x00462734,0845cc74
0x0046273C,0845cc80
0x00462740,0845cce8
0x00462744,0845ccfc
0x00462748,0845cd14
0x00462750,0845cd2c
0x00462754,0845cd84
0x00462758,0845cd94
0x0046275C,0845cda4
0x00462764,0845cdb4
0x00462768,0845cde8
0x0046276C,0845cdf0
0x00462770,0845cdf8
0x00462778,0845ce00
0x0046277C,0845ce78
0x00462780,0845ce8c
0x00462784,0845ce9c
0x0046278C,0845ceb0
0x00462790,0845cf08
0x00462794,0845cf14
0x00462798,0845cf20
0x004627A0,0845cf30
0x004627A4,0845cfa4
0x004627A8,0845cfb4
0x004627AC,0845cfc4
0x004627B4,0845cfd4
0x004627B8,0845d04c
0x004627BC,0845d054
0x004627C0,0845d05c
0x004627C8,0845d064
0x004627CC,0845d0cc
0x004627D0,0845d0f4
0x004627D4,0845d11c
0x004627DC,0845d148
0x004627E0,0845d1bc
0x004627E4,0845d1c4
0x004627E8,0845d1cc
0x004627F0,0845d1d8
0x004627F4,0845d248
0x004627F8,0845d260
0x004627FC,0845d278
0x00462804,0845d294
0x00462808,0845d2e0
0x0046280C,0845d2ec
0x00462810,0845d2f8
0x00462818,0845d304
0x0046281C,0845d354
0x00462820,0845d364
0x00462824,0845d374
0x0046282C,0845d384
0x00462830,0845d3d8
0x00462834,0845d3e8
0x00462838,0845d3f8
0x0046283D,08000000
0x00462840,0845d408
0x00462844,0845d474
0x00462848,0845d480
0x0046284C,0845d490
0x00462854,0845d4a0
0x00462858,0845d508
0x0046285C,0845d510
0x00462860,0845d518
0x00462868,0845d520
0x0046286C,0845d564
0x00462870,0845d56c
0x00462874,0845d574
0x0046287C,0845d57c
0x00462880,0845d5ac
0x00462884,0845d5b8
0x00462888,0845d5c0
0x00462890,0845d5cc
0x00462894,0845d630
0x00462898,0845d63c
0x0046289C,0845d64c
0x004628A4,0845d658
0x004628A8,0845d6b4
0x004628AC,0845d6bc
0x004628B0,0845d6c4
0x004628B8,0845d6d0
0x004628BC,0845d73c
0x004628C0,0845d750
0x004628C4,0845d764
0x004628CC,0845d77c
0x004628D0,0845d7f4
0x004628D4,0845d800
0x004628D8,0845d814
0x004628E0,0845d824
0x004628E4,0845d884
0x004628E8,0845d89c
0x004628EC,0845d8b4
0x004628F4,0845d8cc
0x004628F8,0845d910
0x004628FC,0845d918
0x00462900,0845d920
0x00462908,0845d928
0x0046290C,0845d950
0x00462910,0845d960
0x00462914,0845d974
0x0046291C,0845d980
0x00462920,0845d9f8
0x00462924,0845da04
0x00462928,0845da10
0x00462930,0845da1c
0x00462934,0845da68
0x00462938,0845da74
0x0046293C,0845da84
0x00462944,0845da94
0x00462948,0845dabc
0x0046294C,0845dae4
0x0046294D,080845da
0x00462950,0845db08
0x00462958,0845db2c
0x0046295C,0845dba4
0x00462960,0845dbb4
0x00462964,0845dbc4
0x0046296C,0845dbd4
0x00462970,0845dbec
0x00462974,0845dbf8
0x00462978,0845dc04
0x00462980,0845dc10
0x00462984,0845dc5c
0x00462988,0845dc68
0x0046298C,0845dc74
0x00462994,0845dc88
0x00462998,0845dcc0
0x0046299C,0845dccc
0x004629A0,0845dcd8
0x004629A8,0845dce4
0x004629AC,0845dd34
0x004629B0,0845dd40
0x004629B4,0845dd4c
0x004629BC,0845dd58
0x004629C0,0845dda8
0x004629C4,0845ddc4
0x004629C8,0845dddc
0x004629D0,0845ddf4
0x004629D4,0845de30
0x004629D8,0845de40
0x004629DC,0845de50
0x004629E4,0845de60
0x004629E8,0845de94
0x004629EC,0845dea8
0x004629F0,0845deb4
0x004629F8,0845dec4
0x004629F9,080845de
0x004629FC,0845df08
0x00462A00,0845df10
0x00462A04,0845df18
0x00462A0C,0845df20
0x00462A10,0845df58
0x00462A14,0845df74
0x00462A18,0845df90
0x00462A20,0845dfac
0x00462A24,0845dff4
0x00462A28,0845e014
0x00462A2C,0845e030
0x00462A34,0845e04c
0x00462A38,0845e0a4
0x00462A3C,0845e0b0
0x00462A40,0845e0bc
0x00462A48,0845e0c8
0x00462A4C,0845e0f0
0x00462A50,0845e0fc
0x00462A54,0845e10c
0x00462A5C,0845e118
0x00462A60,0845e13c
0x00462A64,0845e148
0x00462A68,0845e154
0x00462A70,0845e160
0x00462A74,0845e1b8
0x00462A78,0845e1c0
0x00462A7C,0845e1c8
0x00462A84,0845e1d0
0x00462A88,0845e228
0x00462A8C,0845e230
0x00462A90,0845e238
0x00462A98,0845e240
0x00462A9C,0845e2a0
0x00462AA0,0845e2ac
0x00462AA4,0845e2b8
0x00462AAC,0845e2c4
0x00462AB0,0845e318
0x00462AB4,0845e324
0x00462AB8,0845e330
0x00462AC0,0845e33c
0x00462AC4,0845e38c
0x00462AC8,0845e3a0
0x00462ACC,0845e3b4
0x00462AD4,0845e3c8
0x00462AD8,0845e40c
0x00462ADC,0845e418
0x00462AE0,0845e424
0x00462AE8,0845e430
0x00462AEC,0845e464
0x00462AF0,0845e46c
0x00462AF4,0845e474
0x00462AFC,0845e480
0x00462B00,0845e4b4
0x00462B04,0845e4c0
0x00462B08,0845e4cc
0x00462B10,0845e4d8
0x00462B14,0845e530
0x00462B18,0845e544
0x00462B1C,0845e558
0x00462B24,0845e56c
0x00462B28,0845e5a0
0x00462B2C,0845e5a8
0x00462B30,0845e5b0
0x00462B38,0845e5b8
0x00462B3C,0845e5e8
0x00462B40,0845e5f0
0x00462B44,0845e5f8
0x00462B4C,0845e600
0x00462B50,0845e628
0x00462B54,0845e630
0x00462B58,0845e638
0x00462B60,0845e640
0x00462B64,0845e698
0x00462B68,0845e6a0
0x00462B6C,0845e6ac
0x00462B74,0845e6b4
0x00462B78,0845e710
0x00462B7C,0845e718
0x00462B80,0845e720
0x00462B88,0845e728
0x00462B8C,0845e780
0x00462B90,0845e78c
0x00462B94,0845e798
0x00462B9C,0845e7a0
0x00462BA0,0845e7f4
0x00462BA4,0845e7fc
0x00462BA8,0845e804
0x00462BB0,0845e80c
0x00462BB4,0845e84c
0x00462BB8,0845e858
0x00462BBC,0845e864
0x00462BC4,0845e870
0x00462BC8,0845e8e0
0x00462BCC,0845e8f0
0x00462BD0,0845e8f8
0x00462BD8,0845e904
0x00462BDC,0845e938
0x00462BE0,0845e94c
0x00462BE4,0845e960
0x00462BEC,0845e974
0x00462BF0,0845e990
0x00462BF4,0845e998
0x00462BF8,0845e9a4
0x00462C00,0845e9b0
0x00462C04,0845e9d0
0x00462C08,0845e9e4
0x00462C0C,0845e9f8
0x00462C14,0845ea0c
0x00462C18,0845ea2c
0x00462C1C,0845ea34
0x00462C20,0845ea3c
0x00462C28,0845ea48
0x00462C2C,0845eab8
0x00462C30,0845eac0
0x00462C34,0845eac8
0x00462C3C,0845ead0
0x00462C40,0845eb1c
0x00462C44,0845eb28
0x00462C48,0845eb34
0x00462C50,0845eb40
0x00462C54,0845eb80
0x00462C58,0845eb88
0x00462C5C,0845eb90
0x00462C64,0845eb98
0x00462C68,0845ec00
0x00462C69,080845ec
0x00462C6C,0845ec08
0x00462C70,0845ec10
0x00462C78,0845ec18
0x00462C7C,0845ec98
0x00462C80,0845eca4
0x00462C84,0845ecb0
0x00462C8C,0845ecbc
0x00462C8D,080845ec
0x00462C90,0845ed08
0x00462C94,0845ed20
0x00462C98,0845ed38
0x00462CA0,0845ed50
0x00462CA4,0845edc8
0x00462CA8,0845edd8
0x00462CAC,0845ede8
0x00462CB4,0845edf8
0x00462CB8,0845ee58
0x00462CBC,0845ee6c
0x00462CC0,0845ee80
0x00462CC8,0845ee94
0x00462CC9,080845ee
0x00462CCC,0845ef08
0x00462CD0,0845ef10
0x00462CD4,0845ef18
0x00462CDC,0845ef20
0x00462CE0,0845ef60
0x00462CE4,0845ef78
0x00462CE8,0845ef94
0x00462CF0,0845efb0
0x00462CF4,0845f024
0x00462CF8,0845f038
0x00462CFC,0845f04c
0x00462D04,0845f060
0x00462D08,0845f098
0x00462D0C,0845f0a4
0x00462D10,0845f0b0
0x00462D18,0845f0b8
0x00462D1C,0845f100
0x00462D1D,080845f1
0x00462D20,0845f108
0x00462D24,0845f114
0x00462D2C,0845f11c
0x00462D30,0845f14c
0x00462D34,0845f158
0x00462D38,0845f164
0x00462D40,0845f16c
0x00462D44,0845f1e0
0x00462D48,0845f1f8
0x00462D4C,0845f210
0x00462D54,0845f228
0x00462D58,0845f294
0x00462D5C,0845f29c
0x00462D60,0845f2a4
0x00462D68,0845f2ac
0x00462D6C,0845f2fc
0x00462D70,0845f30c
0x00462D74,0845f31c
0x00462D7C,0845f32c
0x00462D80,0845f360
0x00462D84,0845f370
0x00462D88,0845f380
0x00462D90,0845f394
0x00462D94,0845f3c8
0x00462D98,0845f3d8
0x00462D9C,0845f3e8
0x00462DA4,0845f3f8
0x00462DA8,0845f42c
0x00462DAC,0845f43c
0x00462DB0,0845f44c
0x00462DB8,0845f458
0x00462DBC,0845f490
0x00462DC0,0845f4a0
0x00462DC4,0845f4b0
0x00462DCC,0845f4c0
0x00462DD0,0845f4fc
0x00462DD4,0845f50c
0x00462DD8,0845f51c
0x00462DE0,0845f52c
0x00462DE4,0845f56c
0x00462DE8,0845f57c
0x00462DEC,0845f58c
0x00462DF4,0845f59c
0x00462DF8,0845f5c8
0x00462DFC,0845f5d8
0x00462E00,0845f5ec
0x00462E08,0845f5fc
0x00462E0C,0845f614
0x00462E10,0845f620
0x00462E14,0845f62c
0x00462E1C,0845f638
0x00462E20,0845f68c
0x00462E24,0845f694
0x00462E28,0845f69c
0x00462E30,0845f6a4
0x00462E34,0845f700
0x00462E38,0845f70c
0x00462E3C,0845f718
0x00462E44,0845f724
0x00462E48,0845f77c
0x00462E4C,0845f790
0x00462E50,0845f7a0
0x00462E58,0845f7b4
0x00462E5C,0845f808
0x00462E60,0845f818
0x00462E64,0845f82c
0x00462E6C,0845f838
0x00462E70,0845f864
0x00462E74,0845f870
0x00462E78,0845f87c
0x00462E80,0845f888
0x00462E84,0845f8b4
0x00462E88,0845f8c0
0x00462E8C,0845f8cc
0x00462E94,0845f8dc
0x00462E95,080845f8
0x00462E98,0845f908
0x00462E9C,0845f918
0x00462EA0,0845f924
0x00462EA8,0845f930
0x00462EAC,0845f95c
0x00462EB0,0845f968
0x00462EB4,0845f974
0x00462EBC,0845f980
0x00462EC0,0845f9c0
0x00462EC4,0845f9d0
0x00462EC8,0845f9e0
0x00462ED0,0845f9f0
0x00462ED4,0845fa34
0x00462ED8,0845fa3c
0x00462EDC,0845fa44
0x00462EE4,0845fa4c
0x00462EE8,0845fa74
0x00462EEC,0845fa88
0x00462EF0,0845faa4
0x00462EF8,0845fac0
0x00462EF9,080845fa
0x00462EFC,0845fb08
0x00462F00,0845fb14
0x00462F04,0845fb20
0x00462F0C,0845fb2c
0x00462F10,0845fb60
0x00462F14,0845fb68
0x00462F18,0845fb70
0x00462F20,0845fb78
0x00462F24,0845fbcc
0x00462F28,0845fbd4
0x00462F2C,0845fbdc
0x00462F34,0845fbe4
0x00462F38,0845fc14
0x00462F3C,0845fc1c
0x00462F40,0845fc24
0x00462F48,0845fc30
0x00462F4C,0845fc78
0x00462F50,0845fc84
0x00462F54,0845fc90
0x00462F5C,0845fc9c
0x00462F60,0845fcc8
0x00462F64,0845fcd8
0x00462F68,0845fce8
0x00462F70,0845fcf8
0x00462F74,0845fd10
0x00462F78,0845fd1c
0x00462F7C,0845fd28
0x00462F84,0845fd34
0x00462F88,0845fda8
0x00462F8C,0845fdb0
0x00462F90,0845fdb8
0x00462F98,0845fdc0
0x00462F9C,0845fdf0
0x00462FA0,0845fdf8
0x00462FA4,0845fe04
0x00462FAC,0845fe10
0x00462FB0,0845fe54
0x00462FB4,0845fe5c
0x00462FB8,0845fe64
0x00462FC0,0845fe6c
0x00462FC4,0845feec
0x00462FC5,080845fe
0x00462FC8,0845ff08
0x00462FCC,0845ff28
0x00462FD4,0845ff44
0x00462FD8,0845ffb8
0x00462FDC,0845ffcc
0x00462FE0,0845ffe0
0x00462FE8,0845fff4
0x00462FEC,08460070
0x00462FF0,08460084
0x00462FF4,08460098
0x00462FFC,084600ac
0x00463000,08460104
0x00463004,08460128
0x00463008,08460148
0x00463010,0846016c
0x00463014,084601ec
0x00463018,08460210
0x0046301C,08460234
0x00463024,0846024c
0x00463028,08460264
0x0046302C,08460270
0x00463030,0846027c
0x00463038,08460288
0x0046303C,084602b8
0x00463040,084602c0
0x00463044,084602c8
0x0046304C,084602d0
0x0046304D,08084602
0x00463050,08460308
0x00463054,08460310
0x00463058,08460318
0x00463060,08460320
0x00463064,08460350
0x00463068,0846035c
0x0046306C,08460368
0x00463074,08460374
0x00463078,08460398
0x0046307C,084603a0
0x00463080,084603ac
0x00463088,084603b4
0x0046308C,08460400
0x00463090,08460410
0x00463094,08460420
0x0046309C,08460430
0x004630A0,08460498
0x004630A4,084604a0
0x004630A8,084604a8
0x004630B0,084604b0
0x004630B4,084604e8
0x004630B8,084604f0
0x004630BC,084604f8
0x004630C4,08460500
0x004630C8,08460584
0x004630CC,08460590
0x004630D0,0846059c
0x004630D8,084605a8
0x004630DC,08460604
0x004630E0,08460610
0x004630E4,0846061c
0x004630EC,08460628
0x004630F0,08460684
0x004630F4,08460694
0x004630F8,084606a4
0x00463100,084606b4
0x00463104,084606ec
0x00463108,08460700
0x0046310C,0846071c
0x00463114,0846073c
0x00463118,08460788
0x0046311C,08460794
0x00463120,084607a0
0x00463128,084607ac
0x0046312C,084607ec
0x00463130,084607f4
0x00463134,084607fc
0x0046313A,08040000
0x0046313C,08460804
0x00463140,08460864
0x00463144,0846087c
0x00463148,08460890
0x00463150,084608ac
0x00463154,0846090c
0x00463158,08460918
0x0046315C,08460924
0x00463164,08460930
0x00463168,08460988
0x0046316C,08460990
0x00463170,08460998
0x00463178,084609a0
0x00463179,08084609
0x0046317C,08460a08
0x00463180,08460a10
0x00463184,08460a18
0x0046318C,08460a20
0x00463190,08460a90
0x00463194,08460aa0
0x00463198,08460aac
0x004631A0,08460abc
0x004631A4,08460aec
0x004631A8,08460af8
0x004631A9,0808460a
0x004631AC,08460b08
0x004631B4,08460b14
0x004631B8,08460b74
0x004631BC,08460b88
0x004631C0,08460b9c
0x004631C8,08460bb0
0x004631CC,08460c0c
0x004631D0,08460c14
0x004631D4,08460c1c
0x004631DC,08460c24
0x004631E0,08460c80
0x004631E4,08460ca0
0x004631E8,08460cc0
0x004631F0,08460ce0
0x004631F4,08460d4c
0x004631F8,08460d58
0x004631FC,08460d60
0x00463204,08460d74
0x00463208,08460dbc
0x0046320C,08460dc8
0x00463210,08460dd4
0x00463218,08460de0
0x0046321C,08460e0c
0x00463220,08460e1c
0x00463224,08460e2c
0x0046322C,08460e3c
0x00463230,08460e60
0x00463234,08460e68
0x00463238,08460e70
0x00463240,08460e78
0x00463244,08460eb0
0x00463248,08460eb8
0x0046324C,08460ec0
0x00463254,08460ec8
0x00463258,08460ef4
0x0046325C,08460efc
0x00463260,08460f04
0x00463268,08460f0c
0x0046326C,08460f70
0x00463270,08460f7c
0x00463274,08460f88
0x0046327C,08460f94
0x00463280,08460fcc
0x00463284,08460fd8
0x00463288,08460fe4
0x00463290,08460ff0
0x00463294,08461024
0x00463298,08461030
0x0046329C,0846103c
0x004632A4,08461048
0x004632A8,084610b4
0x004632AC,084610c0
0x004632B0,084610cc
0x004632B8,084610d8
0x004632BC,08461118
0x004632C0,08461120
0x004632C4,08461128
0x004632CC,08461130
0x004632D0,08461154
0x004632D4,08461160
0x004632D8,08461168
0x004632E0,08461174
0x004632E4,084611c8
0x004632E8,084611dc
0x004632EC,084611f0
0x004632F4,08461204
0x004632F8,08461264
0x004632FC,08461270
0x00463300,08461280
0x00463308,0846128c
0x00463309,08084612
0x0046330C,08461308
0x00463310,08461320
0x00463314,08461334
0x0046331C,08461348
0x00463320,0846138c
0x00463324,0846139c
0x00463328,084613a8
0x00463330,084613b8
0x00463334,08461400
0x00463335,08084614
0x00463338,08461408
0x0046333C,08461410
0x00463344,08461418
0x00463348,08461468
0x0046334C,08461478
0x00463350,08461488
0x00463358,08461498
0x0046335C,084614d0
0x00463360,084614d8
0x00463364,084614e0
0x0046336C,084614e8
0x00463370,0846150c
0x00463374,08461514
0x00463378,0846151c
0x00463380,08461524
0x00463384,08461564
0x00463388,08461570
0x0046338C,0846157c
0x00463394,08461588
0x00463398,084615ac
0x0046339C,084615bc
0x004633A0,084615cc
0x004633A8,084615dc
0x004633AC,08461600
0x004633B0,08461614
0x004633B4,0846162c
0x004633BC,0846164c
0x004633C0,08461694
0x004633C4,084616a4
0x004633C8,084616b4
0x004633D0,084616c4
0x004633D1,08084616
0x004633D4,08461708
0x004633D8,08461714
0x004633DC,08461720
0x004633E4,0846172c
0x004633E8,0846178c
0x004633EC,08461798
0x004633F0,084617a8
0x004633F8,084617b4
0x004633FC,08461814
0x00463400,08461824
0x00463404,08461838
0x0046340C,0846184c
0x00463410,08461888
0x00463414,08461898
0x00463418,084618a8
0x00463420,084618b8
0x00463424,08461910
0x00463428,0846191c
0x0046342C,08461928
0x00463434,08461934
0x00463438,084619b0
0x0046343C,084619c4
0x00463440,084619d8
0x00463448,084619f0
0x0046344C,08461a68
0x00463450,08461a6c
0x00463454,08461a70
0x0046345C,08461a74
0x00463460,08461ac4
0x00463464,08461ae8
0x00463465,0808461a
0x00463468,08461b08
0x00463470,08461b28
0x00463474,08461b60
0x00463478,08461b68
0x0046347C,08461b74
0x00463484,08461b80
0x00463488,08461bdc
0x0046348C,08461be4
0x00463490,08461bec
0x00463498,08461bf4
0x0046349C,08461c50
0x004634A0,08461c64
0x004634A4,08461c78
0x004634AC,08461c8c
0x004634B0,08461ccc
0x004634B4,08461cd4
0x004634B8,08461cdc
0x004636DB,0810c750
0x00463C89,08430002
0x00463D5B,08001042
0x00464325,08004800
0x00464327,08000800
0x00464339,08004000
0x0046435D,08000000
0x00464371,08000000
0x00464377,08000800
0x004643D5,08000020
0x0046445C,0846444c
0x00464538,0809a1ed
0x0046453C,0809a25d
0x00464540,0809a27d
0x00464544,0809a299
0x00464548,0809a2ad
0x0046454C,0809a1ed
0x00464550,0809a1ed
0x00464554,0809a1ed
0x00464558,0809a1ed
0x0046455C,0809a2dd
0x00464560,0809a2e9
0x00464564,0809a2fd
0x00464568,0809a311
0x0046456C,0809a341
0x00464570,0809a355
0x00464574,0809a369
0x00464578,0809a37d
0x0046457C,0809a971
0x00464580,0809a391
0x00464584,0809a985
0x00464588,0809a39d
0x0046458C,0809a1ed
0x00464590,0809a1ed
0x00464594,0809a3b5
0x00464598,0809a1ed
0x0046459C,0809a1ed
0x004645A0,0809a1ed
0x004645A4,0809a3c9
0x004645A8,0809a1ed
0x004645AC,0809a909
0x004645B0,0809af35
0x004645B4,0809a695
0x004645B8,0809b319
0x004645BC,0809b3e1
0x004645C0,0809a1cd
0x004645C4,0809a1b5
0x00464675,08070605
0x0046468E,0848a145
0x004646B1,0800e000
0x004646C9,08070605
0x004647B1,08070605
0x004647E0,0809be2d
0x004647E4,0809be41
0x004647E8,0809be89
0x004647EC,0809be2d
0x004647F0,0809be9d
0x004647F4,0809beb1
0x004647F8,0809bec5
0x004647FC,0809bed9
0x00464800,0809beed
0x00464804,0809bef9
0x00464808,0809bf05
0x0046480C,0809bf19
0x00464844,08464d7c
0x00464850,08465484
0x00464898,08464d7c
0x004648A4,08465484
0x00464904,08464d7c
0x00464910,08465484
0x00464958,08464fd4
0x00464970,08465484
0x004649AC,08464d7c
0x004649DC,0846522c
0x00464A78,08464fd4
0x00464A84,08465484
0x00464ACC,08464d7c
0x00464AD8,08465484
0x00464B2C,08464fd4
0x00464B38,08465484
0x00464B98,08464d7c
0x00464BEC,08464fd4
0x00464BF8,08465484
0x00464C40,0846522c
0x00464C4C,08465484
0x00464C94,08464fd4
0x00464CD0,08464fd4
0x00464D00,08464d7c
0x00464D0C,08465484
0x00464D3C,0846522c
0x00464D6C,08464d7c
0x00464D78,08465484
0x004656CC,08464d7c
0x004656D8,08465484
0x00465714,08464d7c
0x00465738,08465484
0x00465768,08465484
0x00465B7C,08536368
0x00465B84,08536bc4
0x00465B8C,085374b4
0x00465B94,08537b90
0x00465B9C,08537f7c
0x00465BA4,08538434
0x00465BAC,08538890
0x00465BB4,08538fec
0x00465BBC,08539a58
0x00465BC4,0853a1ec
0x00465BCC,0853ab74
0x00465BD4,0853b244
0x00465BDC,0853bbe8
0x00465BE4,0853c3bc
0x00465BEC,0853c564
0x00465BF4,0853c6fc
0x00465BFC,0853c8b8
0x00465C04,0853ca70
0x00465D0C,0853cbb4
0x00465D14,0853ccac
0x00465D1C,0853cd64
0x00465D24,0853ce40
0x00465E9C,0853ce6c
0x00465EA4,0853ce88
0x00465EAC,0853cea4
0x00465EB4,0853cec0
0x00465EBC,0853cedc
0x00465EC4,0853cef8
0x00465ECC,0853cf14
0x00465ED4,0853cf30
0x00465EDC,0853cf50
0x00465EE4,0853cf70
0x00465EEC,0853cf90
0x00465EF4,0853cfb0
0x00465EFC,0853cfd0
0x00465F04,0853cff0
0x00465F0C,0853d010
0x00465F14,0853d02c
0x00465F1C,0853d04c
0x00465F24,0853d06c
0x00465F2C,0853d08c
0x00465F34,0853d0a8
0x00465F3C,0853d0c8
0x00465F44,0853d0e8
0x00465F4C,0853d108
0x00465F54,0853d128
0x00465F5C,0853d148
0x00465F64,0853d168
0x00465F6C,0853d184
0x00465F74,0853d1a4
0x00465F7C,0853d1c4
0x00465F84,0853d1e4
0x00465F8C,0853d200
0x00465F94,0853d220
0x00465F9C,0853d240
0x00465FA4,0853d260
0x00465FAC,0853d280
0x00465FB4,0853d2a0
0x00465FBC,0853d2c0
0x00465FC4,0853d2e0
0x00465FCC,0853d300
0x00465FD4,0853d320
0x00465FDC,0853d340
0x00465FE4,0853d360
0x00465FEC,0853d380
0x00465FF4,0853d3b4
0x00465FFC,0853d3d4
0x00466004,0853d3f4
0x0046600C,0853d414
0x00466014,0853d434
0x0046601C,0853d454
0x00466024,0853d474
0x0046602C,0853d494
0x00466034,0853d4b4
0x0046603C,0853d4d4
0x00466044,0853d4f4
0x0046604C,0853d514
0x00466054,0853d530
0x0046605C,0853d54c
0x00466064,0853d56c
0x004660D4,080a0a0e
0x00466107,08111a23
0x00466117,08070202
0x00466120,080d0a0d
0x00466178,0818200c
0x00466208,0805091a
0x0046620A,08050805
0x0046621E,0803fbf7
0x0046621F,080803fb
0x00466221,08060808
0x00466290,080604fd
0x00466296,080f1819
0x004662BD,08081c36
0x004664E3,080afc18
0x00466590,0812e7d7
0x00466606,0808060c
0x0046664C,08151bd5
0x004666BC,0806e409
0x004666DC,0813281a
0x0046675F,0801efed
0x004667C8,08042435
0x004667F8,08081400
0x00466869,083a3a09
0x004668FC,0800e6de
0x00466960,08110f16
0x00466963,0805fc08
0x004669DE,080a0401
0x00466C72,0802ef0b
0x00466DA2,0807140d
0x00466E5F,080d0911
0x00466E78,080f16f6
0x00466F3F,080b00f9
0x00466FF1,0812230f
0x00467015,0817fef7
0x00467027,0810100b
0x00467073,0802e4d9
0x00467341,08212315
0x00467379,080cf0d9
0x004673CD,080f1314
0x00467489,08070714
0x004674E0,08020714
0x00467620,0802f901
0x004676F6,08020701
0x00467895,081bf7e8
0x0046799D,081e1310
0x004679A7,08131406
0x004679E5,0804110f
0x004679F4,081b2931
0x00467A7A,08071b3d
0x00467AB9,080af6f1
0x00467C6E,0803f3ea
0x00467C9D,081d2828
0x00467EA4,08050f06
0x00467EA5,0808050f
0x00467EEC,080de9e8
0x00467F38,080604f0
0x00467F57,081a1505
0x00467F5C,080f07ef
0x00468023,0828fbdd
0x00468157,0803fdfb
0x0046818B,08113517
0x0046840A,080b0b02
0x00468412,080d0100
0x00468420,080b090a
0x004684C9,08121d19
0x0046851A,0801f6cd
0x00468538,081a211e
0x0046855F,080c0f0a
0x004685CB,08121318
0x00468651,08021217
0x004686ED,080b05fc
0x004686EE,08080b05
0x00468773,080d211e
0x00468899,080d0d04
0x0046889A,08080d0d
0x004688CB,0801ede0
0x00468901,080e111f
0x0046891A,0806f3f7
0x0046891B,080806f3
0x00468920,08041122
0x0046896C,08040c14
0x004689A6,080efa0b
0x004689AF,081c1b10
0x00468A12,0800ff0a
0x00468A34,08192b22
0x00468A7B,0806fe18
0x00468A9F,0813100d
0x00468AC7,0801ffff
0x00468AF0,08060bfd
0x00468AF3,08101508
0x00468B0A,080e1c24
0x00468B72,08131b1f
0x00468BA1,08191e0d
0x00468C11,0804fd04
0x00468C42,080cf9ec
0x00468C54,080b212a
0x00468CAE,080b1010
0x00468CE3,08101418
0x00468CF9,08011218
0x00468D38,081e2321
0x00468D83,080f0a08
0x00468D98,08060d07
0x00468E5C,08020309
0x00468F2E,080b01fc
0x00468F4F,0811161e
0x00468F64,08090b0d
0x00468F79,08020511
0x00468FAF,081e0b01
0x00469009,0807efe5
0x004690C2,081403f4
0x0046916B,080c070e
0x004691E3,0809fcf0
0x004691F9,0806262b
0x0046929A,0804fdf6
0x004693DB,08141300
0x00469458,08131213
0x00469495,0801e9dd
0x004694AB,0804fede
0x004694AC,080804fe
0x00469500,0804ebdd
0x00469516,0805fce6
0x00469582,080701fc
0x0046972E,080afef3
0x0046976A,0803fafa
0x004698BE,0804f6ee
0x004698FF,0803fe02
0x0046990D,080f1519
0x0046992E,081611f7
0x0046995C,081e1f11
0x00469AFE,080cf80b
0x00469C64,080d1308
0x00469D3B,08030b0c
0x00469E0F,0805fbfb
0x0046A00F,0811120b
0x0046A0E5,0812180b
0x0046A121,080907ff
0x0046A1F7,080b07ff
0x0046A2E0,0804e7d8
0x0046A37A,0804f6ef
0x0046A37B,080804f6
0x0046A3A4,080e150f
0x0046A50E,08071926
0x0046A5E5,08010d1d
0x0046A726,080f2c31
0x0046A943,080d0406
0x0046AA86,080e1117
0x0046AB12,08070f02
0x0046AB3F,0804e9e2
0x0046ACC4,0812fae5
0x0046AD67,080f02f8
0x0046ADFA,0808fb0b
0x0046AE43,0804070c
0x0046AEC4,0805fef3
0x0046AED0,0805ff06
0x0046AF17,080f02fe
0x0046AFD3,0812f1ca
0x0046B0C5,080c1109
0x0046B0FF,080c0209
0x0046B146,0803f1f5
0x0046B14B,0812231b
0x0046B246,0800fb08
0x0046B278,080bf2f6
0x0046B279,08080bf2
0x0046B2CF,08342d1a
0x0046B426,080607fc
0x0046B455,080c02f6
0x0046B46B,0813251e
0x0046B491,080704fa
0x0046B49C,08060702
0x0046B4D2,08020303
0x0046B4FC,080b0600
0x0046B552,08040c0f
0x0046B565,08020000
0x0046B583,0802f6ee
0x0046B59B,08040000
0x0046B5BC,080c0c07
0x0046B5D4,08060707
0x0046B5DE,08010003
0x0046B5EF,080302f7
0x0046B5F1,080c0803
0x0046B5F3,080b080c
0x0046B607,08070301
0x0046B614,08030001
0x0046B63F,08070709
0x0046B65E,080d0b09
0x0046B6B6,080400fd
0x0046B6BA,080d100e
0x0046B732,080703fe
0x0046B75B,080d100f
0x0046B767,080602fb
0x0046B79D,080601fc
0x0046B7D3,08060200
0x0046B7D5,08090806
0x0046B80B,080b0b07
0x0046B81E,080200fc
0x0046B82D,0802fefc
0x0046B83E,080300fc
0x0046B841,080d0c08
0x0046B854,08060000
0x0046B855,08080600
0x0046B877,080d0e0b
0x0046B88B,08080703
0x0046B8BF,080400fd
0x0046B8CE,0801fefb
0x0046B8DF,080200fa
0x0046B8F6,08070701
0x0046B92B,08070200
0x0046B96F,0802fefc
0x0046B983,080d0e09
0x0046B9A9,080c100e
0x0046B9CC,08070400
0x0046B9CD,08080704
0x0046B9EB,080300fb
0x0046B9EE,080d0d08
0x0046BA02,08070701
0x0046BA14,080d100f
0x0046BA38,08080703
0x0046BA56,080200fa
0x0046BA6C,080602fe
0x0046BA6D,08080602
0x0046BAA3,08080703
0x0046BAE6,0802fefd
0x0046BB0D,08060200
0x0046BB0E,08080602
0x0046BB43,08070400
0x0046BB44,08080704
0x0046BB65,080d0d09
0x0046BB79,08070701
0x0046BB8B,080c100f
0x0046BBAE,08070400
0x0046BBAF,08080704
0x0046BBD0,080d0d08
0x0046BBE3,08060100
0x0046BBE4,08080601
0x0046BBF6,080d0f0f
0x0046BC1A,08080703
0x0046BC61,080c0f0e
0x0046BC85,08070702
0x0046BCBA,08070401
0x0046BCC8,0802fefd
0x0046BCCC,080d0e0d
0x0046BCD9,080400fc
0x0046BD25,08070400
0x0046BD37,080d0f0c
0x0046BD44,080300fb
0x0046BD5A,08060100
0x0046BDA2,080d0e0c
0x0046BE3F,080100fc
0x0046BE43,080c0d0c
0x0046BE50,080400fd
0x0046BEAE,080b0e0b
0x0046BEBB,080300fc
0x0046BEE0,080300fd
0x0046BEF3,080b0906
0x0046BF19,080b0d0c
0x0046BF4B,080200fd
0x0046BF5C,080400fd
0x0046BF5E,080c0804
0x0046BF84,080c0c0b
0x0046BFC9,080b0703
0x0046BFEF,080c0c09
0x0046C032,080300fd
0x0046C034,080b0803
0x0046C057,080300fe
0x0046C05A,080b0c08
0x0046C0C2,080200fd
0x0046C0C5,080b0b08
0x0046C0D3,080400fd
0x0046C109,08070200
0x0046C166,08090c08
0x0046C174,08060100
0x0046C175,08080601
0x0046C1D1,08090b07
0x0046C216,08080603
0x0046C23C,080b0907
0x0046C26F,08040000
0x0046C271,08090804
0x0046C281,08070701
0x0046C2A7,08090906
0x0046C2DC,080b0704
0x0046C2EB,08060100
0x0046C312,08090807
0x0046C321,08070200
0x0046C357,08070401
0x0046C37B,08060000
0x0046C37D,08090806
0x0046C3B1,08070200
0x0046C3E6,08040000
0x0046C3E8,08080804
0x0046C3F7,08060100
0x0046C41C,08060200
0x0046C463,08070600
0x0046C487,08060100
0x0046C488,08080601
0x0046C4BE,08080703
0x0046C4F2,080600fe
0x0046C4F3,08080600
0x0046C528,08060200
0x0046C529,08080602
0x0046C55E,08070400
0x0046C5C9,08070400
0x0046C5FE,08060100
0x0046C6D5,08070400
0x0046E938,08211a04
0x0046E9A6,0808f807
0x0046E9F6,08030401
0x0046EA10,08020502
0x0046EB00,08011b01
0x0046EB1B,0801140a
0x0046EC2B,08020003
0x0046ECA6,08071935
0x0046ED36,0811090f
0x0046ED61,08251ed1
0x0046ED6A,080e0a1c
0x0046EDF0,0804130a
0x0046EE3F,08100a0c
0x0046EEC2,080a160a
0x0046EFA9,0807f0e7
0x0046F0BF,08162d52
0x0046F0F8,0800ebe9
0x0046F113,0806eeef
0x0046F187,081cf90b
0x0046F347,080ffe1d
0x0046F46A,08201319
0x0046F4D2,0822155b
0x0046F508,08131922
0x0046F5C3,08111610
0x0046F753,08030204
0x0046FA1C,08120936
0x0046FA28,08080d02
0x0046FA5B,0802ff01
0x0046FAD7,08131736
0x0046FB64,0814e9eb
0x0046FB77,08090e3b
0x0046FBC5,083c4ff2
0x0046FBE1,080a2658
0x0046FC21,08122004
0x0046FCC0,0806f6f7
0x0046FCDB,080bfff0
0x0046FD63,08080a01
0x0046FD72,08011e4f
0x0046FE38,0822100e
0x0046FF0D,080b113b
0x0046FF1F,08020b2c
0x0046FF42,08092724
0x0046FF8A,08072a11
0x0046FFA5,08072917
0x00470012,0816001e
0x00470051,080c1919
0x004700D6,0817160b
0x004700EB,080cfb13
0x00470156,08030910
0x004701C0,080a1a47
0x004701C8,080d121f
0x004701DA,0815470f
0x00470217,080f1a0c
0x00470222,080be7e3
0x00470262,08120422
0x004703A6,0808f720
0x00470462,08020003
0x00470520,08081515
0x00470555,0812100d
0x004705A5,0812110b
0x004705DA,0811100f
0x0047065B,08141732
0x00470763,083a30e7
0x0047079B,080f1a0e
0x004707D1,080b0d0f
0x00470821,0809040b
0x00470839,08062e3f
0x0047083B,08040806
0x00470856,08050208
0x00470A05,08091109
0x00470A1E,08100b1b
0x00470A38,08120523
0x00470A6E,080a0a09
0x00470ABB,080e021a
0x00470AD8,080b070b
0x00470ADB,08050208
0x00470B0A,08070114
0x00470B23,08011100
0x00470B78,08050407
0x00470BC8,08000103
0x00470BFE,0802ff02
0x00470C19,0804ffff
0x00470C2D,080df90f
0x00470C84,080101fe
0x00471062,080d03e4
0x00471249,080c102d
0x00471283,08210811
0x004712F1,0803fdfa
0x004713A6,0807fe0b
0x004713BD,08040acd
0x00471428,08081cb7
0x004714EB,082a1e19
0x00471651,080ce4ec
0x004716CD,0806150b
0x00471734,080f1718
0x004717BB,080c1503
0x004717E6,0808eceb
0x004717F0,081c071f
0x00471885,0806eae9
0x004718AE,080c101f
0x004718FD,08151945
0x00471934,08021211
0x00471989,0805f8fe
0x0047199E,080f1440
0x004719D5,0809120c
0x00471A29,080306fe
0x00471AB5,080cfedb
0x00471CD1,080c0205
0x00471CFC,0802071d
0x00471D1D,08062401
0x00471D37,081021eb
0x00471D6A,0800eaea
0x00471DA7,0804001f
0x00471E51,083122ef
0x004720BC,08070e09
0x004720C8,08010106
0x004720E3,0804f6f8
0x00472173,080d0e0e
0x00472254,080b0909
0x004722FD,0800f4e8
0x0047232F,080a0f0f
0x00472336,0804050a
0x0047233D,08020000
0x00472381,08040200
0x0047238C,08060505
0x0047238D,08080605
0x0047238E,08080806
0x004723F9,08070d15
0x004723FB,08060807
0x004725B0,080a0b0b
0x004725B4,08050606
0x004725FC,08060203
0x00472605,08030105
0x0047267E,08060409
0x0047267F,08080604
0x0047275E,080b0c09
0x0047282D,080a090b
0x00472830,08060808
0x0047286F,080604fe
0x0047288A,08060200
0x00472902,08090606
0x00472AAE,080a0c11
0x00472AB1,080a0c08
0x00472C89,080701fe
0x00472CD3,0804fcfd
0x00472D29,0808f9fa
0x00472DE2,08272707
0x00472E26,08131200
0x00472E5E,080a0501
0x00472E79,0801fcfb
0x00472EC9,08051912
0x00472EF4,080f02ec
0x00472F0A,080afffd
0x00472F5A,0828393a
0x00472FBE,0811fdd8
0x00472FEB,08020426
0x0047305C,08092956
0x00473078,081b494e
0x00473215,08012322
0x0047321E,08141301
0x0047329B,0807f616
0x00473362,0801f200
0x0047360C,0804e2f2
0x0047360D,080804e2
0x0047363B,081cfcd2
0x004737FA,081c2320
0x0047389D,082c491b
0x004739FB,0800fc0d
0x00473A6C,08131e13
0x00473AEF,08492018
0x00473B45,08313002
0x00473B9A,080b1ef2
0x00473DEC,0819383a
0x00473EEF,0802000b
0x00473F52,08020d14
0x00473F58,0807ddc6
0x00473F89,080d2203
0x00473FF2,0804dcd6
0x00474004,0807f7cd
0x004740E3,081a2b16
0x004742A6,082c3919
0x0047434D,08131911
0x004743AE,080ceedf
0x004744DD,08122024
0x0047464F,080c241b
0x004746D5,0806e8dd
0x004746F3,0806fff2
0x004748E9,08021c06
0x0047494F,0804e4e6
0x00474D2A,08265125
0x00474D33,08040cfc
0x00474D6E,0800ecf8
0x00474E48,082c493a
0x00474F99,0801d1d2
0x00474F9A,080801d1
0x004750C3,084d655e
0x0047517D,0816e9d2
0x00475215,080509ea
0x0047563C,080ee4c7
0x0047563D,08080ee4
0x00475676,080f11d9
0x00475711,0805eff1
0x0047585F,0804f3d8
0x004758F8,0803d9d3
0x00475931,0800ecd0
0x00475959,081f1a0d
0x004759E7,0801f9f9
0x00475AA7,08111f2b
0x00475AFC,08102027
0x00475AFD,08081020
0x00475B19,080a1728
0x00475B52,08071c1a
0x00475BCD,0800f505
0x00475BD1,0807f4fd
0x00475C04,0804132c
0x00475C21,0809031d
0x00475C29,0807f700
0x00475C34,0802f90c
0x00475E69,0804f905
0x00475EEF,0803f5f4
0x00476161,082118ef
0x0047660E,08061523
0x00476628,081a1d20
0x004766E4,08121720
0x0047685A,08141f24
0x004768E0,08121c23
0x004769EE,08000107
0x00476B12,080f131c
0x00476B1F,0812171c
0x00476E50,08161d1d
0x00476E93,08141f1f
0x004770E1,08111716
0x0047711F,0800f7f1
0x0047713F,080f1414
0x00477162,0800f7f2
0x0047717D,0800f9f3
0x00477182,080f1212
0x00477198,0802faf5
0x004771C5,080d1110
0x004771F6,0802fdf8
0x00477208,080c0f0e
0x00477230,080c0d0d
0x00477258,080c0d0b
0x00477273,080b0c0b
0x0047729B,080b0b0a
0x004772C3,080a0b09
0x004772E8,080502ff
0x00477303,080503ff
0x00477306,08090908
0x00477313,08090907
0x0047731E,08060200
0x0047732D,08090705
0x00477339,08060401
0x0047733A,08080604
0x0047733B,08080806
0x00477347,08070502
0x00477348,08080705
0x00477354,08060401
0x00477355,08080604
0x0047736F,08060402
0x00477370,08080604
0x0047737D,08070603
0x0047738A,08070502
0x00477398,08080603
0x004781A0,0803f8fd
0x00478444,0801ff0d
0x00478518,0805f5e7
0x004786CC,08050506
0x004787A3,08050403
0x004787BC,080d1620
0x00478941,080e1519
0x00478970,08030101
0x004789A4,08101310
0x00478B18,080b0f16
0x00478BC5,080c1317
0x00478CCB,08040101
0x00478D64,0803fffe
0x00478D72,080d1316
0x00478D83,08040100
0x00478E3B,080501fe
0x00478F1F,080e1314
0x00478F7E,08080a0e
0x00478FEA,08080704
0x00478FEB,08080807
0x00479020,080b0d12
0x00479026,08040100
0x00479055,0807090c
0x00479059,080e0f0c
0x004790C0,08070400
0x004790C1,08080704
0x004790C2,08080807
0x004790DE,080402ff
0x004790FD,08060200
0x0047912A,080b0e13
0x0047912B,08080b0e
0x004791A3,080c1012
0x004791D4,08060401
0x0047926F,08070706
0x004792D8,08090a0f
0x004792D9,0808090a
0x004792DD,080d0d0a
0x00479346,08060606
0x00479350,080c1010
0x00479381,08050201
0x004793AF,08080a0d
0x00479439,08050200
0x00479451,080b0f12
0x00479458,08060401
0x00479485,080a0c0f
0x004794F4,08060605
0x0047952F,08070401
0x00479530,08080704
0x0047955B,080b0e13
0x0047955D,0807080b
0x004795CB,08060606
0x00479606,08070503
0x00479607,08080705
0x00479632,080a0c10
0x00479634,0807080a
0x004796DE,08070806
0x00479708,080b0e13
0x0047970E,080c0b09
0x00479781,080b0d0d
0x00479794,08050200
0x004797B3,08070402
0x004797B4,08080704
0x00479882,080b0f12
0x0047988A,08070502
0x0047988B,08080705
0x0047992E,080b0c0b
0x00479959,08090c11
0x00479962,08070706
0x0047998F,08070708
0x00479992,080b0a08
0x004799FD,08060504
0x00479A18,08040100
0x00479A2F,080b0f13
0x00479B06,080a0e11
0x00479BAB,08060504
0x00479C13,08060607
0x00479C85,08090a09
0x00479C88,08090908
0x00479CEA,08070607
0x00479D58,08060403
0x00479D5B,08090908
0x00479D5C,08080909
0x00479D5D,08080809
0x00479DBD,080b0d10
0x00479DC3,08090906
0x00479E30,08070605
0x00479E32,08090807
0x00479E34,08070809
0x00479E61,08090c0f
0x00479F06,08060404
0x00479F08,08090806
0x00479F0A,08070809
0x00479F37,080b0e11
0x00479F41,08060605
0x00479F70,08090707
0x00479FDD,08060503
0x00479FDE,08080605
0x00479FDF,08080806
0x00479FE1,08070808
0x0047A00E,080a0c10
0x0047A018,08060606
0x0047A044,08070707
0x0047A045,08080707
0x0047A047,08090808
0x0047A0B5,08070605
0x0047A0E4,080b0e11
0x0047A0EF,08060605
0x0047A118,08090b0e
0x0047A11B,08070708
0x0047A11C,08080707
0x0047A11D,08080807
0x0047A1C6,08070605
0x0047A1EE,08090d0f
0x0047A1F3,08070606
0x0047A27B,08040100
0x0047A2C4,080b0e11
0x0047A2C5,08080b0e
0x0047A39C,08090a0c
0x0047A3A0,08070607
0x0047A3A1,08080706
0x0047A44A,08060505
0x0047A516,08090b0e
0x0047A549,08090a0d
0x0047A54D,08060606
0x0047A54E,08080606
0x0047A5EC,080b0c0f
0x0047A624,08070505
0x0047A625,08080705
0x0047A6AD,08050100
0x0047A6C3,08090b0e
0x0047A6CE,08060505
0x0047A6F6,08090a0d
0x0047A7C1,080a03fe
0x0047A7C3,080c080a
0x0047A8AF,0804091d
0x0047AA36,081000ed
0x0047AAE3,081310f6
0x0047ABF7,0810fde4
0x0047AC40,08010009
0x0047AD24,08111105
0x0047ADDE,080d1a1a
0x0047AE86,0805151f
0x0047AF51,080606fc
0x0047AFC6,080b1618
0x0047B091,0800f7f3
0x0047B0FD,080400f8
0x0047B101,080f140e
0x0047B151,081c2723
0x0047B245,08141c13
0x0047B2AE,081a1a0b
0x0047B2B4,0804141a
0x0047B447,0800f0e9
0x0047B489,08162532
0x0047B56D,08071518
0x0047B59F,08060403
0x0047B606,08090b0d
0x0047B673,08040103
0x0047B747,080a0202
0x0047B77F,08001125
0x0047B7F0,081e2a22
0x0047B85F,080b0b09
0x0047B860,08080b0b
0x0047B8B6,08071222
0x0047B945,0802040c
0x0047B959,080400fc
0x0047B969,08121612
0x0047B9FE,0806060a
0x0047BA08,080b0e16
0x0047BA09,08080b0e
0x0047BAAA,080e181d
0x0047BAAC,080d080e
0x0047BAF9,0807fbf7
0x0047BB32,080b00ef
0x0047BB62,0804fdf6
0x0047BBAA,080e0904
0x0047BBC7,0813140d
0x0047BBE2,0805f9f7
0x0047BC31,080f1818
0x0047BC5A,08040000
0x0047BCE3,08020a0e
0x0047BCE9,0800ff0b
0x0047BD0B,080f08fd
0x0047BD2D,08040610
0x0047BD5E,080c171b
0x0047BD64,0805070d
0x0047BD95,080f1517
0x0047BD96,08080f15
0x0047BDBC,080b0f0f
0x0047BDCC,08071115
0x0047BDE2,080b0702
0x0047BE25,0812140a
0x0047BE28,08050408
0x0047BE49,08050911
0x0047BE68,080e1009
0x0047BE70,08010008
0x0047BEA1,08131811
0x0047BEB7,08040307
0x0047BEBA,080c0908
0x0047BED3,0801070c
0x0047BEDA,08060407
0x0047BF11,08090d0d
0x0047BF33,0803fcf8
0x0047BF67,08050a10
0x0047BF75,080f1b1e
0x0047BF8F,080d0d0a
0x0047BFE7,08090c0d
0x0047BFF5,0805090e
0x0047C050,080d0d0c
0x0047C085,08040304
0x0047C0A5,08110cfc
0x0047C0AB,08090a06
0x0047C0AD,080b0809
0x0047C0BA,080d0e0e
0x0047C0BC,0807080d
0x0047C0EF,08000006
0x0047C114,08050505
0x0047C126,0808090c
0x0047C159,08070101
0x0047C1C2,080b0405
0x0047C1E9,08050404
0x0047C252,0804fffd
0x0047C258,08050204
0x0047C26C,08050a10
0x0047C27B,08060d11
0x0047C28A,0805faf9
0x0047C295,080d08fb
0x0047C29B,08030401
0x0047C2BC,0801fcfa
0x0047C327,0805fef5
0x0047C39D,083d2107
0x0047C41D,0804170e
0x0047C4F0,0800dcd6
0x0047C5A0,080f1a0b
0x0047C605,080be3e4
0x0047C668,08101419
0x0047C725,080d00ec
0x0047C72C,0802deeb
0x0047C733,082516f8
0x0047C883,0803d3eb
0x0047C8F8,0804eff9
0x0047C9E4,08081526
0x0047CB02,0812101a
0x0047CBAF,08020315
0x0047CC20,08011e21
0x0047CC21,0808011e
0x0047CC5C,08010602
0x0047CD05,08041e20
0x0047CD1E,08141430
0x0047CDEE,0800071b
0x0047CE98,08021211
0x0047CF3F,08030e00
0x0047D20D,08110b18
0x0047D29B,08020305
0x0047D29E,08111308
0x0047D30D,08020304
0x0047D3A0,0803fe15
0x0047D3F6,0809110c
0x0047D449,08091e15
0x0047D49E,0801f7fb
0x0047D4A6,080501fc
0x0047D4DF,0807fdfe
0x0047D4F6,080e140f
0x0047D522,0804f5f0
0x0047D54A,080304f9
0x0047D5A2,080f1314
0x0047D5A3,08080f13
0x0047D5BD,080400fa
0x0047D6DC,080c00f5
0x0047D6DD,08080c00
0x0047D715,080901f3
0x0047D71A,0806f801
0x0047D754,080606fc
0x0047D7A5,080f1811
0x0047D853,080f1114
0x0047D86C,080c01f2
0x0047D8E0,080c0502
0x0047D919,080a03ff
0x0047D98B,080b00fb
0x0047D9C3,0800f5f3
0x0047DA76,080e0905
0x0047DAAD,080200ff
0x0047DAAF,08120802
0x0047DB47,0800f4ee
0x0047DB5A,080f09fb
0x0047DB5B,08080f09
0x0047DB80,0800f1ed
0x0047DB8E,08030401
0x0047DBC7,08050100
0x0047DC4B,0802f4e6
0x0047DCDD,08060003
0x0047DDA3,0802f7e5
0x0047DE08,080901fc
0x0047DF29,08050409
0x0047DF8B,0803fdfa
0x0047E00C,08040402
0x0047E045,08040100
0x0047E048,08050608
0x0047E07E,080300ff
0x0047E0AA,080c0500
0x0047E0B9,08050704
0x0047E0C6,0803faf3
0x0047E0F1,08060600
0x0047E1D9,08090605
0x0047E1DA,08080906
0x0047E202,08090908
0x0047E210,08050704
0x0047E211,08080507
0x0047E23B,080b0705
0x0047E249,08050404
0x0047E274,080c0601
0x0047E29E,080f181b
0x0047E2AD,080e06ff
0x0047E2F8,080c0a04
0x0047E320,080b0c06
0x0047E359,080b0902
0x0047E44E,08030101
0x0047E469,08090c16
0x0047E4E8,0802fbf1
0x0047E535,080c0b04
0x0047E594,0808fcf3
0x0047E5A5,08040000
0x0047E5CF,08070807
0x0047E5FA,08121615
0x0047E641,08090500
0x0047E679,0803fdf5
0x0047E6A6,080f1216
0x0047E6D1,0801f4ec
0x0047E737,080702fe
0x0047E744,0800faf1
0x0047E81B,0800fefd
0x0047E854,0800fefe
0x0047E88E,080700fc
0x0047E88F,08080700
0x0047E8C9,08090605
0x0047E901,080402ff
0x0047E92B,08040100
0x0047E964,080400ff
0x0047E982,0804fcf7
0x0047EA2E,0802fdf6
0x0047EA3B,080c1319
0x0047EA49,080300fb
0x0047EA4A,08080300
0x0047EA95,08090505
0x0047EABC,080901fc
0x0047EAF4,0800f9f8
0x0047EB06,08050302
0x0047EB40,08060402
0x0047EB68,080605ff
0x0047EB79,08050401
0x0047EBA1,080502fd
0x0047EBED,080a0603
0x0047EC26,080a0501
0x0047EC5E,0803ffff
0x0047EC79,08101113
0x0047EC98,080703ff
0x0047ED0D,08402a1a
0x0047F493,0838151b
0x0047F78D,083b2a18
0x0047FDDF,083e2314
0x0047FFDB,08272711
0x004800CB,0839211f
0x004800F3,083c2124
0x004800F4,08083c21
0x00480101,08174013
0x00480129,08184213
0x00480137,08023132
0x00480143,08421d33
0x00480408,080b2b50
0x004806CE,0806193a
0x004807F4,08032e2c
0x004808D6,083d223a
0x00480941,083c263a
0x00480A17,08392e3c
0x0048109E,0827504f
0x004814C1,0805f104
0x004814CB,084856ff
0x004814F3,08504ef9
0x0048152C,0809f208
0x00481597,080cf40c
0x0048160D,0808315e
0x0048189D,0830172c
0x00481C1F,0807030c
0x00481CF9,08000509
0x00481CFB,08120800
0x00481E2C,08060407
0x00481E8C,080e08ff
0x00481E95,08000212
0x00481E9E,08050c09
0x00481F39,0800050d
0x00481FA9,0810130a
0x0048202A,08101909
0x00482078,0804fd01
0x00482082,0804fe04
0x004820ED,080c0706
0x004820F9,080e070c
0x004820FC,08110308
0x004820FE,08070811
0x00482100,08090807
0x00482103,08060608
0x004821A2,08101711
0x004821A5,080f0d08
0x004821AB,08030c09
0x0048224C,080d0401
0x00482250,08070106
0x004822D2,08050101
0x004822D6,080a0701
0x0048236E,08050401
0x00482374,08060b07
0x004823BA,080e0d0e
0x00482431,08040404
0x0048247C,08070609
0x0048257F,08070507
0x00482583,080a0606
0x0048260C,08070507
0x004826FB,080a0b0b
0x004826FE,08090908
0x004826FF,08080909
0x00482700,08080809
0x00482873,08070607
0x00482874,08080706
0x00482875,08080807
0x00482876,08080808
0x00482877,08080808
0x0048287C,08070707
0x004829EB,08070707
0x004829EF,08070707
0x004830B8,080d08e2
0x0048321B,080510f5
0x004832D9,080ffef7
0x004833F4,0811181b
0x0048343C,0801eb0b
0x00483515,080c0c01
0x004835A9,080a041f
0x004835EA,0805fe05
0x0048368A,0809f9fe
0x004836B6,080ffff8
0x0048370E,08100300
0x00483717,0812fffa
0x0048371D,080bf2ed
0x004837A6,081001fd
0x004837E4,080b09ee
0x0048384A,080701f4
0x0048385A,0807000e
0x004838DB,0802051a
0x004838DD,080c0802
0x004838F8,0803fefd
0x00483911,080b0006
0x00483953,080000fb
0x0048395B,080a090a
0x004839B3,080600ff
0x00483A25,0800fd02
0x00483A60,0801fc09
0x00483A65,0806fdff
0x00483AA1,08010601
0x00483AB9,0807fcf6
0x00483AC0,08090c02
0x00483B6A,080c0906
0x00483BEB,08090d09
0x00483BEF,0808fcff
0x00483C16,0805ffff
0x00483C48,080b0a0b
0x00483D29,08060000
0x00483DCE,0802ff01
0x00483E01,0803ffff
0x00483E7F,08090d0a
0x00483F05,0804ff02
0x00483F1F,08040503
0x00483F20,08080405
0x0048415F,08030102
0x00484B06,08090302
0x00484B0E,0801d60c
0x00484D73,0804f8ff
0x00484E4B,0802f90b
0x004852AC,080fe217
0x004852FE,0804e11d
0x0048567A,08111ead
0x004857DC,08052f07
0x00485802,0824bb39
0x0048586B,08051b0f
0x00485A28,0807fafc
0x00485A53,08100f02
0x00485AAD,0825e51d
0x0048603F,0806f4e7
0x00486050,0808ef21
0x004860AD,080df002
0x004860E7,08140bda
0x00486177,080bf008
0x0048622B,080a02f8
0x0048629A,080901fe
0x0048630C,0818e0dd
0x00486320,08030902
0x004863B8,08060cf1
0x004863E9,0811faf7
0x0048646F,0808f3f8
0x004864C8,0806fbec
0x00486549,0811f1f5
0x004865D2,0807e90f
0x004865EA,080502fd
0x0048669B,0804f10b
0x00486721,080304e9
0x0048676E,0805f7f5
0x00486785,0806f005
0x004867BE,0812e612
0x00486821,0805e90c
0x0048687D,0813e404
0x004868A0,0803f50b
0x004869C0,0804ea0d
0x00486A23,0806fb00
0x00486B08,0806f2f6
0x00486B61,0816eff4
0x00486B75,080cf6f8
0x00486BA2,0804fe05
0x00486BF1,0800ff01
0x00486C38,0803f501
0x00486DEE,08000df2
0x00486DEF,0808000d
0x00486DF6,0803f512
0x00486E20,080503eb
0x0048700B,0807f902
0x004893E3,08000ded
0x004893E4,0808000d
0x004893E7,0802fb08
0x00489493,08000403
0x004894A5,0806fffa
0x004894A8,0808fa08
0x00489538,080020fa
0x00489585,0801c83b
0x004895BF,083303e5
0x004895DE,0812cef0
0x004897C8,0815f70c
0x004898D1,082be49d
0x00489B3D,083bd5dc
0x00489CB9,080dad21
0x00489D24,080eccf5
0x00489E13,080008e9
0x00489E23,0825e5f3
0x00489FBE,080313f7
0x0048A095,080df6f6
0x0048A140,080fcf1e
0x0048A251,0812f91c
0x0048A3EA,080004ee
0x0048A4F9,0809f80b
0x0048A534,080509ff
0x0048A570,080ff3eb
0x0048A5F4,081110e5
0x0048A605,0807ef10
0x0048A6D2,08050eee
0x0048A70F,080dea04
0x0048A7FD,0814ec01
0x0048A928,0810e014
0x0048A92D,0807f403
0x0048A944,080ae612
0x0048A9C0,0800f9fe
0x0048AA1D,080cf0f6
0x0048AA9D,0801f203
0x0048AB45,0803f204
0x0048ACF0,0808e60b
0x0048AD8D,080ef4fe
0x0048AEA0,080302ec
0x0048AED6,0811f50d
0x0048AF27,0801fbfc
0x0048AF60,080feb00
0x0048AF9A,080104f8
0x0048B01E,0808fefc
0x0048B0B2,0805f1fc
0x0048B0BA,0803e909
0x0048B0BE,0808f101
0x0048B191,0802fbfb
0x0048B1AC,0805fef4
0x0048B364,0806f8f9
0x0048B4A2,0801fd01
0x0048B4A7,0801fc01
0x0048B57C,0808ee07
0x0048B717,0804f003
0x0048B770,0801fef7
0x0048B7DC,0805f501
0x0048BAF0,0801fcfd
0x0048BB25,0800fcfb
0x0048BBE5,0800f900
0x0048BC32,0802f8ff
0x0048CA93,08050607
0x0048CA97,08060607
0x0048CA9C,08070b06
0x0048CA9D,0808070b
0x0048CA9E,08080807
0x0048CB21,0804fcf4
0x0048CB95,0802faf7
0x0048CCDE,08091015
0x0048CD23,0804fcf9
0x0048CDEC,08060c0a
0x0048CEA0,081213fd
0x0048CF14,080c0a19
0x0048CF5F,080a040c
0x0048CF95,0811031a
0x0048CFD2,0804e714
0x0048D082,08041022
0x0048D10A,0806ee0c
0x0048D11C,0811f314
0x0048D15E,0803020a
0x0048D1A5,0803f60c
0x0048D1D1,0801fcfd
0x0048D1DD,0804ee0c
0x0048D211,080c06f2
0x0048D238,0801f404
0x0048D25A,0807f809
0x0048D346,0804f9fe
0x0048D9EF,0811232b
0x0048DA71,081c1c15
0x0048DA7E,080d1401
0x0048DAC5,08272221
0x0048DAFF,0804070d
0x0048DB3E,080e1e21
0x0048DB66,080cfff8
0x0048DB9F,08070504
0x0048DC05,08010603
0x0048DC0E,0801fd09
0x0048DC1E,08120fff
0x0048DC56,080a0b07
0x0048DD5A,08010000
0x0048DD7B,0813071c
0x0048DD7F,08041d16
0x0048DD81,08040804
0x0048DDB8,0806ff09
0x0048DDE3,08010bfb
0x0048DF49,0805f3f6
0x0048DF68,08110507
0x0048DFDA,080afb01
0x0048E04E,0805f209
0x0048E05B,080204ff
0x0048E106,08020303
0x0048E133,08050202
0x0048E161,0800050b
0x0048E498,0803161c
0x0048E50E,080c0e03
0x0048E60F,080dec19
0x0048E64C,080df6f3
0x0048E67D,080c0303
0x0048E6C4,08070516
0x0048E6F1,0807f706
0x0048E6F2,080807f7
0x0048E77D,0801ef02
0x0048E78D,08130ff9
0x0048E7AD,0807fbfe
0x0048E83A,0803fcff
0x0048E83F,08030509
0x0048E890,080bfc03
0x0048E8C7,08050c07
0x0048E91F,08020400
0x0048E9A1,080afefe
0x0048E9D0,0805000a
0x0048EA45,0800fd02
0x0048EADC,08000203
0x0048EBC4,08000105
0x0048ED2B,08040119
0x0048ED69,080a0b24
0x0048ED81,0808fff7
0x0048EE27,08170f10
0x0048EE99,080d0907
0x0048EE9A,08080d09
0x0048EF95,08131b21
0x0048EFAA,0800f2e8
0x0048EFC2,080f1418
0x0048EFEF,0810191f
0x0048F04D,08131617
0x0048F068,08080a11
0x0048F06A,08070808
0x0048F070,08040407
0x0048F098,08090b0b
0x0048F15B,08070707
0x0048F182,080601ff
0x0048F18E,080703fe
0x0048F228,080d1319
0x0048F244,080300fd
0x0048F273,080400fb
0x0048F2A5,08050302
0x0048F2A6,08080503
0x0048F2DF,080b0c0e
0x0048F2E1,0807080b
0x0048F2E3,080a0807
0x0048F300,08050201
0x0048F311,080d1215
0x0048F336,08060404
0x0048F337,08080604
0x0048F36E,080a0b0b
0x0048F3C5,08060502
0x0048F3F9,080a0b0b
0x0048F47B,08050201
0x0048F486,08090b0c
0x0048F487,0808090b
0x0048F4B5,080a0b0c
0x0048F4B9,08090909
0x0048F4E0,08060503
0x0048F4E1,08080605
0x0048F4EC,080b0e0d
0x0048F510,080a0c0b
0x0048F53B,08070402
0x0048F544,08090b0c
0x0048F571,08070706
0x0048F5CA,08070401
0x0048F5D4,080a0b0c
0x0048F608,080a0b0b
0x0048F657,08060200
0x0048F660,08080a0a
0x0048F6E7,08060503
0x0048F6E9,08090806
0x0048F6ED,080a0a09
0x0048F6EE,08080a0a
0x0048F6EF,0808080a
0x0048F723,08090909
0x0048F77B,08070707
0x0048F77C,08080707
0x0048F7AF,08090807
0x0048F7B0,08080908
0x0048F7B1,08080809
0x004905AC,080d242e
0x00490611,080c251e
0x00490731,0813181e
0x00490961,08111515
0x004909A9,08111516
0x004909B4,0801f9f5
0x004909B5,080801f9
0x00490A1D,080c090a
0x00490A9F,0804fcf6
0x00490AB7,080a0a09
0x00490ACB,080a0909
0x00490B00,08050402
0x00490B21,080503fe
0x00490B5E,0810161a
0x00490BD2,0803fef8
0x00490C1A,080d1112
0x00490C35,0801f8f1
0x00490C68,0802fbf5
0x00490C9E,080503ff
0x00490CF3,080b0906
0x00490D05,08070504
0x00490D06,08080705
0x00490D1C,08090b0c
0x00490D58,080a0b0a
0x00490D89,0804fef9
0x00490DBC,08050200
0x00490DE0,08050402
0x00490DF4,080b0c0b
0x00491479,08030405
0x00491500,0804fef8
0x00491501,080804fe
0x0049150B,0802f6f5
0x0049150C,080802f6
0x0049150D,08080802
0x0049151B,0800f9fe
0x00491526,081107f6
0x00491531,080503fc
0x00491534,08050608
0x0049159D,08090507
0x004915B0,0800f6f3
0x004915D2,0800f503
0x004915D3,080800f5
0x004915D7,0805ffff
0x004915F2,08060202
0x00491606,0800f5fa
0x0049161C,08060309
0x00491653,0801f4f5
0x0049166F,080d0c04
0x0049169A,0800fa02
0x0049169B,080800fa
0x00491711,08050613
0x00491712,08080506
0x00491732,0802fdf6
0x0049175C,080503fc
0x00491760,08090904
0x00491767,08060402
0x0049177F,0806f7e2
0x00491781,080e0806
0x004917D2,0805ff0d
0x004917FB,08040402
0x004918E6,080002fb
0x004918E8,08110800
0x0049195B,0806f6fb
0x004919A3,08100e0e
0x00491AB6,081301eb
0x00491AF2,0800fa00
0x00491BFC,0809e6e8
0x00491CD5,08254042
0x00491CF4,08070ef9
0x00491CF5,0808070e
0x00491DF2,080f2326
0x00491E01,08010000
0x00491E0D,08121e12
0x00491EBB,08032245
0x00492027,08372e19
0x00492036,084737f2
0x004920C0,0805f7f5
0x004920FA,080af1f6
0x0049213C,0802240d
0x00492196,08092e3c
0x004921B3,080e0f0b
0x0049221C,081905fb
0x004922F9,08060b0f
0x00492344,08382c02
0x00492418,082a383d
0x004925DC,0842d38c
0x004926F8,0824372b
0x004927C8,0830f2be
0x004929D7,0804fc00
0x00492C1F,080f4c5a
0x00492DF8,0806f7ff
0x00492E5B,08472af4
0x00492FE8,083605e6
0x0049304D,082a2621
0x0049306B,0815fffa
0x0049313B,0807fae6
0x0049313C,080807fa
0x0049339B,082a1f01
0x00493451,08090d20
0x0049349C,08131805
0x004934C5,080bfe01
0x0049360C,080404f4
0x00493668,08272403
0x00493769,0800d8ce
0x004937A9,08060b12
0x004937BC,0808f9fe
0x004937DE,081d1b10
0x00493870,08150bf8
0x00493882,080afdfd
0x004938A5,0808ff01
0x00493903,08090b0a
0x0049392C,080e01fc
0x00493943,0804f2f5
0x0049395B,0800ff02
0x004939A4,080b0b04
0x00493A59,0803fe02
0x00493AC7,08090104
0x00493AC8,08080901
0x00493B91,0803fffe
0x00493B96,08060506
0x00493CC9,0807fa0d
0x00493D09,080004fc
0x00493E56,0805262a
0x00493ED4,080c0e07
0x00493F21,08091f0e
0x00494031,080d1f17
0x00494043,080e04e2
0x00494044,08080e04
0x00494045,0808080e
0x0049407D,08102124
0x0049409C,0810211f
0x004940CE,0800f4f1
0x004941EC,0800f8fa
0x004942BC,080c1215
0x004942F3,080e171b
0x004942FB,0801f8f1
0x00494318,080301fc
0x00494319,08080301
0x0049431A,08080803
0x0049431B,08080808
0x00494325,08070902
0x004943A2,08090704
0x004943EC,08040203
0x00494410,08070501
0x00494414,080d0e0c
0x0049446D,0801faf1
0x00494482,0800faf7
0x004944A9,0805fef6
0x004944D3,0801fe02
0x004944DF,0801f7ef
0x004944F3,0802fdf9
0x00494509,080c0f0d
0x00494511,080702fe
0x00494543,0801fdfb
0x00494548,080e110c
0x004945B0,08020103
0x004945B2,08090802
0x004945B4,080c0809
0x004945B6,0806080c
0x004945C0,0801f9f7
0x004945C1,080801f9
0x00494605,080b0b0a
0x00494629,08060502
0x0049464B,080704fc
0x0049469E,08070201
0x004946A3,08050605
0x004946F2,080b0905
0x00494784,08090602
0x00494791,080504ff
0x00494792,08080504
0x004947A5,080a0906
0x004947BD,08090500
0x004947D0,08101311
0x00494894,080b0e0c
0x004948BD,080b0d0c
0x004948F2,08090501
0x00494904,08050100
0x00494989,08050301
0x0049498A,08080503
0x00494A14,080400fa
0x0049561A,08243a4f
0x00495685,08111c15
0x00495749,08110f16
0x004957E2,0804fffe
0x004957F6,08070505
0x00495833,0805fff9
0x00495900,080e1617
0x0049592C,08121812
0x00495975,080601fa
0x004959CF,0800f9f7
0x004959D2,080b0608
0x004959E6,080a0b11
0x00495A1C,080b0b0d
0x00495A4D,080d1011
0x00495AA2,080300fa
0x00495AB2,080301fe
0x00495AB3,08080301
0x00495AB4,08080803
0x00495B68,08050002
0x004961DE,084003be
0x00496262,080ffeea
0x004963CA,0801f7fa
0x00496626,080ffbec
0x0049666D,080c02eb
0x00496699,0803f5fa
0x0049676F,0804fbf2
0x004967ED,0807f3f9
0x004968FD,0804f7f7
0x00496902,0805f8f5
0x0049690C,0803f6f5
0x00496911,0803f6f7
0x00496962,0800f4fa
0x00496A4E,0805fbf8
0x00496A5D,0803f7f7
0x00496A62,0801f8fa
0x00496DCD,080111fb
0x00496E1E,08011603
0x00496EBA,08030c05
0x00496FF2,0814dee0
0x00497148,0809faec
0x004971D4,0801f5fb
0x004971D5,080801f5
0x004971EC,0801f9fd
0x004971F5,0805f8f5
0x004971FB,0801f7f6
0x004972BC,080c0c11
0x004972C8,081f283a
0x004972DA,08110c08
0x004972DE,0800fa0c
0x004972EA,0808fae9
0x0049734A,080cdbdb
0x0049734B,08080cdb
0x0049735C,0808231f
0x00497378,080303fa
0x00497397,0808fafa
0x004973FA,0803fafa
0x004973FB,080803fa
0x00497404,0803f5f2
0x00497410,080300f2
0x00497422,080c0811
0x00497442,08031503
0x00497451,0808f508
0x00497464,080c030c
0x004974A8,08030300
0x004974B6,0800f5f2
0x004974D9,080c03c8
0x0049750D,0811f21a
0x00497510,0803f208
0x0049751A,0803f203
0x00497523,0800ec00
0x0049753E,080008e4
0x00497573,0800e400
0x0049757E,080000ec
0x0049758D,0800f500
0x004975A4,081115fa
0x004975AE,080311fa
0x0049764F,080300fa
0x00497650,08080300
0x00497651,08080803
0x0049767B,0803f2de
0x00497680,08001f0c
0x00497681,0808001f
0x0049768E,0808fa0c
0x004976F6,0823281a
0x0049771F,081100d6
0x00497744,0803ecec
0x00497776,0808f5f2
0x004977AD,080315c8
0x0049784D,08030811
0x00497858,08484d2c
0x00497882,0803f2db
0x004978DD,08030315
0x0049790C,080803cd
0x0049795D,080c0c11
0x0049798F,0800f5fa
0x00497997,08082323
0x004979C5,0803f5ec
0x004979D1,0808ecdb
0x004979D9,0808ecfa
0x00497A14,080cf5f2
0x00497A18,081a1115
0x00497A19,08081a11
0x00497A1B,08150808
0x00497A1F,08111a15
0x00497A2B,0803fafa
0x00497A6F,0803faec
0x00497A8B,08110c00
0x00497A8E,080c1508
0x00497AA0,08030300
0x00497AC1,08000003
0x00497AC2,08080000
0x00497AC3,08080800
0x00497AE4,08000303
0x00497B36,0800ecfa
0x00497B37,080800ec
0x00497B4A,0808e9e4
0x00497B4B,080808e9
0x00497B58,080c1111
0x00497B75,0800f2e4
0x00497B76,080800f2
0x00497B95,0803faf2
0x00497B9A,080c110c
0x00497BB1,080303f5
0x00497BB2,08080303
0x00497BB3,08080803
0x00497BB5,08030808
0x00497BB6,08080308
0x00497BD2,0800fa00
0x00497BD4,08030800
0x00497BD5,08080308
0x00497C03,08030300
0x00497C04,08080303
0x00497C05,08080803
0x00497C06,08080808
0x00497C32,08030300
0x00497C33,08080303
0x00497C3F,08000003
0x00497CD0,080c08f5
0x00497CD1,08080c08
0x00497CD2,0808080c
0x00497CD3,08080808
0x00497CD4,08080808
0x00497CEA,080c0300
0x00497CEB,08080c03
0x00497CEC,0808080c
0x00497CF4,08030303
0x00497CF5,08080303
0x00497D01,08030300
0x00497D32,0800faf2
0x00497D3E,08000300
0x00497D3F,08080003
0x00497D50,0803fafa
0x00497D51,080803fa
0x00497D54,08030308
0x00497D5C,080300fa
0x00497D5E,080c0803
0x00497D5F,08080c08
0x00497D6E,08030300
0x00497D74,08111a1a
0x00497D85,080300f5
0x00497D86,08080300
0x00497D8D,0811151a
0x00497D9A,080300f5
0x00497D9D,08080308
0x00497DA8,08030300
0x00497E2C,0800f5f2
0x00497E30,08030303
0x00497E31,08080303
0x00497E32,08080803
0x00497E36,0803030c
0x0049809F,0805f3f8
0x0049810F,080c0f0a
0x00498138,08030713
0x004985E6,08033238
0x0049864A,08120b1b
0x004986CA,08070003
0x00498993,08000000
0x00498994,08080000
0x004989A7,08050ae2
0x004989EB,0808f5fa
0x00498A06,0808ecf7
0x00498AF4,0809f304
0x00498BB1,080c05fe
0x00499459,0802f50a
0x00499467,080ee8f9
0x0049946F,08020af5
0x004994B1,0806fdfd
0x004994B5,0802f7f5
0x00499713,080b0b06
0x00499734,0804fffa
0x0049973F,0805ffff
0x0049978A,080e0d0e
0x004997F1,0809010c
0x00499853,08021318
0x004998AD,0819140e
0x004998CC,080f05fe
0x00499901,08141b1c
0x00499925,08030307
0x0049992B,0801fa02
0x0049992C,080801fa
0x0049996B,0807fffc
0x00499976,0804030d
0x004999A7,080f1c19
0x004999E2,08091001
0x00499AB3,080d0901
0x00499ADA,0809f9f9
0x00499B4E,0804fae8
0x00499B5A,080c0f26
0x00499C13,0823180b
0x00499CCF,08292707
0x00499D36,0810fddf
0x00499D45,0820170c
0x00499D53,0809f2df
0x00499D81,0818342f
0x00499E64,080a1320
0x00499EC8,080c06fc
0x00499F0E,08202316
0x0049A007,0800f7f6
0x0049A08B,080c0708
0x0049A08C,08080c07
0x0049A090,0803e9f4
0x0049A0DD,081105f8
0x0049A234,080a1610
0x0049A260,08010307
0x0049A32D,081722ff
0x0049A37E,08373101
0x0049A3B9,080d17f1
0x0049A54D,081fefcf
0x0049A603,08192629
0x0049A667,08021301
0x0049A8B6,081cebc1
0x0049A9C7,0803ddce
0x0049AB10,080ef906
0x0049AB57,080c3829
0x0049AB9A,080912e3
0x0049AD20,080106dd
0x0049AD5A,0803fa15
0x0049AF4D,0801fa10
0x0049AF71,080fecf6
0x0049AF8C,080ff0f2
0x0049AFC6,080c01fa
0x0049B013,0809fbf1
0x0049B04F,080c0df5
0x0049B052,0804e308
0x0049B088,0812eef2
0x0049B12E,08030806
0x0049B141,08070206
0x0049B191,08040005
0x0049B194,08000208
0x0049B1A0,08000300
0x0049B2AE,0827da13
0x0049B432,08060508
0x0049B5D4,081cdaef
0x0049B705,08050506
0x0049B70A,080d0c06
0x0049B70D,080d0c08
0x0049B794,080f070d
0x0049B9B9,08040605
0x0049B9D0,08070bff
0x0049BA1F,08060502
0x0049BA25,080c0a0a
0x0049BA6B,08010704
0x0049BA6D,08000801
0x0049BA8C,0808ef20
0x0049BBF9,080b0204
0x0049BC47,0802fe07
0x0049BC4B,08030705
0x0049BC5C,080a060a
0x0049BC7E,080600f9
0x0049BCBA,08010105
0x0049BE33,080005ff
0x0049BE39,08000d06
0x0049BE67,08000000
0x0049BE90,08020907
0x0049BE92,08060802
0x0049BEB9,080106fb
0x0049BEEE,08040c05
0x0049BF24,0805090e
0x0049BFA8,0807070e
0x0049BFD6,08030703
0x0049C006,08110611
0x0049C00A,08070a0d
0x0049C046,08070a09
0x0049C047,0808070a
0x0049C06F,080204ff
0x0049C074,080a0b0e
0x0049C086,080d120f
0x0049C089,08030f08
0x0049C100,0813150b
0x0049C108,08051511
0x0049C185,08040402
0x0049C186,08080404
0x0049C187,08080804
0x0049C193,08030d05
0x0049C1AE,08111401
0x0049C1EA,0807040a
0x0049C25F,08050401
0x0049C26E,080305fe
0x0049C294,0808fe05
0x0049C2B1,0804fc06
0x0049C2B3,08010804
0x0049C3C5,08050403
0x0049C3CB,08050907
0x0049C3E0,0805fdfc
0x0049C4E8,0800fafd
0x0049C5ED,0825e3e2
0x0049C755,08261cc9
0x0049CA4B,083a2ce1
0x0049CB0A,083811ef
0x0049CBCE,082647fa
0x0049CC8B,080ee4c6
0x0049CCB0,082308cd
0x0049CE91,080deb0a
0x0049D12A,082d0ade
0x0049D1E3,082e0bd8
0x0049D1FB,0804edf3
0x0049D1FC,080804ed
0x0049D298,08200bda
0x0049D2A5,0838efd9
0x0049D478,0826f8e0
0x0049D558,08111be4
0x0049D6A4,080af0f1
0x0049D8AF,081b06f0
0x0049D99D,0822fce2
0x0049DAF6,081cffc5
0x0049DD30,080ff2e3
0x0049DD39,080eebf8
0x0049DD75,0817f4d4
0x0049DE25,081112f6
0x0049DEED,0813fddd
0x0049DF5A,080b06f1
0x0049E025,080cf5f1
0x0049E080,0812fae5
0x0049E16B,0808f8ed
0x0049E174,0801fcf9
0x0049E1FD,0800eef5
0x0049E215,081207eb
0x0049E23A,081406f1
0x0049E2D5,080cfef7
0x0049E321,080effec
0x0049E357,0802f7fb
0x0049E36A,0808fef5
0x0049E3BB,080af8f9
0x0049E3CD,0800f5fd
0x0049E451,0801fbf9
0x0049E45F,0800f6fe
0x0049E47F,0800f9fb
0x0049E488,0800f7fa
0x0049E49A,0804fbfa
0x0049E4A8,0804fefd
0x0049E4B5,0800fcfe
0x0049E4E3,0803faf8
0x0049E4E7,0802f1fa
0x0049E5AB,0803fdfd
0x0049FC70,080f02fc
0x0049FC89,080301fb
0x0049FE11,0802fef2
0x0049FF87,0802fdfb
0x0049FFB8,080dfd1b
0x0049FFCE,08050402
0x004A011F,080d25f5
0x004A01EA,080b1be4
0x004A03C4,080a31f6
0x004A03FA,0800fce8
0x004A048B,081711f3
0x004A0532,080df901
0x004A0647,0813a7cc
0x004A0680,080002ff
0x004A06E8,08160be6
0x004A08BD,0810e8f2
0x004A0912,0817e5e1
0x004A0939,0809e4fe
0x004A0990,080ef6c1
0x004A0A26,080108fd
0x004A0A4A,0804fdf4
0x004A0A70,0812f401
0x004A0A9D,083d1ffc
0x004A0ACE,0807ed0a
0x004A0AFA,0816f9f9
0x004A0C44,08020606
0x004A0CA9,08040302
0x004A0D6E,0800fc01
0x004A1639,08250a17
0x004A1694,0804190c
0x004A16E4,080d090c
0x004A1712,080cfffe
0x004A1722,08060003
0x004A1723,08080600
0x004A17A5,08070613
0x004A17BF,0802f6fe
0x004A17D0,0806fd03
0x004A185E,080fffff
0x004A1958,0802f001
0x004A1A09,080bf3e8
0x004A1C1A,080efce2
0x004A1C69,080ff0de
0x004A1ECA,080416e9
0x004A1FA6,08060104
0x004A1FA7,08080601
0x004A1FE5,0805f601
0x004A1FE8,0810fe08
0x004A2028,08021306
0x004A2029,08080213
0x004A2043,0802f7fe
0x004A2076,080bfe0e
0x004A2173,080b010f
0x004A21CE,080df902
0x004A22E1,080d1439
0x004A23CC,08141e24
0x004A2492,080b2322
0x004A24D9,0801eee5
0x004A257F,081a2029
0x004A26F7,080f1b21
0x004A27A2,0809faef
0x004A2854,0802f6ee
0x004A2898,08060f20
0x004A28E6,08111d1e
0x004A2935,08191c1a
0x004A2969,0802f9ee
0x004A29E7,080f2214
0x004A2A2F,0802f1f0
0x004A2A4B,08070f1a
0x004A2AC1,08161118
0x004A2ACF,081004f7
0x004A2BEA,080e1518
0x004A2C33,080604f3
0x004A2C5A,0801fff2
0x004A2C96,080702f6
0x004A2D97,0802fefb
0x004A2DD2,0801faf6
0x004A2DD3,080801fa
0x004A2DFA,080001f7
0x004A2E36,080903fa
0x004A2E76,0810130b
0x004A2E8B,080d0f12
0x004A2EC0,0803fffa
0x004A2EDA,080e0f0e
0x004A2F23,0802fdfb
0x004A2F24,080802fd
0x004A2F38,080506fe
0x004A2F64,0812100d
0x004A2F78,080b0f0e
0x004A2F87,080604fb
0x004A2F8C,080d0c0f
0x004A2FEF,080f090b
0x004A3017,08090e12
0x004A3029,08100f09
0x004A3038,0801fffa
0x004A304D,080701ff
0x004A3065,080c0c0c
0x004A3074,0801fdfc
0x004A3079,080b0e0a
0x004A30A1,08090c0d
0x004A30C5,080906ff
0x004A30D7,0803fefd
0x004A30DB,080c0b07
0x004A30F0,080c0b0f
0x004A3127,080401ff
0x004A312C,08050d0e
0x004A3153,080b0a0c
0x004A3176,080401fd
0x004A3177,08080401
0x004A318A,080403fe
0x004A318E,080b0b0b
0x004A31C7,08090700
0x004A322A,08070703
0x004A322C,080c0807
0x004A3241,0807090d
0x004A3264,08050301
0x004A3266,080b0805
0x004A3267,08080b08
0x004A327B,080a0906
0x004A328E,08090504
0x004A32A0,08030300
0x004A32A2,080a0803
0x004A32A3,08080a08
0x004A32B4,08090401
0x004A32CA,080a0709
0x004A32DA,080200ff
0x004A32F3,0806080c
0x004A3303,08030300
0x004A3305,080a0803
0x004A3306,08080a08
0x004A3316,080101ff
0x004A331A,080a090a
0x004A332A,08040100
0x004A3354,08090505
0x004A3366,08050301
0x004A3379,08030100
0x004A337C,08060608
0x004A338F,08060604
0x004A33A2,08050302
0x004A33B5,08020102
0x004A33C9,08070001
0x004A33CB,08040807
0x004A33DC,080301ff
0x004A33DF,08060608
0x004A3405,08050302
0x004A3418,08030100
0x004A341B,08050608
0x004A3468,08050302
0x004A356A,08050403
0x004A3D3A,081514f8
0x004A3DBF,0836f9ce
0x004A4506,082700f7
0x004A45CA,081512f7
0x004A468C,0842fac8
0x004A482F,083edfd3
0x004A4892,085a06bd
0x004A4CEB,0817fcd5
0x004A4E68,0816d8dc
0x004A4FF7,080a0fd8
0x004A5016,082c05e4
0x004A5082,080c11ed
0x004A50A6,083eed89
0x004A52B3,080711da
0x004A53FB,08231ad5
0x004A550F,080ad205
0x004A5559,083228d6
0x004A5741,080ffccc
0x004A57CB,080cd3fc
0x004A5911,0800fe01
0x004A5AB3,0825383e
0x004A5B55,085328c8
0x004A5BB1,0810fa01
0x004A5BC3,081705f3
0x004A5BC9,0807170c
0x004A5C89,080c1511
0x004A5DCF,081e1f03
0x004A5EE9,083feab2
0x004A5F2F,08050eef
0x004A6001,0803fffa
0x004A6014,08070d02
0x004A611A,08203324
0x004A6290,0823e4f9
0x004A62BD,080e1111
0x004A62F4,08131607
0x004A636E,0817130e
0x004A63A6,0826deef
0x004A63B2,0843f6b4
0x004A649F,080d0716
0x004A661E,08000a05
0x004A663B,0806fcf7
0x004A66C3,080509f3
0x004A6816,0801ecd7
0x004A69FE,0809fee9
0x004A6A0A,0809190a
0x004A6A22,0811f4f8
0x004A6A2C,0809f609
0x004A6B94,080406fe
0x004A6BC2,0805040f
0x004A6BD9,082a2706
0x004A6C01,080302f6
0x004A6D03,0828f3d6
0x004A6D23,0807f205
0x004A6D86,0808f70f
0x004A6DFD,08344022
0x004A6E4A,0803edd2
0x004A712D,08291aef
0x004A71DD,080d01f7
0x004A727E,0800f3ef
0x004A7292,0810130a
0x004A72C3,0800f6fb
0x004A72CD,080f00eb
0x004A732A,08020515
0x004A7358,0803f6ea
0x004A7383,080d111e
0x004A7536,08010306
0x004A75AC,0803fef9
0x004A75E4,0803fd01
0x004A7682,080501fb
0x004A769E,080b0a09
0x004A76D1,080602fb
0x004A76ED,0802fcf9
0x004A7705,0802fdf8
0x004A7708,080d0e08
0x004A7734,08110b00
0x004A7798,0800f6ff
0x004A77BD,0804f7f7
0x004A7828,080c0904
0x004A7831,08070400
0x004A7833,080a0807
0x004A787C,080904ff
0x004A7BB8,0802f4f8
0x004A7C10,0828e7ea
0x004A7D0A,083cbe26
0x004A7D91,08012308
0x004A7DF2,081efb19
0x004A7EAD,0800fa06
0x004A7ECD,08060105
0x004A7F5F,0802f6fb
0x004A861E,08050904
0x004A87BC,08071612
0x004A87FC,08222e43
0x004A88CA,080e190d
0x004A89B7,080b05fc
0x004A89C3,080104fa
0x004A89D0,080301fc
0x004A89D1,08080301
0x004A89D5,08020406
0x004A89E4,080a180f
0x004A8A15,080603fa
0x004A8A8A,080a03fa
0x004A8B50,0802f900
0x004A8C32,080a06eb
0x004A8C5E,0808f7fa
0x004A8CB1,080afbf6
0x004A8D1D,0802e0f6
0x004A8DF2,08150eef
0x004A8E87,0821f90a
0x004A8F75,08090d0a
0x004A8FE5,0806170b
0x004A90D5,0808f2e5
0x004A911B,0807f0f1
0x004A9158,0802f9f1
0x004A91C9,0809ff04
0x004A91F5,0805fef2
0x004A9200,080a1210
0x004A922F,0817fef8
0x004A9258,0805f4f0
0x004A9286,0809fdf0
0x004A92B3,080dfcfc
0x004A9334,080601ff
0x004A93E1,08000205
0x004A93FE,0808fef6
0x004A9484,080cf8f9
0x004A956B,0801fa03
0x004A959B,08252fff
0x004A95A7,080d10ee
0x004A961B,08020601
0x004A9645,08000007
0x004A9726,080e03fe
0x004A97DD,08090000
0x004A9826,08140702
0x004A9829,0801f708
0x004A9887,080ffd00
0x004A98AB,08021003
0x004A98B7,0805f90a
0x004A9A48,08220d05
0x004A9B5A,0808f8fc
0x004A9B63,0808fb00
0x004A9C32,080cfc01
0x004A9C44,0803f803
0x004A9C78,0801ecef
0x004A9C80,080513fe
0x004A9C90,0805f507
0x004A9D29,0803f6f2
0x004A9D76,0805fff5
0x004A9D9A,0802faff
0x004A9D9B,080802fa
0x004A9DDA,0800f6f8
0x004A9E89,080bf3ea
0x004A9EF3,080400fa
0x004A9EF8,080108ff
0x004A9F47,080bfae1
0x004A9FAF,0802fefd
0x004AA005,0806fb03
0x004AA00F,08060401
0x004AA01C,0801fd00
0x004AA0FD,0803fe01
0x004AAAA0,0800fafb
0x004AAADE,080f0700
0x004AAAE0,0801080f
0x004AAAF3,0802fc03
0x004AAB4F,08010b12
0x004AAB51,08110801
0x004AABE0,0811fdf7
0x004AAC09,081df6f7
0x004AACC3,0813de1f
0x004AADA0,0804f709
0x004AADBA,080af205
0x004AADC8,0802f70e
0x004AAE1E,080bf700
0x004AAE21,0803f408
0x004AAE26,0804ff01
0x004AAFD8,080a02f8
0x004AAFE7,08030505
0x004AB2CE,0852d8b7
0x004AB359,0814ddec
0x004AB7C9,0823f2ec
0x004AB8A7,0805ebf8
0x004AB916,082af1e1
0x004ABB55,080204f4
0x004ABBB1,0801f901
0x004ABBE5,0806f5fe
0x004ABBF9,0804f501
0x004ABCBB,0804fcfa
0x004ABCCF,0804fafb
0x004ABD28,0806f9fa
0x004ABD6D,0808f8f9
0x004ABD75,0806f9f8
0x004ABD85,0807f5f7
0x004ABE37,080af8f1
0x004ABEAC,0808f8f4
0x004AC134,0810f6f0
0x004AC1C1,0813f7ec
0x004AC25E,0811f7ed
0x004AC2FB,0811f8ed
0x004AC41D,080ef6f0
0x004AC492,080cf6f2
0x004AC599,080bf7f3
0x004AC5F2,080bf7f3
0x004AC6C4,0806f7f9
0x004AC6C8,0806f7f9
0x004AC6CC,0806f7f9
0x004AC6D0,0806f7f9
0x004AC6D4,0805f8f9
0x004AC6D8,0806f6fb
0x004AC755,0806f7f9
0x004AC759,0806f6f9
0x004AC75D,0806f7f9
0x004AC761,0806f7f9
0x004AD09A,0804fbf6
0x004AD0CE,0808f4fa
0x004AD0D8,0811fdf5
0x004AD10C,080bebfc
0x004AD158,080ef7fb
0x004AD16D,080bf6fb
0x004AD1DC,0812fcfa
0x004AD333,0816f3e1
0x004AD3F4,082a04c1
0x004AD46C,08524fe9
0x004AD72A,0814c1fc
0x004AD7D1,0815ddfe
0x004AD98F,08183717
0x004AD9D0,080fec13
0x004ADA39,080b22ea
0x004ADB5F,080605ef
0x004ADC04,080afae4
0x004ADC83,081c19f2
0x004ADC9E,080aeffa
0x004ADCE2,0800f3f4
0x004ADD44,0802f711
0x004ADD7F,0808f6f3
0x004ADE19,080a0ffb
0x004ADE21,0809fa06
0x004ADED7,080f0d05
0x004ADFB3,081804fa
0x004AE06C,08342a02
0x004AE2D1,0800f30e
0x004AE3E2,0806fc07
0x004AE482,0806fb0a
0x004AE483,080806fb
0x004AE4B1,08000cf5
0x004AE4F6,0811f7ec
0x004AE546,0812f8fb
0x004AE595,0806f304
0x004AE5CE,0808f7f8
0x004AE5E0,0802f9fe
0x004AE632,080bf8fd
0x004AE653,0800fdf7
0x004AE6B2,0800f7ff
0x004AE6DE,0806fbf5
0x004AE6F0,08010102
0x004AE791,0800fd00
0x004AE796,0800fcff
0x004AE79C,080202fd
0x004AE87D,0808fdfb
0x004AE8BD,0808ecf0
0x004AE92C,0801fbfb
0x004AE941,0800fbfb
0x004AE96D,0800fe05
0x004AE9A0,080608fb
0x004AEB20,0813fae9
0x004AEB3D,081006ef
0x004AEB5D,081001f8
0x004AEBAE,080ff2ef
0x004AEC14,0808fe03
0x004AEC59,080104fe
0x004AEC5A,08080104
0x004AEC7B,080cf6f4
0x004AECBE,0802f909
0x004AED45,0801f7fd
0x004AEDDB,0802fd03
0x004AEE4C,0803fd03
0x004AEE57,0800fa06
0x004AEF03,0802fdfa
0x004AEF60,0800faf5
0x004AEFC1,0801f8fd
0x004AF504,0806fdf8
0x004B05DC,0813dd5b
0x004B06EE,0824d019
0x004B07B4,0846e8e2
0x004B0835,0808bc24
0x004B0A15,0829ecca
0x004B0A2C,0808ca3d
0x004B0AEB,0802eb0d
0x004B0B05,080de810
0x004B0B7B,0800fef3
0x004B0C55,0807df0c
0x004B0CA8,080b01f0
0x004B0CF1,0816f2ee
0x004B0D33,0806edfe
0x004B0D55,08090be4
0x004B0DEA,0803fbfe
0x004B0E8A,0807fdf3
0x004B0F12,0801fb01
0x004B0F47,0800f802
0x004B14A5,08070505
0x004B14DB,0803ff01
0x004B14FF,08100b02
0x004B1654,08040603
0x004B1658,0801060d
0x004B176C,0800f8f8
0x004B1915,0821ee07
0x004B1A84,08471dd2
0x004B1DDA,080c0edf
0x004B1F7A,08031111
0x004B211C,0812bedb
0x004B214C,080614ff
0x004B2210,080f00e8
0x004B234A,0803fd02
0x004B2CBD,080c07fe
0x004B2DB8,080e0e06
0x004B2E8F,0803fff3
0x004B2FA2,080a04ff
0x004B2FFC,080e1716
0x004B3003,080d140d
0x004B300F,08070709
0x004B303D,080a0908
0x004B303F,0808080a
0x004B3040,08080808
0x004B306E,08090011
0x004B309A,0809130f
0x004B30E3,08010001
0x004B3104,0806090c
0x004B31FE,080e100c
0x004B3246,0801f7f8
0x004B3251,0805fffc
0x004B33AA,08050d08
0x004B34CA,08322409
0x004B3676,0827d9a3
0x004B36C4,0852e9b9
0x004B3B3B,085a1bba
0x004B3C09,083b2c12
0x004B3F92,080ae6d6
0x004B400E,080ff9ed
0x004B401F,080900f3
0x004B4031,0803fe01
0x004B4061,0802f6f3
0x004B40E2,080406ff
0x004B4193,0807f8f5
0x004B41C0,0803f8f7
0x004B4216,0808fbfa
0x004B421A,0800f8fd
0x004B424E,0800f7fa
0x004B4294,0801fcff
0x004B429B,0804fdff
0x004B42B5,0803fafb
0x004B42E4,0803f6f6
0x004B430B,0800fc01
0x004B4310,0804fcfa
0x004B43EC,0801f6fb
0x004B59C3,0802f414
0x004B5AAA,083a3a0c
0x004B5B95,080e06f5
0x004B5BC4,082304d0
0x004B5C2A,081bf5cc
0x004B5C98,08362cea
0x004B5D40,08350ad8
0x004B61E7,085037dc
0x004B6225,0834ffd5
0x004B6277,08373318
0x004B62B3,083b32ed
0x004B64E2,083c4107
0x004B653E,0843f4b6
0x004B67F3,082bf4d3
0x004B69A7,0802f4db
0x004B6D1B,0800f204
0x004B6D70,0800f8f3
0x004B6E9A,0803f9fa
0x004B7A10,08060d1c
0x004B7D2A,0803f3db
0x004B7D7A,08381a34
0x004B7DE0,0802121c
0x004B7E9C,08030403
0x004B7F74,084529f4
0x004B80B0,081f06e9
0x004B8156,081d1024
0x004B81B1,0814321e
0x004B8432,08452edf
0x004B844E,082b0ac5
0x004B84B6,080e2205
0x004B85BA,0813dec4
0x004B868A,0804f102
0x004B86CB,0813cc07
0x004B871E,08101deb
0x004B881B,08060702
0x004B881F,0806050a
0x004B882D,08090c0d
0x004B8833,08050509
0x004B926B,083dddb9
0x004B931B,0809fb00
0x004B936A,080c23e6
0x004B93D7,08033dd7
0x004B93DB,0806c814
0x004B93F8,080d1ef6
0x004B9471,0852c71f
0x004B9497,082c08bd
0x004B959E,0809040f
0x004B959F,08080904
0x004B9826,0848261d
0x004B9B39,0806ec08
0x004B9B72,08090c0a
0x004B9B7D,080f130f
0x004B9BBB,0801f7f9
0x004B9BCB,08090a07
0x004B9C37,080f1212
0x004B9C44,080101fe
0x004B9C58,08030002
0x004B9CA9,0801fef4
0x004B9CAA,080801fe
0x004B9CBC,080601f7
0x004B9CBD,08080601
0x004B9CCE,08030607
0x004B9CDE,080d0c0a
0x004B9CE7,080901f3
0x004B9D63,080c0f04
0x004B9DB9,08020b03
0x004B9E07,080604f9
0x004B9E22,0803fcf6
0x004B9E50,080907ed
0x004B9E69,08070902
0x004B9EA3,0801fefe
0x004B9EB5,080604f9
0x004B9EC3,080c08ff
0x004B9F01,0807fcf1
0x004B9F1C,08030104
0x004BA28E,0850dfc1
0x004BA29E,083f311c
0x004BA7EC,080af9cc
0x004BA9A2,0836fbc6
0x004BABAD,083c1521
0x004BACF8,084022b5
0x004BAD00,0803b6e7
0x004BAF4B,080bebfe
0x004BAF7E,08520ab4
0x004BB063,084ff7b6
0x004BB12E,083c12d9
0x004BB208,0849ffb1
0x004BB315,08420fbd
0x004BB87B,08390ac2
0x004BB8A4,083b0dc9
0x004BBA06,083c0ecc
0x004BBD90,082504d9
0x004BBF8F,081b00e1
0x004BC01B,0811feeb
0x004BC0F5,080ffdf0
0x004BC1C1,080efcf0
0x004BC21C,0808f8f4
0x004BC265,0808faf5
0x004BC289,0805faf9
0x004BC2A9,0801f7fb
0x004BC2AE,0804f9f8
0x004BC2CE,0800f8fd
0x004BC318,0804f9f9
0x004BC338,0805f9f9
0x004BC34A,0801f7fc
0x004BD323,08040105
0x004BD574,0805ee12
0x004BD8FA,080f0f1d
0x004BD8FC,080c080f
0x004BD8FD,08080c08
0x004BDB6E,08450a28
0x004BDBB6,0803b811
0x004BDC55,0840443a
0x004BDC74,08233df0
0x004BDD45,080307e7
0x004BDD46,08080307
0x004BDD75,0807f4eb
0x004BDDDD,080d03f9
0x004BDFAC,080f1e2d
0x004BE04F,08062134
0x004BE067,081f2d47
0x004BE0CC,080bfe02
0x004BE127,080af808
0x004BE159,0807f5e7
0x004BE15B,08010807
0x004BE1AD,081f1d1e
0x004BE1B3,0806181b
0x004BE2B5,0802192b
0x004BE2F0,08020afd
0x004BE327,08100d13
0x004BE329,080d0810
0x004BE353,0803030a
0x004BE392,080000fd
0x004BE3A5,0806fd03
0x004BE3F1,080f292f
0x004BE41B,08020505
0x004BE465,080b0100
0x004BE471,080b1921
0x004BE4A6,0814272b
0x004BE549,08020b0f
0x004BE54D,080a0a0b
0x004BE555,080d050a
0x004BE559,08130cfe
0x004BE5D6,08150d0c
0x004BE5E4,08020b0b
0x004BE68D,08070c1b
0x004BE7C3,08070a0d
0x004BE7C4,0808070a
0x004BE8D0,080cf7f5
0x004BE8F7,08111511
0x004BE8FA,080f0708
0x004BE9B5,08160301
0x004BEA6B,080a100f
0x004BEA70,0800020b
0x004BEA87,0807fe01
0x004BEB68,08101010
0x004BEBF7,08100c07
0x004BEC01,08030a03
0x004BEC05,080c110b
0x004BEC13,08020b0b
0x004BEC83,08110f03
0x004BEC97,0806000a
0x004BEC98,08080600
0x004BECC4,080103fe
0x004BED22,0800fe01
0x004BED8B,08010101
0x004BED91,08010101
0x004BEDF2,08010101
0x004BEDF4,08030801
0x004BEEBE,080100fe
0x004BEECC,08010101
0x004BEF5F,0800fe01
0x004BEF68,08010101
0x004BEF8D,0800fe01
0x004BEF91,0800f5fa
0x004BF0CB,08010101
0x004BF128,08010101
0x004BF12F,08010200
0x004BF142,08010102
0x004BF296,08010101
0x004BF3A5,08010101
0x004BF3AF,08010101
0x004BF45F,08010101
0x004BF4E5,08010101
0x004BF5BF,08010101
0x004BF65F,08010101
0x004BF721,08010101
0x004BF7C5,08010101
0x004BFB45,08010101
0x004C0ABE,0813facf
0x004C0BAC,0804ed15
0x004C0CA4,082309c6
0x004C0DF7,0816fdab
0x004C0F6B,084e05e0
0x004C0F83,08392920
0x004C1080,082ca302
0x004C11D8,0805d640
0x004C1375,080509f7
0x004C15CA,0801e40b
0x004C1732,081107fe
0x004C1760,0802f40c
0x004C18B7,08151900
0x004C18F9,080bf4e0
0x004C1920,080bf6f6
0x004C1983,0808f704
0x004C1A36,080c1615
0x004C1A55,08130c05
0x004C1A74,0801fe13
0x004C1AD3,080208fe
0x004C1B8C,080ffeed
0x004C1CB1,080904f7
0x004C1CB3,08010809
0x004C1CB7,08001104
0x004C1D17,0804f1f6
0x004C1D19,08070804
0x004C1D6C,0805f6f0
0x004C1DF2,080418f0
0x004C1DFD,080905f3
0x004C1E8F,0807eafe
0x004C1F02,0818fef0
0x004C1FED,080cf313
0x004C1FF2,081500f4
0x004C2010,08002213
0x004C2110,080c1604
0x004C2120,080f16fd
0x004C2147,080ff0f4
0x004C2279,0805f4f7
0x004C2318,0802f707
0x004C2644,08000108
0x004C266A,080101fe
0x004C30D4,0815202a
0x004C3180,08111107
0x004C3186,0800f11c
0x004C3187,080800f1
0x004C3188,08080800
0x004C31CC,080e1115
0x004C31CD,08080e11
0x004C31CF,08070808
0x004C31FE,080f0c09
0x004C3235,08273662
0x004C32F8,080e1111
0x004C35A1,080e150f
0x004C371E,0809fd01
0x004C3842,08475e15
0x004C3988,08332d1d
0x004C3A13,08070404
0x004C3ABE,08111b20
0x004C3B92,0802fbf7
0x004C3BC9,0801faf1
0x004C3BD3,080e0f12
0x004C3BD7,08020505
0x004C3BE4,080404fd
0x004C3CB6,080c1534
0x004C3D49,08090e0e
0x004C3DA9,080c1215
0x004C3E38,080c0e11
0x004C3E6C,080f161c
0x004C3E97,0802fdf6
0x004C3EC0,080c1111
0x004C3F5C,080c090e
0x004C3FC9,0811262d
0x004C3FCC,08070408
0x004C3FCD,08080704
0x004C3FCE,08080807
0x004C402E,080e07f1
0x004C404A,080e0f0e
0x004C4051,080c0e0e
0x004C4052,08080c0e
0x004C40E2,08080705
0x004C4115,08070401
0x004C4208,08010200
0x004C4219,080e1216
0x004C42BC,080400fb
0x004C4333,0801f7f0
0x004C434B,08090e13
0x004C434C,0808090e
0x004C439F,082500f0
0x004C446A,08070401
0x004C446B,08080704
0x004C446F,080e0f09
0x004C44A8,080401fb
0x004C44AD,0816160c
0x004C4510,080f0512
0x004C451E,080e0202
0x004C454A,080f192d
0x004C45C3,080f0000
0x004C45F1,080f0f05
0x004C45FE,0807080c
0x004C4601,08050708
0x004C4602,08080507
0x004C4626,080f0201
0x004C463E,08090e0e
0x004C4671,08040502
0x004C4696,08050204
0x004C4697,08080502
0x004C4698,08080805
0x004C46CD,080c0f15
0x004C46DE,08070201
0x004C46E0,08080807
0x004C4732,080501fd
0x004C4766,080c0f0c
0x004C47CA,0801f1fb
0x004C47CF,08071113
0x004C47DA,080c0c0e
0x004C47E7,0809070f
0x004C4814,080e120f
0x004C482A,080c0c0e
0x004C482B,08080c0c
0x004C487E,0802faf0
0x004C487F,080802fa
0x004C488F,08080909
0x004C48D4,08070702
0x004C48EE,08070502
0x004C4928,080c0cfa
0x004C4943,080c0c0c
0x004C4945,0807080c
0x004C4960,08090c0c
0x004C49A9,08040e15
0x004C49E2,08020405
0x004C4A1B,08070507
0x004C4A1D,08070807
0x004C4A29,0809090e
0x004C4A5C,08070707
0x004C4A9B,08070504
0x004C4A9C,08080705
0x004C4AC0,080c0100
0x004C4AF3,08191b19
0x004C4B24,080701fb
0x004C4B69,08070504
0x004C4B91,08090502
0x004C4B95,08090504
0x004C4B98,08050508
0x004C4B9A,08090805
0x004C4B9D,08090908
0x004C4BA3,08050002
0x004C4BC7,080c0e0c
0x004C4BC9,0807080c
0x004C4C05,0801f6f4
0x004C4C29,0809110c
0x004C4C2A,08080911
0x004C4C2C,08090808
0x004C4C30,08090504
0x004C4C72,080f07fa
0x004C4C98,080400fb
0x004C4CE3,08090902
0x004C4CEA,08050100
0x004C4CF5,080e1212
0x004C4D08,08040202
0x004C4D39,08090704
0x004C4D3B,08070809
0x004C4D67,0802fdfd
0x004C4D86,080e0700
0x004C4D98,08040402
0x004C4DBE,0800faf8
0x004C4DE2,08070504
0x004C4DE4,08090807
0x004C4F10,0800faf8
0x004C4F83,08070502
0x004C4F8C,08050509
0x004C5030,08070101
0x004C5032,08070807
0x004C5034,08080807
0x004C5035,08080808
0x004C5038,08070708
0x004C50A6,08070505
0x004C50AC,08070707
0x004C5AD9,081003fd
0x004C5B04,0800edd8
0x004C5B15,0810f90c
0x004C5BAA,080d0a01
0x004C5BD8,08120f0f
0x004C5C81,0807fdff
0x004C5CE9,0812e203
0x004C5D9E,0806ffff
0x004C5E37,0802fdfc
0x004C5E57,08060502
0x004C5E74,08110b08
0x004C5E84,0805fefc
0x004C5EA4,080afefe
0x004C5EBA,0801fe03
0x004C5EE5,08020206
0x004C5F09,08030602
0x004C5F0A,08080306
0x004C5F4B,0806fff9
0x004C5F78,0800ffff
0x004C5FA0,080600fe
0x004C6951,080c0d07
0x004C6953,0807080c
0x004C6961,08050606
0x004C6AF9,08070603
0x004C6AFB,080a0807
0x004C6B50,08050300
0x004C6B51,08080503
0x004C6B54,080b0a08
0x004C6B5A,080a0707
0x004C6B5C,0805080a
0x004C6B9E,08050202
0x004C6C45,0807070c
0x004C6C86,08050200
0x004C6C87,08080502
0x004C6C98,08060b06
0x004C6C99,0808060b
0x004C6C9F,08070501
0x004C6CE3,0806fcf9
0x004C6CE4,080806fc
0x004C6CF5,080d0d0a
0x004C6CF6,08080d0d
0x004C6CFA,080b1010
0x004C6D34,08070703
0x004C6D36,080c0807
0x004C6D40,08030100
0x004C6D43,080c0c08
0x004C6D4F,080b05fe
0x004C6D7C,080501fe
0x004C6D7D,08080501
0x004C6D84,08070605
0x004C6D91,080b0603
0x004C6DCE,08060702
0x004C6EBB,08020505
0x004C6F14,08070202
0x004C6F16,080a0807
0x004C6F5C,080605fe
0x004C6FD4,08070f10
0x004C7015,08070a0c
0x004C7020,08101113
0x004C702F,08060202
0x004C7055,08070603
0x004C7056,08080706
0x004C7066,08070307
0x004C70B9,08050501
0x004C70BA,08080505
0x004C70BC,080b0808
0x004C7133,08060702
0x004C713B,080c0b0a
0x004C713C,08080c0b
0x004C713D,0808080c
0x004C713E,08080808
0x004C7163,08050600
0x004C7165,080c0805
0x004C721C,08070605
0x004C725D,080b0b07
0x004C725F,0807080b
0x004C72A2,080100fa
0x004C72A8,080c0f0f
0x004C72A9,08080c0f
0x004C72D9,080b0d0a
0x004C72EB,080f0b05
0x004C732D,080a0c10
0x004C7335,08070b0b
0x004C736B,080b03fc
0x004C7415,08071519
0x004C7440,080300fc
0x004C7441,08080300
0x004C74DB,080b1321
0x004C74ED,080d1011
0x004C7581,08141d1e
0x004C75C5,0819262b
0x004C7603,0805fefa
0x004C761D,080d1014
0x004C7650,08060303
0x004C7651,08080603
0x004C7653,08060808
0x004C768A,080c0c0f
0x004C76C4,08111819
0x004C76CD,0800fcfd
0x004C76E8,08070200
0x004C7711,080b0c06
0x004C7713,0807080b
0x004C772C,08080b13
0x004C7739,080a0c0b
0x004C778D,080301fd
0x004C779E,0802f9f8
0x004C78E7,080a05fa
0x004C798E,0803faf2
0x004C79C9,080200fa
0x004C79CE,080c0f0f
0x004C7AC2,0811160f
0x004C7BE7,08060502
0x004C7CF1,0805fcf9
0x004C7D19,080a0b10
0x004C7D58,080a0f0a
0x004C7D87,0800f0e4
0x004C7DAC,080503fe
0x004C7DC1,08110a00
0x004C7DC9,080d1916
0x004C7E2A,08020300
0x004C7EAE,08000611
0x004C7FDD,080b1419
0x004C80A6,080b07f3
0x004C80BE,0805f9e9
0x004C8122,080706f9
0x004C82CB,08110b07
0x004C82EC,080f100a
0x004C83A1,081f2928
0x004C8564,081f2b22
0x004C86DD,0800fe05
0x004C86DE,080800fe
0x004C86F0,08000100
0x004C879C,08111a1e
0x004C885E,08030a0d
0x004C8878,080d0a01
0x004C8914,08100c11
0x004C89B2,0811140f
0x004C8A79,0803fcf0
0x004C8AD0,080700f2
0x004C8AD2,080d0807
0x004C8B1A,0806131d
0x004C8B87,080a162b
0x004C8BC7,08110c08
0x004C8BDA,080f1316
0x004C8D76,08060001
0x004C8DA2,080b070a
0x004C8E7E,080cfef3
0x004C8EE8,080f1411
0x004C8F5E,080602f4
0x004C8FD4,0802f4dd
0x004C8FD7,08060608
0x004C90D6,08050a0d
0x004C910A,08030a0d
0x004C9139,0805fcfe
0x004C915A,08130f01
0x004C9174,08020514
0x004C91B9,080c0b06
0x004C91BB,0803080c
0x004C91CD,08142739
0x004C9208,080c131b
0x004C92B2,0813180f
0x004C92B5,080c0a08
0x004C92BD,08111e1a
0x004C9339,080bfce9
0x004C935A,080d161b
0x004C9381,080b1111
0x004C93C6,080b080b
0x004C9423,080c161d
0x004C9428,0802050a
0x004C94A7,080c191e
0x004C95E2,080b0b0b
0x004C95E3,08080b0b
0x004C95F1,081f291b
0x004C9658,08100bf3
0x004C9678,080a0a05
0x004C9683,081d2f35
0x004C9728,0800fcfa
0x004C988E,0810100c
0x004C989F,080d1419
0x004C98E3,08060000
0x004C98F3,080f0f11
0x004C98F6,08030508
0x004C98F7,08080305
0x004C98F8,08080803
0x004C994D,0801fe06
0x004C9A4A,08020614
0x004C9A99,0810100d
0x004C9B5A,0803fd03
0x004C9BA8,08050306
0x004C9BEA,080a070a
0x004C9C29,08131e21
0x004C9C46,08010607
0x004C9C6B,080d00e4
0x004C9D24,08102239
0x004C9D37,08070607
0x004C9D76,08131f22
0x004C9E6B,0803fe02
0x004C9EAC,080f0b03
0x004C9EAD,08080f0b
0x004C9ED0,080b0601
0x004C9F04,080c1311
0x004C9F43,0813191e
0x004C9F99,080c0f18
0x004CA005,080d0a01
0x004CA029,080f1411
0x004CA06D,080303f8
0x004CA09A,080f0c07
0x004CA0D3,080b0f06
0x004CA0E4,08102128
0x004CA0E6,08070810
0x004CA16F,08130f0d
0x004CA1D5,080f1926
0x004CA2E2,0813160c
0x004CA327,0805fdf9
0x004CA3F1,08111e21
0x004CA461,080a1b2c
0x004CA537,08131416
0x004CA6AF,08111e14
0x004CA6EC,0802fc00
0x004CA6ED,080802fc
0x004CA7A0,0808fef5
0x004CA7F7,0807e9d0
0x004CA87E,0811161d
0x004CA887,08110df9
0x004CA8C3,08030302
0x004CA8EE,08020102
0x004CA9EA,08102234
0x004CAA40,0800f2e9
0x004CAA60,08070d16
0x004CAA61,0808070d
0x004CAA7D,0801eee0
0x004CAAAD,080f1922
0x004CAAB0,08030608
0x004CAAB2,080a0803
0x004CAAB3,08080a08
0x004CAB12,0805010b
0x004CAB13,08080501
0x004CAB15,08070808
0x004CAB3B,080c130c
0x004CAB5D,08101915
0x004CABC5,080003fe
0x004CAC95,080c1313
0x004CACDA,080d0c10
0x004CAD02,0803fdfd
0x004CAD3D,08102130
0x004CADAE,080b1518
0x004CADC6,0803fcf8
0x004CAECF,0810181d
0x004CAF58,080b181b
0x004CB076,080600fd
0x004CB09F,080d03fe
0x004CB13D,080b02fa
0x004CB174,080d070a
0x004CB1A6,0800f2ea
0x004CB1F9,0806fcea
0x004CB226,08243e3d
0x004CB2B6,0810180f
0x004CB2BD,0801f4e9
0x004CB2BE,080801f4
0x004CB2DB,08112124
0x004CB3F2,0811130d
0x004CB47D,0805faf9
0x004CB49F,08151d22
0x004CB4D1,080a02fc
0x004CB606,08060500
0x004CB616,081f353d
0x004CB6BF,080c130b
0x004CB6C0,08080c13
0x004CB6E1,08182424
0x004CB6F3,0802fe02
0x004CB78F,0801000d
0x004CB7AE,080ff9e2
0x004CB7D2,0806f9db
0x004CB820,08050005
0x004CB890,080d0ff9
0x004CB896,080a1614
0x004CB8AA,08132644
0x004CB8CD,0805ebd2
0x004CB8E5,080501e7
0x004CB953,081b1f0c
0x004CB968,0803f5f4
0x004CB9CD,080a06fd
0x004CBD74,0803050d
0x004CBDAF,080f0c0a
0x004CBE82,0807070d
0x004CBF68,081e1e08
0x004CC0F2,080a03ee
0x004CC1A1,0805faf2
0x004CC343,08030a0d
0x004CC5AC,08182218
0x004CC5E0,0819160b
0x004CC651,080502fc
0x004CC689,080b0a0d
0x004CC719,080d06ee
0x004CC92C,081a1603
0x004CC975,08070202
0x004CC9C0,0800fcfe
0x004CCA50,08131e29
0x004CCA6C,08101f28
0x004CCA9D,080c01ee
0x004CCB8C,08141b1b
0x004CCB97,0803f2f4
0x004CCBA2,0806020c
0x004CCBD0,08060c18
0x004CCCD6,0808efd8
0x004CCCEC,08110b0b
0x004CCD7C,0801f4e2
0x004CCE7F,08030107
0x004CCEAE,080c03f3
0x004CCED9,080f191a
0x004CCEDF,080f110b
0x004CCF0B,08030101
0x004CCF16,0805050d
0x004CCF37,0805060a
0x004CD0AB,08191d23
0x004CD10C,0801fe02
0x004CD15C,0801000a
0x004CD16D,080301fe
0x004CD277,0803fdfa
0x004CD284,080a03fa
0x004CD295,080c0d0b
0x004CD2C4,080af9f3
0x004CD3A6,080b100b
0x004CD478,080703fd
0x004CD489,08050303
0x004CD55C,0815180d
0x004CD560,08050b07
0x004CD57B,080f0bfd
0x004CD5B0,08010301
0x004CD5B6,0803fefd
0x004CD5DB,08131010
0x004CD634,0803fdf3
0x004CD680,08101319
0x004CD6B4,08070a14
0x004CD6D7,0800f7ec
0x004CD736,08060605
0x004CD7DB,080d1415
0x004CD7E0,080503fa
0x004CD7F2,08130afe
0x004CD80F,08020507
0x004CD84D,08101510
0x004CD84F,08030810
0x004CD8C2,08060c19
0x004CD923,08111e23
0x004CD927,08060207
0x004CD92E,080d100b
0x004CD92F,08080d10
0x004CD988,08111a21
0x004CD993,081a2222
0x004CD9A1,08060503
0x004CD9F2,08101913
0x004CDA36,0801faee
0x004CDA9E,08060107
0x004CDAA0,080b0806
0x004CDB02,0805000a
0x004CDB43,0800f4f2
0x004CDD2E,08070a11
0x004CDD31,08070608
0x004CDD9B,080601fd
0x004CDDF0,080a0c0c
0x004CDDF3,08080a08
0x004CDEAD,080703fd
0x004CDEBF,08182834
0x004CDFD2,0801f8ea
0x004CDFD3,080801f8
0x004CE020,080d0bfc
0x004CE08F,08101513
0x004CE11E,080c0807
0x004CE19F,0806fd03
0x004CE273,0806010c
0x004CE27F,0813181a
0x004CE2C2,08151b22
0x004CE32B,08101513
0x004CE337,080d1515
0x004CE33A,08000108
0x004CE341,080b0f13
0x004CE376,0806faf0
0x004CE3D2,080d1815
0x004CE42C,080c0305
0x004CE431,0800f5ef
0x004CE434,08070a08
0x004CE455,08131518
0x004CE520,0800f3eb
0x004CE585,08050b1e
0x004CE5C0,0803fafd
0x004CE5C1,080803fa
0x004CE5E8,08050103
0x004CE606,0806f2e5
0x004CE6E7,08030b0c
0x004CE740,08101d2f
0x004CE7B6,0801f5ec
0x004CE7CD,080a03f9
0x004CE7D6,081d1a11
0x004CE7F8,0801fcfa
0x004CE83B,08111414
0x004CE844,080a0706
0x004CE84D,08030100
0x004CE887,0803fefd
0x004CE8EB,08010a1a
0x004CE92B,080f1113
0x004CE92C,08080f11
0x004CE92D,0808080f
0x004CE92E,08080808
0x004CE92F,08080808
0x004CE930,08080808
0x004CE976,080b0d0c
0x004CE97D,080303fe
0x004CE9C5,08070301
0x004CE9D6,0800faf0
0x004CEA07,08191e16
0x004CEA42,08030500
0x004CEAF2,08101107
0x004CEB15,0805050a
0x004CEB63,08010b0b
0x004CEB89,081a1d07
0x004CEB8A,08081a1d
0x004CEBEB,080d06f9
0x004CEC38,08050207
0x004CECF7,080bfefd
0x004CED05,0801faf4
0x004CED89,0801f7f3
0x004CEE4D,08030205
0x004CEE5F,08050a11
0x004CEF38,08030615
0x004CEF71,0810140f
0x004CEFBF,080b100d
0x004CF023,080d1910
0x004CF04F,0803f9f2
0x004CF057,080f110f
0x004CF05A,08050308
0x004CF096,080d0f0f
0x004CF0C8,080a0f10
0x004CF0D8,080b0b10
0x004CF107,080706fe
0x004CF175,08141d1b
0x004CF176,0808141d
0x004CF1F3,080603fc
0x004CF1F4,08080603
0x004CF26E,08010602
0x004CF2F3,08101b15
0x004CF321,08050a0b
0x004CF362,080b0f0f
0x004CF387,080f1615
0x004CF391,08060605
0x004CF3EF,080a0c02
0x004CF408,0800fd01
0x004CF40E,08010113
0x004CF46D,08101416
0x004CF4DE,08050816
0x004CF642,08030713
0x004CF68D,08070a0d
0x004CF6DD,080c0d10
0x004CF734,08100d07
0x004CF77A,0800fafd
0x004CF8DF,080d1b26
0x004CF8E2,08030308
0x004CF8EC,080b06f9
0x004CF957,08111111
0x004CF98D,080f1011
0x004CF9DC,080703fe
0x004CFA31,0805060d
0x004CFAE4,080b0d11
0x004CFB18,08060202
0x004CFB1F,080a0c0c
0x004CFBBE,08050a07
0x004CFC51,0806070d
0x004CFC55,080b1411
0x004CFC57,080a080b
0x004CFC9C,0805030a
0x004CFD09,0807f7f2
0x004CFD13,080f1311
0x004CFD31,0802f7ee
0x004CFD34,080a0b08
0x004CFD35,08080a0b
0x004CFE72,08030208
0x004CFE94,0801f3f0
0x004CFEAF,08100b07
0x004CFF2A,08151510
0x004CFF8D,080a0c0b
0x004CFFB6,08141e2d
0x004D0049,080b100d
0x004D006C,08071416
0x004D00E7,080b0a07
0x004D00EF,080300fa
0x004D01B4,0803fef3
0x004D01EF,08020002
0x004D01FC,0802fcfc
0x004D0205,080d181b
0x004D0294,080a0500
0x004D0295,08080a05
0x004D029E,080c0f15
0x004D02E8,0802faf5
0x004D02F3,0801f8f9
0x004D031D,080b05fe
0x004D0356,080b110b
0x004D0357,08080b11
0x004D0367,080b1424
0x004D040F,080602fe
0x004D0410,08080602
0x004D042C,08141b23
0x004D05BD,08020607
0x004D0662,081b1f14
0x004D066A,08050c13
0x004D069E,0805faeb
0x004D06B6,080a0c0b
0x004D0763,0800f9fc
0x004D07E8,08101815
0x004D0927,08050005
0x004D0928,08080500
0x004D09B1,080d00f5
0x004D0ADC,08050a19
0x004D0B40,08030a15
0x004D0B78,080d02e9
0x004D0BB2,0801f0ec
0x004D0C2F,0803fef3
0x004D0C89,0802f9f7
0x004D0CB8,080601f5
0x004D0D2E,08061015
0x004D0D57,080d110d
0x004D0D74,080700f7
0x004D0D79,080c07fc
0x004D0E73,08102231
0x004D0E85,08070605
0x004D0ED0,08101b21
0x004D0EE0,080101fc
0x004D0EE6,08101815
0x004D0EFD,0803f8ea
0x004D0F76,0807fde5
0x004D0FBD,080a0c06
0x004D0FC9,0801fcea
0x004D0FCB,08070801
0x004D105E,080b0a00
0x004D10AB,0805f9fc
0x004D10AC,080805f9
0x004D10D2,080d0800
0x004D110C,08050103
0x004D1197,080f1d2d
0x004D11DE,0803faf7
0x004D1214,080b0f1e
0x004D1284,0800f7f7
0x004D12D8,08060a0b
0x004D13A4,08070506
0x004D13BD,08101513
0x004D15F4,0802fd02
0x004D1650,081002f0
0x004D16A3,0810181d
0x004D16CB,080b0300
0x004D1709,0806fef8
0x004D1763,08030100
0x004D17B9,08060605
0x004D17CE,0813151a
0x004D17F2,08000003
0x004D180C,080a0b0f
0x004D181F,08030101
0x004D182C,08030305
0x004D1848,080605f7
0x004D1849,08080605
0x004D1851,08070a0a
0x004D187E,0802f8f4
0x004D18E8,08050101
0x004D18FF,08050303
0x004D1959,080703fe
0x004D195C,08060308
0x004D1975,080f1516
0x004D19BE,08100ff8
0x004D19C2,080a0301
0x004D19C5,08060108
0x004D19FA,08060101
0x004D1A1F,080a02f0
0x004D1A22,08000108
0x004D1A2A,080c0a06
0x004D1B6C,080701f9
0x004D1B8A,080c0c13
0x004D1BD8,080b0606
0x004D1C22,080705f9
0x004D1C33,0801fefd
0x004D1C39,08070502
0x004D1C3D,08070307
0x004D1CA9,08141619
0x004D1CE2,08060000
0x004D1D09,080b0601
0x004D1D23,080501fd
0x004D1D9A,080a0505
0x004D1DCE,08070505
0x004D1E27,080a0703
0x004D1E31,08070502
0x004D1E3B,080c0d0c
0x004D1E86,080701f8
0x004D1E87,08080701
0x004D1E89,08070808
0x004D1E8D,080a0f0c
0x004D1E8E,08080a0f
0x004D1EFC,08070306
0x004D1F27,080b0300
0x004D1F54,080b0102
0x004D1F8B,080300fd
0x004D1FE5,080a0b11
0x004D1FFA,0807fefa
0x004D2007,0802fdf8
0x004D2009,080b0802
0x004D207D,08050602
0x004D20D2,08070503
0x004D20ED,080602f9
0x004D20F0,08050708
0x004D20F9,080c100a
0x004D2104,08111010
0x004D2142,080b0b0b
0x004D2146,080b0b07
0x004D215D,08050302
0x004D2178,08111513
0x004D21B8,08050a03
0x004D21BB,08070a08
0x004D21D5,080f1610
0x004D2236,080702fd
0x004D2238,08080807
0x004D2239,08080808
0x004D2280,08050a06
0x004D22E0,080b0c0b
0x004D22E5,0811100f
0x004D2301,080a0b0d
0x004D2303,0806080a
0x004D2318,080601f9
0x004D231B,08070608
0x004D234A,080a0c0c
0x004D2388,0803fefa
0x004D2394,08070703
0x004D23EA,0800fcf8
0x004D23F0,08030203
0x004D2402,080d0c0b
0x004D2407,08030606
0x004D244A,080b0a0a
0x004D244C,0806080b
0x004D249B,08060507
0x004D249E,08060308
0x004D24AD,08020605
0x004D24EF,08070506
0x004D24F0,08080705
0x004D2532,080503fe
0x004D254D,0805fdfd
0x004D258C,08030105
0x004D2C9E,080a03f8
0x004D2CA7,0802fe01
0x004D2CB2,0803f8f5
0x004D2CDD,080f150c
0x004D2CF4,080d0af8
0x004D2D0C,080d07fc
0x004D2D30,0806fef9
0x004D2D4B,080d130a
0x004D2DCB,080afdf2
0x004D2DF0,080d0d11
0x004D2EB8,0806f7ec
0x004D2EFC,08191a19
0x004D2F76,080c141d
0x004D2FC0,0800fd00
0x004D2FC1,080800fd
0x004D301D,08101f28
0x004D304F,08111411
0x004D3215,082bf4d3
0x004D3309,0800f5f4
0x004D3343,0801fcfd
0x004D3405,0803f705
0x004D3429,0802e6ca
0x004D3444,080c08fc
0x004D3445,08080c08
0x004D344E,0811100a
0x004D3484,08061328
0x004D3640,0806f2f3
0x004D3699,080ae1ca
0x004D373B,080100f8
0x004D3758,0805fefe
0x004D377E,0803f7d8
0x004D3813,0805faeb
0x004D3819,0806fcfc
0x004D38A3,08213630
0x004D392F,080700f9
0x004D3931,080b0807
0x004D3A01,080700f7
0x004D3A02,08080700
0x004D3A79,081d343a
0x004D3B46,08070702
0x004D3B99,080d0703
0x004D3BAA,08111d1e
0x004D3C95,0802f2ea
0x004D3C98,080c0c08
0x004D3C9D,0810130d
0x004D3CA4,08050302
0x004D3CA5,08080503
0x004D3CAF,080d110d
0x004D3CB2,080c0608
0x004D3DC3,080c0702
0x004D3E9F,0805f0ea
0x004D3EC8,0808100c
0x004D3F2E,080c0305
0x004D3FC0,080f0cfa
0x004D4096,0801f9f9
0x004D4107,0803f5ef
0x004D419F,08011a27
0x004D4203,080cf8e0
0x004D422F,080dfdee
0x004D426C,080bfe05
0x004D431D,0800f3f0
0x004D431E,080800f3
0x004D4334,080502f5
0x004D435B,08030d22
0x004D43C2,080d0705
0x004D43DB,0806fef8
0x004D43F0,0800f2eb
0x004D447C,0801f4ef
0x004D455C,08211afd
0x004D4674,080b0d13
0x004D46A7,080b0b00
0x004D46B5,08141b1a
0x004D46D6,081a1d1d
0x004D4705,080b0a05
0x004D4712,0806f2e1
0x004D482B,080b100c
0x004D4834,080c0706
0x004D48AB,08182428
0x004D4944,080c0a00
0x004D4945,08080c0a
0x004D4A6A,080b0d16
0x004D4AB6,0800f901
0x004D4B2F,0806070d
0x004D4B41,0810161a
0x004D4C00,0805fcee
0x004D4C06,08050000
0x004D4C5C,08131413
0x004D4C70,0808fdf0
0x004D4C71,080808fd
0x004D4CAC,08131511
0x004D4CBC,080a03f8
0x004D4CBE,080b080a
0x004D4CBF,08080b08
0x004D4CC5,0802fdf9
0x004D4D0F,0800f7ec
0x004D4D68,08111510
0x004D4DB8,080505fe
0x004D4DC2,0806f2e6
0x004D4E0A,080503fc
0x004D4E9B,0801f9ef
0x004D4EC7,080a07fc
0x004D4EC8,08080a07
0x004D4EEB,08141f1f
0x004D4F01,0810150d
0x004D4FDC,08100f02
0x004D5031,080b0d08
0x004D5039,0805070f
0x004D5066,08111f21
0x004D5079,0806070a
0x004D507E,08050707
0x004D507F,08080507
0x004D50DE,0805f8f0
0x004D50EE,080b0700
0x004D50FF,080c0f10
0x004D5187,0808fdee
0x004D5231,080f0f0a
0x004D5275,0807080a
0x004D5278,08100b08
0x004D529F,081b221f
0x004D52B1,0805faf7
0x004D52E0,08131a1f
0x004D52F2,0800efec
0x004D543F,0800f7ef
0x004D54D5,0800f8fd
0x004D5518,080c0f06
0x004D5519,08080c0f
0x004D5532,080c0c03
0x004D5544,080d0c0d
0x004D5665,0801fafc
0x004D56FF,0801f8f5
0x004D5731,0806070d
0x004D573D,080c0afe
0x004D5767,0806fcf7
0x004D57C2,080d05fc
0x004D57DE,08111b1e
0x004D5811,080600f8
0x004D583C,080b02e4
0x004D5841,080c0b0c
0x004D5879,080a0b0a
0x004D5893,080502fc
0x004D58A8,0800f8f0
0x004D58FF,0803faf7
0x004D592D,080200fa
0x004D59F1,0811190d
0x004D5A16,08070301
0x004D5A74,080c07fa
0x004D5A9A,080d1010
0x004D5AB6,08060100
0x004D5AC5,080f0f03
0x004D5AD4,0801f4f2
0x004D5BFB,080502fc
0x004D5C24,08131808
0x004D5C26,08070813
0x004D5CD0,08100b02
0x004D5CF1,0826372d
0x004D5D49,080d0b0d
0x004D5D8F,080705fd
0x004D5DD1,08100f0b
0x004D5E85,080d1111
0x004D5E94,0805fef4
0x004D5EA0,080600f7
0x004D5EC5,08111513
0x004D5EF0,0803fdf7
0x004D5EFD,0801f8f3
0x004D5F1B,08111819
0x004D5F2E,0802faf8
0x004D5F91,0814222c
0x004D601B,080d07f9
0x004D603E,080d0501
0x004D607B,080602f2
0x004D6156,080f1a21
0x004D616E,0813130f
0x004D61C9,0805fcf5
0x004D61E0,08070301
0x004D622C,080d0f0a
0x004D6280,081a211b
0x004D62D6,0801fefe
0x004D6301,080a03f8
0x004D6303,0806080a
0x004D6313,080b0b0a
0x004D6316,08030308
0x004D6329,08101006
0x004D6355,0802f9f5
0x004D6360,080f1108
0x004D63C0,0806fdef
0x004D63DB,080afef8
0x004D6403,08111b21
0x004D6501,08030103
0x004D65B9,080d0f0a
0x004D65DB,0803fef9
0x004D660D,0803fcfa
0x004D663E,080d1015
0x004D6652,08111a1d
0x004D6669,08050506
0x004D6681,081a1e18
0x004D66BE,08161100
0x004D6748,0801f8f4
0x004D6785,080200fd
0x004D6793,08070d0b
0x004D67A7,080f1516
0x004D67B8,08060501
0x004D683B,0805fefc
0x004D68B9,080c1314
0x004D68C4,0800faf8
0x004D6908,080a0c06
0x004D6909,08080a0c
0x004D6913,080b0f11
0x004D691E,080701fe
0x004D6933,080a0b02
0x004D6948,08050303
0x004D6949,08080503
0x004D6959,080300f9
0x004D695A,08080300
0x004D69B2,08070606
0x004D69D8,08030306
0x004D69F0,080a0701
0x004D69FF,08020000
0x004D6A2C,080501fe
0x004D6A2D,08080501
0x004D6A2E,08080805
0x004D6A4B,080b0b06
0x004D6A4C,08080b0b
0x004D6A8F,08070502
0x004D6A9A,0800f3f3
0x004D6AAE,080c07fe
0x004D6AC2,080c0f07
0x004D6AF3,080f1815
0x004D6B13,08080703
0x004D6B1B,0803f4ee
0x004D6B67,080a0afe
0x004D6B73,08060305
0x004D6B9F,080f110c
0x004D6BBB,08030001
0x004D6BBE,080a0b08
0x004D6BEA,080c0f0d
0x004D6C01,0803fdfd
0x004D6C7F,080a0302
0x004D6C80,08080a03
0x004D6C81,0808080a
0x004D6CC2,080a0c0f
0x004D6CDA,08060502
0x004D6E32,0802faf3
0x004D6E33,080802fa
0x004D6E51,08070503
0x004D6E52,08080705
0x004D6E93,080b0b0c
0x004D6EA0,08070603
0x004D6EA1,08080706
0x004D6EA2,08080807
0x004D6EA6,080c0c0c
0x004D6EBA,0802fd00
0x004D6EC3,080b0c08
0x004D6F40,08070500
0x004D6F4D,080500fe
0x004D6F4E,08080500
0x004D6F50,080b0808
0x004D6F65,080b0c0b
0x004D6F6C,08131b18
0x004D6F8A,080b0c0d
0x004D6F9C,080701fc
0x004D6FDB,080c06fa
0x004D6FE1,08060505
0x004D7041,080601f9
0x004D7052,080603fd
0x004D7083,08060100
0x004D70C1,08070301
0x004D70C2,08080703
0x004D70C3,08080807
0x004D70FF,080a0c06
0x004D7125,08070b0d
0x004D7126,0808070b
0x004D7160,080500f8
0x004D7162,080b0805
0x004D7180,08070507
0x004D7188,0801fef7
0x004D71E3,080d0d0f
0x004D71F8,080600fd
0x004D7237,080d0a02
0x004D7251,0800f9fc
0x004D727D,080b0f10
0x004D72B3,080d1110
0x004D72C5,080300fa
0x004D72C8,080c0a08
0x004D72E6,0807070b
0x004D72E7,08080707
0x004D7310,08060202
0x004D7324,0802fdfa
0x004D7325,080802fd
0x004D7353,080a0c0f
0x004D73A1,080d130f
0x004D73BB,08050107
0x004D73EE,0807fef5
0x004D73EF,080807fe
0x004D7415,080b0a07
0x004D7426,080a0503
0x004D7481,080c1313
0x004D74A3,0801f3ea
0x004D74F1,08060501
0x004D751C,0800fafc
0x004D7571,080d1313
0x004D75A0,080301fc
0x004D75A1,08080301
0x004D75AA,0801f7ef
0x004D75D7,080202fd
0x004D75D8,08080202
0x004D75D9,08080802
0x004D75F0,0801fcfa
0x004D761A,0802f5ee
0x004D761B,080802f5
0x004D7637,0800f9f2
0x004D7687,080f1114
0x004D7697,080c0a08
0x004D76AC,080d1513
0x004D76DC,080d0f0a
0x004D76F0,0805fdf7
0x004D76F6,0801fdf9
0x004D76FD,080d1013
0x004D772E,080b0b0a
0x004D772F,08080b0b
0x004D7747,08050505
0x004D7748,08080505
0x004D7768,08111515
0x004D777F,080b0705
0x004D77CC,080c0b0a
0x004D77DE,0811140f
0x004D781F,0811140d
0x004D782D,080d1010
0x004D787E,080f0d0b
0x004D7904,080b02fc
0x004D7914,0800f7f2
0x004D7922,080a06fd
0x004D7945,080707fd
0x004D79AD,0802fcf7
0x004D79C1,08020202
0x004D79DF,0802f9f0
0x004D79F7,080501fe
0x004D79FA,080b0c08
0x004D7A19,08060606
0x004D7A72,080f0d08
0x004D7ADA,0805fef8
0x004D7AEC,080a0a0b
0x004D7B18,0805fef4
0x004D7B58,0802faf5
0x004D7BC7,080b0700
0x004D7BD8,080a0707
0x004D7BDE,080f110c
0x004D7BEB,080b0c06
0x004D7C1C,080c1413
0x004D7C2C,08101311
0x004D7C8A,080b05fc
0x004D7CBD,080c0d06
0x004D7D23,080502fd
0x004D7D24,08080502
0x004D7D65,080505fe
0x004D7D66,08080505
0x004D7DE7,080c0c06
0x004D7DE8,08080c0c
0x004D7E38,0807060a
0x004D7E70,0801f9f8
0x004D7E71,080801f9
0x004D7E77,080d0d0c
0x004D7E8C,08050201
0x004D7EDF,080303fd
0x004D7EE1,080a0803
0x004D7EEE,08050a07
0x004D7F59,080a0a07
0x004D7F5A,08080a0a
0x004D7F5B,0808080a
0x004D7F6E,080a0705
0x004D8024,080701fe
0x004D806F,0802fefe
0x004D80B1,0802faf8
0x004D80CB,08100f11
0x004D8103,08070703
0x004D8113,0800faf5
0x004D8123,08060303
0x004D8125,08070806
0x004D814C,0800faf7
0x004D814F,08131008
0x004D81AC,080d1010
0x004D81AE,0807080d
0x004D81B7,0802faf5
0x004D81BA,08070708
0x004D8225,08110d01
0x004D828E,080b0c0a
0x004D82B6,080a0b0c
0x004D82FB,0803f9f4
0x004D8315,080603fd
0x004D8318,080b0b08
0x004D8360,080d0c07
0x004D83CC,080b0d0f
0x004D83D2,08070601
0x004D83D6,080c0c0c
0x004D83D8,080b080c
0x004D83E5,08030101
0x004D83FB,0806fefe
0x004D843D,080302fe
0x004D8484,0810161a
0x004D8561,08070603
0x004D8565,080c0b07
0x004D85A0,080b0a0a
0x004D85A7,08070703
0x004D85DC,080d110d
0x004D85F4,08050505
0x004D8602,0803fdf7
0x004D860A,080a0b0a
0x004D8640,080c0d0c
0x004D8645,0803fdfd
0x004D8655,0805060a
0x004D866A,080c0a05
0x004D8699,080a0603
0x004D869A,08080a06
0x004D86BA,08151d1b
0x004D86D0,080d0d0d
0x004D86E6,080b0b0a
0x004D86EB,0800f8fc
0x004D86ED,080c0800
0x004D873E,08050301
0x004D8760,08030105
0x004D876E,080d0d0f
0x004D8798,080502fd
0x004D879A,080b0805
0x004D885D,08030201
0x004D885E,08080302
0x004D8861,080b0a08
0x004D8864,08050608
0x004D8873,08070708
0x004D88BA,080b0a05
0x004D88C3,0802f8f2
0x004D890C,08030200
0x004D898B,0806fef8
0x004D8999,08060705
0x004D8A07,080d0b0a
0x004D8A0D,08060201
0x004D8A1F,080d0f05
0x004D8A44,0803fdf7
0x004D8A54,080601fa
0x004D8A57,080b0b08
0x004D8A5E,080b0703
0x004D8A92,080c0c05
0x004D8ACD,08050306
0x004D8AD3,080a0b0d
0x004D8B42,080b0f0d
0x004D8B5A,080702fc
0x004D8B76,08060202
0x004D8BC6,0806fdee
0x004D8BE3,080501fa
0x004D8BE5,08060805
0x004D8C05,080201fd
0x004D8C3A,0802f4f0
0x004D8C42,0803faf0
0x004D8C7F,08131410
0x004D8C88,080602fd
0x004D8C9D,080a0a05
0x004D8CB6,080200fc
0x004D8CB7,08080200
0x004D8CF9,080806fd
0x004D8D34,080702fa
0x004D8D4F,08070605
0x004D8D51,08070807
0x004D8DAF,080b0c0f
0x004D8DB1,0807080b
0x004D8DC9,08050606
0x004D8DD5,080afee6
0x004D8E11,080b06f9
0x004D8E83,0806fef8
0x004D8E86,080f0f08
0x004D8EA9,0802fcfc
0x004D8EF6,0802fdfa
0x004D8F0C,080b0f0d
0x004D8F14,0805fcf5
0x004D8FA8,080f110f
0x004D900A,0803fef9
0x004D9029,080b0c0b
0x004D9040,080a0a05
0x004D90BC,0805fefd
0x004D90CD,0800faf8
0x004D9105,0805faf2
0x004D915E,08030101
0x004D91A1,08050606
0x004D91EB,080d0b02
0x004D9257,08030502
0x004D9276,0801fdf8
0x004D92CD,08070201
0x004D934C,08050500
0x004D938C,080d0b06
0x004D93B2,080c0a01
0x004D93BB,0800f2ee
0x004D93BC,080800f2
0x004D93D0,080702fd
0x004D941F,080300f8
0x004D9421,08060803
0x004D9461,080f0a03
0x004D9471,080502fe
0x004D9472,08080502
0x004D94AB,08060201
0x004D94AF,080b0c0a
0x004D94FA,080a0b0d
0x004D94FB,08080a0b
0x004D953F,08060202
0x004D9580,08080707
0x004D9586,080a0605
0x004D9587,08080a06
0x004D95E6,080a0c0b
0x004D9660,080b0c0f
0x004D96B3,080502fd
0x004D96F1,08050502
0x004D973B,08070502
0x004D973C,08080705
0x004D9772,08060201
0x004D9782,08050702
0x004D97BE,080b0c0a
0x004D97FC,08050102
0x004D9865,0801fefa
0x004D9868,080b0d08
0x004D98C2,080600f8
0x004D992A,08070202
0x004D9964,0800f0e9
0x004D996A,080b0b0f
0x004D9992,080a0603
0x004D9997,080a0a07
0x004D99C7,08070a06
0x004D99CB,080c0b0a
0x004D99D5,08070605
0x004D99EC,08070301
0x004D9A51,08050502
0x004D9A85,08030303
0x004D9A86,08080303
0x004D9A87,08080803
0x004D9A89,080b0808
0x004D9A8B,080a080b
0x004D9ADE,08030105
0x004D9ADF,08080301
0x004D9AE1,080b0808
0x004D9B19,080b0a05
0x004D9B1C,08070a08
0x004D9BAB,08060506
0x004D9BB9,08050101
0x004D9BBE,080b0c0c
0x004D9C0E,080b0b06
0x004D9C1F,080500fd
0x004D9C20,08080500
0x004D9CA7,08070706
0x004D9CA8,08080707
0x004D9CE7,08070503
0x004D9D79,08070603
0x004D9DEA,080301fd
0x004D9E28,080a0500
0x004D9E55,08060605
0x004D9FFC,08080707
0x004DA024,080300f7
0x004DA025,08080300
0x004DA0BD,08050200
0x004DA0BE,08080502
0x004DA0BF,08080805
0x004DA1BD,080a0707
0x004DA3FD,08060702
0x004DA4A8,08060601
0x004DA51D,08070707
0x004DA69B,08050503
0x004DA732,08050505
0x004DA784,08030302
0x004DA786,080a0803
0x004DA815,08070605
0x004DA88A,080601fe
0x004DAAA2,08070303
0x004DAAA4,08070807
0x004DAC21,08060200
0x004DAC22,08080602
0x004DAD55,080a0706
0x004DADDB,08070502
0x004DB027,08070603
0x004DB1EA,08070706
0x004DB1EB,08080707
0x004DD11E,0808fcfd
0x004DD205,08020600
0x004DD24F,0806140c
0x004DD2C5,08030d00
0x004DD332,080c0200
0x004DD36F,080f14e2
0x004DD3C8,0818faf2
0x004DD3CC,0813e9ea
0x004DD4BF,08020c01
0x004DD4D4,0807d9d9
0x004DD4EB,0800d403
0x004DD51D,080101f2
0x004DD524,0808f0f7
0x004DD52D,0802f8eb
0x004DD577,080f19ef
0x004DD644,0826dd00
0x004DD6F9,081e14f2
0x004DD71A,082b3408
0x004DD8AC,08030642
0x004DD9A7,084b3222
0x004DD9B3,0807130f
0x004DDBF3,08262627
0x004DE0AB,082432e2
0x004DE190,08392701
0x004DE1BA,08013d26
0x004DE1F2,08014444
0x004DE3CE,08013210
0x004DE4DD,08071507
0x004DE56E,081b08eb
0x004DE5D4,080f0ff4
0x004DE62E,0807211e
0x004DE74A,080d1eeb
0x004DE90F,0810e6b3
0x004DE961,080c1018
0x004DE9B9,08031914
0x004DEB86,0810211b
0x004DEC42,08343b06
0x004DED4D,08000010
0x004DEE84,08030c0d
0x004DEE93,08191f00
0x004DEE94,0808191f
0x004DEEED,08081514
0x004DF0D7,080102fc
0x004DF139,0800fd0f
0x004DF140,0808f703
0x004DF17F,080aeee6
0x004DF28B,080c1913
0x004DF299,0808f700
0x004DF332,081e0cf7
0x004DF337,0832fae6
0x004DF393,080f03e6
0x004DF399,080c1e1a
0x004DF3BE,080300f5
0x004DF403,0806d7dc
0x004DF45D,081315ef
0x004DF554,080ffade
0x004DF5DB,0813101b
0x004DF5DD,08060813
0x004DF5E9,080308f2
0x004DF64A,080d06e0
0x004DF65F,080807f0
0x004DF660,08080807
0x004DF668,08031813
0x004DF6E3,08011a03
0x004DF71D,0803f800
0x004DF885,080007dd
0x004DF89A,08260dd9
0x004DF944,080d1427
0x004DFA12,08081e32
0x004DFA19,081e220f
0x004DFA2A,080c0318
0x004DFA67,0803100d
0x004DFA68,08080310
0x004DFAF9,081b13e2
0x004DFB2E,080f0ff4
0x004DFB40,080a1e2d
0x004DFB44,080d2419
0x004DFC3A,080c1f1e
0x004DFC6F,082b3022
0x004DFC75,08101a0c
0x004DFC76,0808101a
0x004DFCA0,08011915
0x004DFD76,0808151e
0x004DFE6C,081503fd
0x004DFE6F,080c0f08
0x004DFEB2,08070a0d
0x004DFEC9,08273424
0x004DFECA,08082734
0x004DFEE7,0800ebfd
0x004DFF09,08100a03
0x004DFF40,080d0f0f
0x004DFF9E,080f1900
0x004DFFC6,0802101b
0x004DFFC8,08130802
0x004DFFE4,080a2429
0x004E0088,0803f7f2
0x004E009D,08082429
0x004E00E7,080a130c
0x004E00F7,08062621
0x004E0103,08010607
0x004E0104,08080106
0x004E020D,080a0603
0x004E021F,080f1910
0x004E0234,0807faf2
0x004E02B5,080007f5
0x004E03BF,0803fc07
0x004E03E9,080f00f4
0x004E041D,08060f00
0x004E043B,0802f5ef
0x004E0453,08060f19
0x004E0526,08070afd
0x004E0532,081e1a15
0x004E055E,0808151a
0x004E0565,08000113
0x004E05A8,08001410
0x004E05B6,08031a19
0x004E07BE,080d0d0d
0x004E0817,08060202
0x004E081B,08060203
0x004E0829,0813131f
0x004E0843,08030d1e
0x004E0884,08000602
0x004E08E8,0807f4eb
0x004E0947,08020101
0x004E0968,080c1007
0x004E096F,08081415
0x004E099B,08010202
0x004E09A8,0807030a
0x004E09AA,080c0807
0x004E09D9,08101306
0x004E0A85,08182b26
0x004E0ABF,080c130c
0x004E0B2D,0801eeea
0x004E0B4A,0803faf2
0x004E0B7D,0803fdf8
0x004E0BBD,080a01f0
0x004E0BBF,080c080a
0x004E0BEA,0815241a
0x004E0C05,08020606
0x004E0C09,0803070a
0x004E0C12,0813190d
0x004E0C45,08080c0a
0x004E0C5E,0800f7ea
0x004E0CC8,080600fc
0x004E0CDF,080d1f22
0x004E0CF3,080f1018
0x004E0D38,0801fa01
0x004E0D40,080a180c
0x004E0F82,08030818
0x004E0F8A,08060602
0x004E0F9A,0802060c
0x004E1049,0800f7fd
0x004E104D,080d1514
0x004E1070,080a0f0d
0x004E107B,080a0f10
0x004E10AF,080d0c0a
0x004E10B0,08080d0c
0x004E10C6,080d1515
0x004E1183,080d0c07
0x004E118A,080c0c07
0x004E118E,080c100f
0x004E11A0,08071014
0x004E11B4,08070a0f
0x004E11B5,0808070a
0x004E11C2,08030710
0x004E128A,08020102
0x004E1291,080c0f0c
0x004E1297,080100fd
0x004E1299,080a0801
0x004E136D,0801f4f2
0x004E137F,0800fa00
0x004E1390,0810100c
0x004E1395,08030001
0x004E1396,08080300
0x004E13A3,08030101
0x004E13D4,080703fd
0x004E13E8,080d191e
0x004E140F,080d0d0f
0x004E1410,08080d0d
0x004E14CE,08070706
0x004E14D2,080a0302
0x004E14E9,0807fdfd
0x004E14EA,080807fd
0x004E14F3,080a0c0c
0x004E14F9,0803030d
0x004E1503,08101003
0x004E1524,08130d06
0x004E1540,0802fafc
0x004E1541,080802fa
0x004E1571,0800fcfd
0x004E1579,0801fcfd
0x004E158E,08030602
0x004E15DE,08100d07
0x004E164B,080c0a0d
0x004E1661,08000101
0x004E168C,080d0f0f
0x004E1718,080301fa
0x004E1719,08080301
0x004E1723,080d100f
0x004E1726,08010208
0x004E1732,08060a0f
0x004E174F,08070607
0x004E175A,080d100c
0x004E1783,08060700
0x004E1784,08080607
0x004E1785,08080806
0x004E178E,0801020d
0x004E1790,080a0801
0x004E17A7,08060707
0x004E17A8,08080607
0x004E17B1,08060707
0x004E17B2,08080607
0x004E184E,080a0f08
0x004E1852,08030003
0x004E1877,0803f2f2
0x004E187A,08030708
0x004E18AB,080c0f0c
0x004E18AC,08080c0f
0x004E18DA,08020003
0x004E194C,0802fcfa
0x004E1978,080c1013
0x004E19AD,080d1513
0x004E19AE,08080d15
0x004E19B5,08020102
0x004E19CD,0803fc01
0x004E1A3D,080601fc
0x004E1A3E,08080601
0x004E1A75,0800020a
0x004E1A79,080d0f0f
0x004E1A7E,0801f5fa
0x004E1AA6,0803f8f4
0x004E1AA9,08060308
0x004E1AB0,08070c0a
0x004E1AB3,080a0708
0x004E1AC0,08060201
0x004E1AD4,080a0706
0x004E1ADE,08101b14
0x004E1ADF,0808101b
0x004E1AE8,080a0302
0x004E1B1A,08070a07
0x004E1B1F,080a0701
0x004E1BA4,080c06fd
0x004E1BC7,080c0a0c
0x004E1BCC,08060606
0x004E1BE8,080c1019
0x004E1BEB,080a0708
0x004E1C0F,08060200
0x004E1C40,0803020a
0x004E1CCD,0806fdf4
0x004E1CDC,080a0703
0x004E1D3A,08070a0f
0x004E1D44,080701fa
0x004E1D51,080a0c0a
0x004E1D57,0807030d
0x004E1D59,080c0807
0x004E1D5B,0803080c
0x004E1D5C,08080308
0x004E1D62,0813140d
0x004E1D70,080f130f
0x004E1D77,08010203
0x004E1D7E,080d140f
0x004E1D97,080d0f0a
0x004E1D9E,0802fd03
0x004E1DA1,08060a08
0x004E1DA2,0808060a
0x004E1DA3,08080806
0x004E1E02,0801f8fc
0x004E1E7B,08060202
0x004E1EA2,08070a07
0x004E1EAD,08060a10
0x004E1EAE,0808060a
0x004E1EAF,08080806
0x004E1EB0,08080808
0x004E1EB1,08080808
0x004E1EB2,08080808
0x004E1EB3,08080808
0x004E1EB5,080c0808
0x004E1EBA,080d1003
0x004E1EC7,08070607
0x004E1EF4,080a0a07
0x004E1EF8,08070d07
0x004E1FD9,080a0807
0x004E1FDD,080a0706
0x004E1FE8,0802fcf8
0x004E1FF0,08060601
0x004E1FF2,08070806
0x004E1FF6,080c100c
0x004E203A,08070a0f
0x004E203C,080a0807
0x004E212B,08070a0f
0x004E212C,0808070a
0x004E2141,0803fcfa
0x004E2158,080601fc
0x004E2159,08080601
0x004E2170,0800fafd
0x004E2175,080c0f0d
0x004E2177,0806080c
0x004E217C,080f100f
0x004E222D,080200fa
0x004E2233,080d0c07
0x004E2237,08070706
0x004E2238,08080707
0x004E224F,080a0707
0x004E2259,08060a06
0x004E227E,080f0d08
0x004E227F,08080f0d
0x004E2299,08070706
0x004E229D,08060607
0x004E22A2,080c0c0a
0x004E2364,080c0f14
0x004E2384,08070706
0x004E23B8,080c0a07
0x004E23BF,080d0c07
0x004E23C2,080a0708
0x004E23CD,080d0f10
0x004E23CE,08080d0f
0x004E247C,08060202
0x004E247E,080c0806
0x004E249F,080d0d08
0x004E24A0,08080d0d
0x004E24A1,0808080d
0x004E24AC,08060a0c
0x004E24C4,080c0a0a
0x004E24CB,08100d0f
0x004E24DF,08080d10
0x004E24E0,0808080d
0x004E24E3,08070608
0x004E25A3,080602fd
0x004E25C4,08060101
0x004E25EF,080c0f07
0x004E25F5,080d0a07
0x004E25F8,080a0708
0x004E2600,080c0f10
0x004E2602,0803080c
0x004E2630,080c0d0d
0x004E26D9,080a0703
0x004E26DF,080a0703
0x004E26E4,080a0707
0x004E270F,08020000
0x004E2711,08070802
0x004E2713,08070807
0x004E2715,08070807
0x004E2723,08070707
0x004E2762,08030106
0x004E2877,08060303
0x004E2878,08080603
0x004E2887,08060606
0x004E288A,08070708
0x004E288B,08080707
0x004E2942,08070706
0x004E2943,08080707
0x004E2953,08060303
0x004E2956,080c0c08
0x004E295A,080a0a07
0x004E29F1,080200fc
0x004E2A00,08060202
0x004E2A07,08060707
0x004E2A08,08080607
0x004E2A20,0806060c
0x004E2A21,08080606
0x004E2A23,080c0808
0x004E2A3A,080d0d0d
0x004E2A3E,080c0a06
0x004E2AA3,08070607
0x004E2AA5,080c0807
0x004E2AA9,080a0c0a
0x004E2B5B,08070706
0x004E2B8D,080601fd
0x004E2B94,08060703
0x004E2C54,0802fd00
0x004E2C56,080c0802
0x004E2C62,08060606
0x004E2C67,080c0d0a
0x004E2C68,08080c0d
0x004E2D78,08060703
0x004E2D8A,08060606
0x004E2D8B,08080606
0x004E2D8C,08080806
0x004E2DCB,08060607
0x004E2DCC,08080606
0x004E2EC8,08060707
0x004E2EC9,08080607
0x004E2ED6,080a0607
0x004E2ED7,08080a06
0x004E2EDD,080a0a07
0x004E2EDE,08080a0a
0x004E2EDF,0808080a
0x004E2EE5,08030307
0x004E2EE7,080a0803
0x004E2EE8,08080a08
0x004E2EE9,0808080a
0x004E2FB9,08060101
0x004E3FFF,080702fe
0x004E4022,08090601
0x004E4024,080a0809
0x004E405E,080500ff
0x004E4064,08060604
0x004E4065,08080606
0x004E4083,0801fafa
0x004E40AF,08040706
0x004E40F3,08040607
0x004E4100,080602fb
0x004E4101,08080602
0x004E410F,0805fdf7
0x004E4138,0800feff
0x004E413B,080e0f08
0x004E415E,080701fd
0x004E4176,0805fffe
0x004E4205,0808fef6
0x004E4295,0808fff9
0x004E4372,080b121c
0x004E43BE,0802fef1
0x004E441C,080b0d08
0x004E44DD,08201f0d
0x004E4521,080f0d0d
0x004E454B,0801f3f8
0x004E4587,08030300
0x004E45B3,080b0906
0x004E45D4,080f1714
0x004E45FF,080e0e0b
0x004E469D,080c0b05
0x004E46B8,0801fcfd
0x004E47BF,080600ff
0x004E47E4,08070605
0x004E47E6,08090807
0x004E483F,080f100e
0x004E486F,08060707
0x004E487D,080b05fe
0x004E48A2,080401fe
0x004E48AC,0802fbf6
0x004E48D4,08090700
0x004E48E6,08050b11
0x004E4903,08050404
0x004E4938,0801faf9
0x004E493B,08090c08
0x004E4972,0804fefe
0x004E49D0,080d0e06
0x004E4A1A,08050100
0x004E4A54,0802faf5
0x004E4A7A,08131712
0x004E4AA6,0804fef7
0x004E4B27,0801060a
0x004E4B2E,0808f8e8
0x004E4B4C,080501fc
0x004E4BF6,080f1208
0x004E4C17,080902fb
0x004E4C34,0805070b
0x004E4C35,08080507
0x004E4E45,0805f5ed
0x004E4EB0,0806f9ed
0x004E4EB1,080806f9
0x004E4F50,080a0f0f
0x004E4F91,0802fdf4
0x004E4FD9,080d06fe
0x004E4FE9,080a100c
0x004E500D,08111713
0x004E5017,0803feff
0x004E50EE,08050a10
0x004E510F,080905ff
0x004E5123,08060502
0x004E5153,08090705
0x004E516B,080d0afe
0x004E5187,081b2623
0x004E5199,081c1b12
0x004E523C,080a0e11
0x004E5267,0802faf6
0x004E5283,080a0905
0x004E5290,080d0f0e
0x004E52B4,08090707
0x004E52C5,08131308
0x004E5323,0802fdf4
0x004E5324,080802fd
0x004E535B,080e0b04
0x004E5373,080d0f0e
0x004E537C,080600fc
0x004E5382,08070709
0x004E53E9,080c0d0a
0x004E53F4,0806fef5
0x004E53F6,08090806
0x004E53F8,08090809
0x004E53F9,08080908
0x004E544F,080a0e0d
0x004E5450,08080a0e
0x004E54EB,0804faf2
0x004E551E,080c03f7
0x004E5555,080900f8
0x004E5598,080b0f11
0x004E55B8,080b0b01
0x004E55F4,0804fcf7
0x004E5600,0802f9f2
0x004E5624,0803f4ef
0x004E562F,0800fdff
0x004E566F,08020002
0x004E5684,080c0f0b
0x004E56AA,080d0b06
0x004E56F7,0803fffc
0x004E56F9,080b0803
0x004E5706,080601fe
0x004E5707,08080601
0x004E573D,0802faf9
0x004E574F,08070501
0x004E5785,08030a0f
0x004E57C5,080d06fc
0x004E5813,08040001
0x004E581D,08060302
0x004E581E,08080603
0x004E585F,080602ff
0x004E58B0,080c0d0b
0x004E58B1,08080c0d
0x004E58F2,080c0c09
0x004E5900,08060506
0x004E5A0B,08070605
0x004E5A87,08060404
0x004E5A99,0804fef8
0x004E5AC0,08070709
0x004E5B2D,080a0b06
0x004E5B2F,0807080a
0x004E5B6B,08070502
0x004E5B75,08060605
0x004E5B78,080b0c08
0x004E5B8A,08070405
0x004E5BB7,080601fe
0x004E5BD3,0804fffd
0x004E5C1E,0805fefa
0x004E5C2D,080b0a02
0x004E5C2E,08080b0a
0x004E5C68,080dfce6
0x004E5CB8,0803f8ef
0x004E5CD4,080e0d02
0x004E5CF2,080f07f8
0x004E5D3B,08100bfc
0x004E5D9B,080903fa
0x004E5DB5,080701fa
0x004E5DC6,0800f6f1
0x004E5DFF,08100e00
0x004E5E1D,0806fff5
0x004E5E55,08060702
0x004E5E58,080b0a08
0x004E5E60,0803fdf8
0x004E5EF0,0800fcf8
0x004E5F3A,080f0b05
0x004E5FA0,080f1417
0x004E5FAF,08121714
0x004E5FD0,08131512
0x004E5FEB,08050807
0x004E6012,0805fffa
0x004E601E,08040200
0x004E6049,0803faf8
0x004E604F,08070601
0x004E6064,08191b19
0x004E60B7,0807f9e8
0x004E60C6,08060706
0x004E60CF,080d0b02
0x004E6101,08020305
0x004E620D,08040200
0x004E6250,080b0c0d
0x004E625F,080501fc
0x004E626C,08010002
0x004E635F,08070503
0x004E63A8,080e0a03
0x004E63E1,08090604
0x004E63F6,08030300
0x004E6435,08010104
0x004E6473,080603ff
0x004E648A,0802fefb
0x004E64D5,08050404
0x004E64E3,08050302
0x004E64E4,08080503
0x004E64FD,0805fffb
0x004E6501,080b0b09
0x004E654C,080b0b07
0x004E6571,080b0905
0x004E657C,080401fd
0x004E657F,080b0a08
0x004E65A8,08070605
0x004E65A9,08080706
0x004E65FB,080300fc
0x004E6659,08050304
0x004E6689,08070402
0x004E66FA,08070603
0x004E674E,080b0907
0x004E676F,08090601
0x004E6770,08080906
0x004E678B,08040302
0x004E6794,08040202
0x004E6807,080602ff
0x004E68AC,0805fefb
0x004E68D4,08090500
0x004E68FB,08090500
0x004E6914,080702fa
0x004E698A,0803fffb
0x004E699D,080b0905
0x004E69CF,080602fe
0x004E69EB,08060401
0x004E6B10,08070707
0x004E6B4F,08060302
0x004E6BDF,080b06fd
0x004E6C07,080d0e02
0x004E6C0A,08070408
0x004E6C0B,08080704
0x004E6C0E,080c0b08
0x004E6C19,08050502
0x004E6C1A,08080505
0x004E6C23,0800f6f1
0x004E6C35,0807fef3
0x004E6C54,0802ffff
0x004E6C7C,08090400
0x004E6C89,080601fc
0x004E6C8D,080a0907
0x004E6D38,080901fc
0x004E6D61,081a0cf1
0x004E6DC4,08070406
0x004E6DDA,0803f3f0
0x004E6E20,080300fd
0x004E6E28,080702f6
0x004E6E9E,08090906
0x004E6EAF,08010105
0x004E6EFF,080a0a05
0x004E6F6E,0801faf7
0x004E6F6F,080801fa
0x004E6F72,08070608
0x004E6F73,08080706
0x004E70E6,0802fbf6
0x004E70ED,08060307
0x004E70EE,08080603
0x004E7115,08060c0e
0x004E711C,0804ff04
0x004E7141,08020a0b
0x004E71A5,080203fc
0x004E71C5,080702ff
0x004E71F5,08040404
0x004E71FC,080b0b06
0x004E722D,0805040a
0x004E725C,08060102
0x004E7260,08020005
0x004E7297,08050005
0x004E72DB,080a0400
0x004E72DE,08070708
0x004E72DF,08080707
0x004E730C,080601fc
0x004E732F,080e0902
0x004E73A2,080700fb
0x004E73A7,0813120b
0x004E73F3,080a0704
0x004E73F6,080a0708
0x004E7418,0801ffff
0x004E743C,0803fcf6
0x004E745F,08182424
0x004E7482,080400ff
0x004E74B5,0804fcfa
0x004E74B6,080804fc
0x004E74F2,080809ff
0x004E7552,0802fdfb
0x004E7557,08090c0b
0x004E75A9,0805fef8
0x004E75B8,0805fef6
0x004E75B9,080805fe
0x004E75DE,0813140d
0x004E7614,08030202
0x004E7638,080c0d10
0x004E7643,08030100
0x004E7653,08060606
0x004E7682,08060201
0x004E7707,08020004
0x004E7711,0804020a
0x004E771A,0811120b
0x004E7759,080f09f6
0x004E775B,0804080f
0x004E7771,080afef3
0x004E779C,0805fef5
0x004E77AB,0801fdf9
0x004E77BF,0800f9fa
0x004E77F3,0808fef7
0x004E7821,080d100e
0x004E7823,0805080d
0x004E782D,080d0d07
0x004E7839,0801fdfb
0x004E783A,080801fd
0x004E7840,0805fef6
0x004E7875,0805fbf8
0x004E78D8,08070305
0x004E792F,080603ff
0x004E7986,08060602
0x004E7988,08070806
0x004E798A,08080807
0x004E79E4,080601ff
0x004E7A48,08050506
0x004E7A71,08070202
0x004E7A97,08060302
0x004E7A98,08080603
0x004E7A9D,08090d0f
0x004E7AAF,0804fffe
0x004E7AB0,080804ff
0x004E7ABD,080300fd
0x004E7AC9,080602ff
0x004E7ADA,08060709
0x004E7AF6,080a01f6
0x004E7B89,08050302
0x004E7B8A,08080503
0x004E7B8D,08070608
0x004E7BB3,08050605
0x004E7BB4,08080506
0x004E7BB9,08070503
0x004E7BBA,08080705
0x004E7BE2,080301ff
0x004E7C7A,080b0c06
0x004E7C88,08090602
0x004E7C8D,08070406
0x004E7D3B,080703ff
0x004E7D3C,08080703
0x004E7DE3,08060202
0x004E7E08,08060200
0x004E7E6B,080d130f
0x004E7EAF,08040300
0x004E7EB4,08040408
0x004E7F47,0802fefd
0x004E7FFC,08060504
0x004E81C9,08090501
0x004E81E8,08050200
0x004E822E,0804fff9
0x004E8362,08080703
0x004E838C,08070605
0x004E83C1,080c0c0b
0x004E842A,0800f7f0
0x004E84BB,08090606
0x004E84D8,080f1109
0x004E84FB,08111511
0x004E859C,080903f8
0x004E85A0,08070b0a
0x004E85CF,08090502
0x004E85D8,080200ff
0x004E861C,08090501
0x004E8652,0805fcf6
0x004E8664,0805fcf7
0x004E869B,08010000
0x004E871F,080702fd
0x004E874E,08060202
0x004E8774,0800f5f5
0x004E8778,08070b0e
0x004E879F,08090400
0x004E87BD,08030101
0x004E87F6,080c0910
0x004E888D,080e0d0c
0x004E8902,0805fbf7
0x004E890A,08040500
0x004E8922,0803f8ef
0x004E898A,0800f8fe
0x004E8A88,08130df8
0x004E8A8A,08000813
0x004E8AA4,0802efe2
0x004E8B12,08201507
0x004E8B6A,08120bfc
0x004E8BD2,0802ede1
0x004E8BE5,080000fb
0x004E8C32,080c01f6
0x004E8CED,08020507
0x004E8D65,0802fcfb
0x004E8D97,080d05f4
0x004E8DCF,080e04f9
0x004E8E44,08110af7
0x004E8E4E,0806f9f2
0x004E8E5D,080909ff
0x004E8E7D,0804fefa
0x004E8ECC,08060407
0x004E8EEB,0801f8f3
0x004E8F2C,08050407
0x004E8F6F,08121811
0x004E8FA1,0807fdf8
0x004E8FA2,080807fd
0x004E8FF1,080a0a07
0x004E9005,080904f8
0x004E904E,0808fff2
0x004E904F,080808ff
0x004E90F1,0801fc05
0x004E9116,08090303
0x004E9127,080b02f9
0x004E915A,0813140f
0x004E9183,080e110a
0x004E9184,08080e11
0x004E919F,08050400
0x004E91A6,080d0a06
0x004E91DE,08130e09
0x004E91FC,08060501
0x004E9286,080f0df9
0x004E929F,080f0e01
0x004E92A0,08080f0e
0x004E92C9,0802f9f3
0x004E92CA,080802f9
0x004E9300,080903fd
0x004E938C,0806070a
0x004E9403,08100f07
0x004E9433,080b0b05
0x004E9467,080a0400
0x004E9475,0803fcf5
0x004E949F,08090704
0x004E94A1,08050809
0x004E94BE,080a04fa
0x004E94C5,08070604
0x004E9505,080603ff
0x004E9562,080903fc
0x004E95EE,080e0af6
0x004E9645,080d1918
0x004E96E5,0801ff0f
0x004E988C,08040109
0x004E9927,080701f9
0x004E992F,081207fa
0x004E999A,0803fd04
0x004E9A54,080902ff
0x004E9A7D,080f0d05
0x004E9A86,0803faf7
0x004E9A87,080803fa
0x004E9B12,080703fd
0x004E9B32,08101107
0x004E9B46,0802fbfb
0x004E9B61,080d0b09
0x004E9B9D,0802f9f6
0x004E9BBB,0807fdf3
0x004E9BE3,080600fe
0x004E9C69,08050405
0x004E9CE6,080601ff
0x004E9D5F,080c0a13
0x004E9DF3,08161908
0x004E9DF4,08081619
0x004E9E71,080d0f02
0x004E9EA8,080b1311
0x004E9EAA,0809080b
0x004E9EB2,080701ff
0x004E9EE3,080f08f8
0x004E9EF1,080f03f3
0x004E9F28,08040005
0x004E9F5F,0801f9fd
0x004E9F71,080701ff
0x004E9FC6,080a0501
0x004E9FDC,08030102
0x004E9FFB,080a0706
0x004EA06D,0802ff01
0x004EA074,080e08fd
0x004EA0CF,080300fd
0x004EA0D7,080901fb
0x004EA12A,08050505
0x004EA13F,0805fffd
0x004EA148,0800fbfe
0x004EA14D,0801fdff
0x004EA1BC,08090200
0x004EA1F1,08060201
0x004EA294,0803fdfd
0x004EA2A1,0803ff01
0x004EA2AE,080704f9
0x004EA35A,08050100
0x004EA35B,08080501
0x004EA42B,08050201
0x004EA42C,08080502
0x004EA635,08070403
0x004EA775,08090906
0x004EA792,0803fff9
0x004EA793,080803ff
0x004EA794,08080803
0x004EA7B5,080703ff
0x004EA7B8,080a0908
0x004EA7C6,0803fdfb
0x004EA7C9,080a0b08
0x004EA7EA,080906fe
0x004EA7F8,0803fef9
0x004EA7F9,080803fe
0x004EA83C,080402fe
0x004EA841,080d0f0f
0x004EA872,080f110f
0x004EA87E,0803fffc
0x004EA883,080b0f0f
0x004EA89F,080601fc
0x004EA8B1,0804fffa
0x004EA8C1,0801fbf8
0x004EA8D7,080d1011
0x004EA909,080c1010
0x004EA946,0804fffa
0x004EA94A,08090906
0x004EABBB,08060605
0x004EABD9,080a0907
0x004EAC48,0801fdfb
0x004EAC58,080700f9
0x004EAC67,080c05f9
0x004EACAE,08040200
0x004EACD9,0804fcf6
0x004EACE7,0803fef8
0x004EAD05,0803fcf7
0x004EAD1C,080705ff
0x004EADA2,08060302
0x004EAE59,080a0905
0x004EAEA6,08070401
0x004EAEF3,0803fffb
0x004EAFA2,0802fefb
0x004EAFAC,0802f9f3
0x004EAFD6,08070502
0x004EBD01,080400fb
0x004EBD11,0804fefc
0x004EBD37,0802fc00
0x004EBD67,080b05ff
0x004EBDAC,0802feff
0x004EBDCA,080503fe
0x004EBE28,080501ff
0x004EBEDE,080300fe
0x004EBF35,080600f8
0x004EBF3A,0800fbfd
0x004EBF5D,0803fcf9
0x004EBFAD,0802fefc
0x004EBFE1,080500fe
0x004EC019,080904fd
0x004EC081,080a0501
0x004EC15D,080601ff
0x004EDCA5,0801f3fe
0x004EDCDC,080bfdfb
0x004EDD17,0808fbf9
0x004EDD37,0800fcf0
0x004EDECD,0800f7fd
0x004EDFAA,0803f324
0x004EE00E,081311f5
0x004EE089,082e0bf3
0x004EE09A,08062e06
0x004EE0F7,081014fc
0x004EE1B7,08061f34
0x004EE1CE,08100bef
0x004EE1FB,081116fd
0x004EE3A9,080c0207
0x004EE510,0825effe
0x004EE997,080814e7
0x004EEA6D,0803e530
0x004EEA7D,08063405
0x004EEC07,080614fd
0x004EEC66,0827e5f1
0x004EEEE1,080e10f9
0x004EEF19,08031019
0x004EF173,08061af9
0x004EF1E3,080423cc
0x004EF1F5,081c2111
0x004EF53B,0801f403
0x004EF566,08160012
0x004EF5BA,080526fa
0x004EF5D9,08072216
0x004EF6E0,08362002
0x004EF737,080108ff
0x004EF75C,0818e0d5
0x004EF768,08402060
0x004EF7D4,081e05f4
0x004EF846,080a2608
0x004EFA7F,08062a2a
0x004EFB1E,080502f5
0x004EFB98,0837350b
0x004EFBE1,08040b15
0x004EFBF7,0802f5fa
0x004EFD57,08130a09
0x004EFDA4,080e1226
0x004EFE2B,080dfe04
0x004EFF4B,0815142d
0x004F0220,0804eef4
0x004F0285,0816f9d0
0x004F0386,0801fc1b
0x004F044D,082c2b13
0x004F051A,0806f4ff
0x004F05CB,08110303
0x004F061E,0806fbf1
0x004F0635,08020007
0x004F0762,0800111b
0x004F07FE,08041b10
0x004F08B0,0811fb09
0x004F08B5,080d180a
0x004F0BAD,080af2f3
0x004F0BCA,080f0816
0x004F0C15,0801eee0
0x004F0E59,080c1407
0x004F0EBE,0826f9ef
0x004F0FBD,080504ea
0x004F108B,080e0f18
0x004F11A6,08101209
0x004F125E,081e20fd
0x004F1287,080e201b
0x004F12A4,080db70d
0x004F12F8,0808202b
0x004F13A8,0805ebea
0x004F1449,081215fe
0x004F148A,080cfde6
0x004F1504,0801f40d
0x004F153C,08020004
0x004F159C,080d05fc
0x004F160B,08020306
0x004F171E,08091208
0x004F176F,080c0c05
0x004F184C,080909fe
0x004F187B,0804e206
0x004F192A,0800f4f3
0x004F1972,0805f705
0x004F19D5,0803fbef
0x004F1A52,08091922
0x004F1AB7,080c0ff8
0x004F1AF0,08080e09
0x004F1AF2,08060808
0x004F1B63,08100efb
0x004F1BD1,08070c03
0x004F1BFC,08150c04
0x004F1C78,080705fc
0x004F1CB0,080412fa
0x004F1D4D,08151410
0x004F1D67,08150c00
0x004F1DF1,08040d0d
0x004F1EC3,0800ebfd
0x004F1ED0,080afbf1
0x004F1F67,08214038
0x004F1F8A,080af6ed
0x004F1F97,08040304
0x004F1F9C,0807f6fa
0x004F200E,080209f1
0x004F212C,08092506
0x004F213E,08141c17
0x004F21BF,08111d00
0x004F221F,08042420
0x004F2243,08050c00
0x004F2277,08091514
0x004F22EE,08090716
0x004F2393,0812fdf8
0x004F23C9,08070115
0x004F23F2,08081811
0x004F2404,081d2208
0x004F2452,080f081a
0x004F2496,080f1313
0x004F2508,080c0e0f
0x004F26DD,08000402
0x004F273B,080d1215
0x004F274C,0803231f
0x004F2843,080d0909
0x004F288B,0810120c
0x004F2964,0801f8fb
0x004F2993,08030303
0x004F29D4,080305ff
0x004F2A26,080102ff
0x004F2AB7,080901ff
0x004F2ABC,080b0a04
0x004F2B28,080606ff
0x004F2B4B,0810faf6
0x004F2B53,080af901
0x004F2B97,0800fc01
0x004F2BA9,080700fb
0x004F2BFA,080c00ff
0x004F2C0C,08000307
0x004F2CAB,0813000b
0x004F2CEA,0801fd00
0x004F2CF2,08000106
0x004F2D08,08050701
0x004F2D28,080605ff
0x004F2D29,08080605
0x004F2D34,0800f1fc
0x004F2D39,0802fe0e
0x004F2D99,080afefa
0x004F2DCC,080e02fa
0x004F2DD0,080c0502
0x004F2DD3,08040408
0x004F2DDE,0803feff
0x004F2DE3,080403fc
0x004F2DE4,08080403
0x004F2DE9,080e05fe
0x004F2E15,0804f000
0x004F2E26,080001f9
0x004F2E54,080e0a04
0x004F2F6D,080afe17
0x004F2FB6,0802040a
0x004F2FD9,08010c03
0x004F306C,0804fbfd
0x004F30A9,0804f6f2
0x004F30BD,080507fd
0x004F30FE,08010503
0x004F310A,08020003
0x004F315D,080d04ff
0x004F318A,0804ebe8
0x004F31EB,0804ff00
0x004F32AC,080200ff
0x004F32B9,0800f2ed
0x004F334C,0806fff4
0x004F337E,080c0504
0x004F3453,0805ff00
0x004F34A3,080303ff
0x004F34CE,080000ff
0x004F34EE,080005ff
0x004F350F,080c03fc
0x004F3530,080601ff
0x004F35B1,08060200
0x004F35B6,08030201
0x004F35CD,080102f6
0x004F35DD,0805f8f3
0x004F35E1,080d0909
0x004F3611,08020202
0x004F361F,0803fcfb
0x004F3621,08040803
0x004F364C,080902fc
0x004F3675,08020a06
0x004F3688,080402fb
0x004F3696,08070205
0x004F36BB,080101fa
0x004F3704,08130e09
0x004F3706,08090813
0x004F374E,08020500
0x004F3762,0801fefb
0x004F3800,08040305
0x004F3845,080404ff
0x004F3867,08050c0a
0x004F38D4,08020b08
0x004F38D6,08040802
0x004F391D,0800fd01
0x004F3933,080b0100
0x004F3942,080504ff
0x004F3943,08080504
0x004F3945,08040808
0x004F398E,0806fffc
0x004F3A15,080c0902
0x004F3A27,08060500
0x004F3A31,080102f7
0x004F3A43,080503fd
0x004F3A45,080b0805
0x004F3AB4,08020101
0x004F3B25,08070306
0x004F3BA7,08040905
0x004F3BD9,0804ff01
0x004F3BF7,08030705
0x004F3C58,08070505
0x004F3C84,0805fdfc
0x004F3C97,080100fc
0x004F3CD7,08030402
0x004F3D0C,0803fbfd
0x004F3D28,08070504
0x004F3D36,0802ff00
0x004F9E67,0833c20b
0x004FA155,0811f00d
0x004FA225,083709da
0x004FA490,0800e519
0x004FA5B9,080afefd
0x004FA661,0805f0f5
0x004FA709,0806f6ef
0x004FA766,0803f507
0x004FA843,0805f2f4
0x004FA874,0802f8fd
0x004FA875,080802f8
0x004FA8F1,0807f201
0x004FA91A,0800f7fe
0x004FA9DE,0807f105
0x004FAA25,0806f6ff
0x004FABCC,0801f603
0x004FBA1B,0800fffc
0x004FBA22,0804fdf7
0x004FBA77,0803fff9
0x004FBA90,0800f8f9
0x004FBB94,08060302
0x004FBB9A,080503f7
0x004FBBA1,0801fafa
0x004FBBB7,080b0e08
0x004FBBC7,081107fe
0x004FBC81,08010a17
0x004FBCEB,0801f6f5
0x004FBD26,080ef6e1
0x004FBE39,081eeaed
0x004FBE5C,081010fb
0x004FBFC8,080dd7f4
0x004FC0A5,0809fb2d
0x004FC0BA,080ddb06
0x004FC0ED,080df2fe
0x004FC160,083e12e2
0x004FC27C,081c2715
0x004FC2F3,084922ea
0x004FC449,0834eef1
0x004FC473,081517e1
0x004FC5EC,080af721
0x004FC665,080602e7
0x004FC7D9,080d244a
0x004FC819,081be822
0x004FC9C0,08000403
0x004FCB15,081bf2c6
0x004FCC5C,08100018
0x004FCC93,080c0426
0x004FCD1F,080b0de8
0x004FCDA5,08121e26
0x004FCDFE,0815eddf
0x004FCE44,080cef0b
0x004FD017,0813c5e0
0x004FD06E,0807f306
0x004FD0C0,08070ef9
0x004FD1CE,081af80d
0x004FD256,0808adc1
0x004FD345,080afaf9
0x004FD71B,08201921
0x004FDAD0,083223f0
0x004FDAED,08050b00
0x004FDC4C,08101f0e
0x004FDEF6,0808f8de
0x004FDF82,08172b0d
0x004FDFB4,081412f8
0x004FE009,080401ef
0x004FE0E5,08221cf4
0x004FE100,081c1c10
0x004FE274,08030ff7
0x004FE278,080112f7
0x004FE291,08122207
0x004FE2F8,081a18f6
0x004FE4C5,0805f0f4
0x004FE4C6,080805f0
0x004FE4CC,080806ef
0x004FE55F,080f0e0d
0x004FE636,08191602
0x004FE7A5,080f0bfe
0x004FE803,08332517
0x004FE866,081d1af6
0x004FE872,080c12f6
0x004FE8C2,0801fbfe
0x004FE900,080403ed
0x004FE90C,0800f002
0x004FE919,080ff5f3
0x004FE923,080c1412
0x004FEA0E,08000006
0x004FEA54,08050418
0x004FEAB5,0800ff02
0x004FEBB0,0812211a
0x004FEBCD,08030b02
0x004FEBD5,081306fc
0x004FEC91,080a060c
0x004FEC96,0800111b
0x004FEC9B,0805170b
0x004FECA1,081307fe
0x004FECA9,080bff00
0x004FECB8,08100d05
0x004FED06,08121a09
0x004FEDDC,0804f6fa
0x004FEE10,0800060a
0x004FEE3F,080afdfa
0x004FEE41,0801080a
0x004FEE45,080d0a02
0x004FEE70,0810180e
0x004FEE76,080c0d14
0x004FEE78,080d080c
0x004FEE8C,080b0e06
0x004FEEA7,08010712
0x004FEEAC,080c0407
0x004FEEAD,08080c04
0x004FEEC6,08020306
0x004FEEC7,08080203
0x004FEFD9,08080fff
0x004FEFF0,080e0e04
0x004FF024,080f1a18
0x004FF094,0803fafc
0x004FF096,08090803
0x004FF0C2,08071711
0x004FF111,08050b04
0x004FF199,0803f90f
0x004FF1A7,080c1316
0x004FF1AF,080b0613
0x004FF1B5,080c0b04
0x004FF368,080d0501
0x004FF38B,0801f6fc
0x004FF419,08040d09
0x004FF441,080d1418
0x004FF44F,0810110e
0x004FF490,080b1619
0x004FF49C,08101105
0x004FF502,080b0405
0x004FF59F,08040d0f
0x004FF63D,08040204
0x004FF642,0808ffff
0x004FF646,08090001
0x004FF6F6,080504fc
0x004FF700,080e0609
0x004FF779,0804fd03
0x004FF793,08080a05
0x004FF89F,08130b04
0x004FF9CB,0809090d
0x004FF9CE,080c1108
0x004FF9CF,08080c11
0x004FF9DC,080a0906
0x004FFA73,08060500
0x004FFAA1,08090910
0x004FFAA2,08080909
0x004FFAAA,08070007
0x004FFAAD,08070608
0x004FFAB8,08070200
0x004FFABD,08050407
0x004FFAC4,080c0705
0x004FFBA9,080b0c0a
0x004FFBB9,08070106
0x004FFBC3,08090602
0x004FFBD0,08040607
0x004FFBDD,08060706
0x004FFBE9,08060c06
0x004FFBF9,080a0e10
0x004FFC0A,0804080a
0x004FFC85,080b0707
0x004FFCE5,080d0d0f
0x004FFCED,08070c0d
0x004FFDAD,080301fe
0x004FFDB3,080b0a01
0x004FFDC0,08060305
0x004FFDD1,08030503
0x004FFDEC,08030205
0x004FFDF6,08050907
0x004FFDFE,08090609
0x004FFE09,080b0f0b
0x004FFE15,080b0908
0x004FFE1E,080f0b07
0x004FFE20,0809080f
0x004FFE34,080a0a0d
0x004FFE36,0803080a
0x004FFE38,080b0803
0x004FFE3C,0804070f
0x004FFE41,0806070c
0x004FFE4A,08030304
0x004FFEBE,08060706
0x004FFEC1,08080a08
0x004FFEC2,0808080a
0x004FFEC3,08080808
0x004FFEC7,080a0b07
0x004FFECB,080a0707
0x004FFED5,08060b09
0x004FFED6,0808060b
0x004FFED8,08060808
0x004FFEE3,0807040c
0x004FFEEF,08070606
0x004FFEF9,08060705
0x004FFF13,08050502
0x004FFF14,08080505
0x004FFFE5,08070707
0x004FFFE7,08050807
0x004FFFEE,08050b0b
0x00500025,080c0b0e
0x00500028,080b0b08
0x0050003D,08040306
0x0050003E,08080403
0x00500069,0803ff01
0x00500074,080300ff
0x00500102,08010203
0x00500106,08070106
0x0050010A,08030404
0x00500112,08070504
0x00500118,08070307
0x0050021B,08050105
0x00500225,0803ff02
0x0050023B,08020204
0x0050024C,08060706
0x0050024D,08080607
0x00500253,08050509
0x00500259,080a0b05
0x00500264,08070a10
0x0050026D,080c0b06
0x00500276,08030409
0x00500277,08080304
0x00500334,08070507
0x0050033A,0805050a
0x0050033B,08080505
0x00500344,080a0b07
0x0050034A,080a0a09
0x0050034C,0804080a
0x00500350,0806060a
0x00500355,08060509
0x0050048F,08030406
0x00500493,080a0706
0x005004A5,080a0b0b
0x005004AC,080a0b07
0x00500517,08070403
0x0050051B,08050005
0x00500523,08050507
0x00500528,08070405
0x00500530,08040407
0x00500537,08090403
0x0050053D,08050504
0x0050053E,08080505
0x00500692,08040707
0x00500695,08040708
0x0050069E,08040307
0x00502161,080ef9f5
0x005021BD,0808fef7
0x005021C7,0806f1f7
0x005021C9,08000806
0x005021D2,080202fd
0x0050220C,080702f8
0x0050225C,0808fdfb
0x00502263,080600fd
0x0050229C,0809f2e9
0x00502414,080f11f4
0x0050258C,0822e81c
0x005026A4,082306c3
0x005029DA,08064432
0x00502C48,0843ebf1
0x00502D7E,08361fec
0x00502F42,0800f210
0x00502FD8,08014001
0x00503265,0818cee8
0x005032D4,081befc0
0x00503442,084a01f2
0x00503570,081ce6dc
0x00503710,0807fb1a
0x00503818,0808fbe1
0x0050386F,080214ff
0x00503997,0800ed3c
0x005039D0,0837f1d3
0x00503A39,080efdda
0x00503A63,0808f2ec
0x00503B29,080b11e8
0x00503C26,080cff10
0x00503C2F,08050106
0x00503C61,0810e4fd
0x00503E08,08094117
0x00503E38,08020bf2
0x00503EAD,0803fbec
0x00503EFA,0810fa00
0x00504066,080603fe
0x005040D5,080103f0
0x00504131,080607eb
0x005041A2,081001ff
0x005041D9,081ef3ea
0x00504235,0828f2dd
0x00504261,0804fefa
0x0050430B,0801e0fd
0x00504380,0801fb00
0x00504382,08000801
0x0050442A,0804f8e4
0x00504475,08020600
0x005044CA,0801f805
0x0050450A,080100fd
0x00504630,0810f915
0x00504651,0812e7f3
0x005046DC,080cf8e8
0x005047F7,080205fd
0x00504837,080004e8
0x00504995,080af4e0
0x005049B8,0809fcfa
0x005049DF,0805faf4
0x005049E3,0800fbfe
0x005049E7,0802f7e3
0x00504A05,08090aef
0x00504A61,080000fd
0x00504A7C,080f0af4
0x00504A80,0806f1f4
0x00504A87,0802fff6
0x00504AA7,080bfaf6
0x00504AE4,081103fa
0x00504AF6,081603f1
0x00504B2A,0806fc05
0x00504B3E,0803fdff
0x00504BBA,080ff8fe
0x00504C4D,080001fb
0x00504C62,0800fdf8
0x00504C6F,0804faff
0x00504CA0,0802f905
0x00504DB1,0801f902
0x00504E6D,0800fa03
0x00504E90,080005fb
0x00504E9E,0801fcff
0x00505097,0804f8ff
0x005050A7,0800f9ff
0x005058AF,08050303
0x0050595F,0802f5ee
0x00505A43,080f1c23
0x00505A73,08090a09
0x00505AA4,081007f8
0x00505B7A,0802f0e6
0x00505BBC,0838390b
0x00505BF6,080e03fb
0x00505CCF,080b0201
0x00505EF5,0811f4d6
0x00505F4A,08061932
0x00505F51,0807e5bc
0x00506385,08272416
0x00506634,08221913
0x005067E8,08291410
0x00506822,080cf2d8
0x005068F7,0805e6df
0x0050690E,0811fddc
0x00506916,080ef5e0
0x005069A7,0808ffe5
0x00506A10,080ce9de
0x00506A18,080aecda
0x00506AA1,080bfce1
0x00506BB5,0805e4e5
0x00506BE4,080ff1d8
0x00506C6F,080bfbdf
0x00506D79,080cfce7
0x00506D83,081e120e
0x00506DA8,0801dde1
0x00506E0D,0808ecd9
0x00506E74,08150908
0x00506EA8,0805e4e9
0x00506F1E,080beee7
0x00506FE9,080afade
0x005070CD,0808e8ea
0x005070E6,080afde2
0x005070ED,0801e9ea
0x00507219,0801e8e8
0x005072F0,0805eadc
0x005073A6,080c00e8
0x00507406,0806f7e6
0x005074B2,0802edef
0x005074BA,0805f1ed
0x0050752B,081b1007
0x00507598,0806fdeb
0x005075C9,0806fee6
0x00507639,0804f5e0
0x005076A0,0805efe6
0x0050771F,0800e8ee
0x00507727,0806f2ef
0x0050773F,0804f2f2
0x005077D6,0803f3f5
0x005077E6,0801ecec
0x005077F0,08100908
0x00507889,08120a03
0x005078C0,08130b07
0x005078D6,0805f9e9
0x005078F7,080f0705
0x0050796C,0805feef
0x005079E9,0806f5f3
0x00507A38,0802f3f0
0x00507A57,0800f7f7
0x00507A78,0804fffb
0x00507A79,080804ff
0x00507AA7,0802fbf6
0x00507AB8,080603fd
0x00507AC0,080904fe
0x00507AC7,080500f8
0x00507AC8,08080500
0x00507AE7,0804fbf5
0x00507AEF,0804fcf4
0x00507B3F,08100a03
0x00507B8C,0800eff2
0x00507B96,080e0604
0x00507BC4,0802f2f6
0x00507C15,0801f6f1
0x00507C1D,0801f5ed
0x00507CBF,08100902
0x00507CF5,0803f4f2
0x00507CF7,080e0803
0x00507D4F,080b0602
0x00507DF8,080d0702
0x00507E1F,080905f8
0x00507E58,080904ff
0x00507E76,0804faf5
0x00507EE7,0801f5f5
0x00507F18,0804fef4
0x00507F20,080602f9
0x00507F5E,0804fbf4
0x00507F66,0804fdf4
0x00507FA0,080a0401
0x00507FA7,0804fef3
0x00507FA8,080804fe
0x00507FB0,080906fa
0x00507FC8,080a05fb
0x00507FD7,0804fbf5
0x00507FDF,0804fbf5
0x00507FE7,0803faf4
0x00507FEF,0804f9f4
0x00508038,0804fcf4
0x00508040,0804fbf4
0x00508058,0803fff7
0x00508061,08050200
0x00508078,0805fef6
0x005080D9,080600f6
0x005080E1,0804fdf5
0x005080E9,0804fef6
0x005080F1,0803fef6
0x00508122,080c0600
0x00508142,080604fc
0x0050814A,080604fc
0x00508152,080504fb
0x0050815A,080303fc
0x00508162,080303fd
0x0050818A,0803fff8
0x00508192,080400f7
0x0050819A,080400f7
0x005081C2,080500f7
0x005081D3,080502fc
0x005081EB,080501f8
0x00508203,080602fb
0x00508213,080702fd
0x0050821B,080702fd
0x00508223,080503fe
0x0050822B,080503fd
0x00508253,080603fc
0x0050C481,080207ec
0x0050C4AA,08130fe0
0x0050C4BD,082d05ee
0x0050C55B,0808fe09
0x0050C59C,0811feee
0x0050C5E4,082f29d3
0x0050C716,0807fb07
0x0050C74E,081c02f1
0x0050C785,0805fbf8
0x0050C7AE,0807fd00
0x0050C7F0,0804f7fa
0x0050C8AE,08050efa
0x0050C957,0800f1fb
0x0050C958,080800f1
0x0050C9B4,0802fef4
0x0050C9C4,08080001
0x0050C9C8,0801fdfd
0x0050C9D5,08020000
0x0050CA60,081cf7fa
0x0050CB93,0802f8fb
0x0050CCEF,0801fafe
0x0050CDDB,0812fdf4
0x0050CEDA,080404fe
0x0050CEE1,0801f405
0x0050CFE8,080f07ea
0x0050D067,0801fd02
0x0050D14F,0808fe0c
0x0050D155,0808edf6
0x0050D192,080502f6
0x0050D1F2,0802ed23
0x0050D300,0800f6f1
0x0050DE70,0800f4f7
0x0050DFDE,0805f8fa
0x0050E06D,080909f6
0x0050E0B1,0800fbfc
0x0050E0D0,0807fef7
0x0050E18D,0801f4e8
0x0050E25E,0803fbf8
0x0050E377,080505fa
0x0050E48A,08211cf2
0x0050E5EE,0805fe01
0x0050E6D8,080003fb
0x0050E777,080002f7
0x0050E79C,080df9f9
0x0050E8F5,0803ffe5
0x0050E942,080cec01
0x0050EA1F,0803f8ef
0x0050EA44,080406f8
0x0050EB2D,0802fc02
0x0050EB41,080d03ea
0x0050EB60,0803fdfe
0x0050EBC9,0800f8fd
0x0050EC06,0804f500
0x0050ECBF,0801f704
0x0050ED04,0800f3fa
0x0050EECC,08050505
0x0050F06E,0822f3ef
0x0050F075,081000ec
0x0050F07E,080bf8ec
0x0050F9C1,0801fefc
0x0050FA52,080706f7
0x0050FAB8,080c0305
0x0050FAD9,0800fef2
0x0050FB18,080af4fe
0x0050FBCB,08021500
0x0050FD9E,08010afa
0x0050FDF4,0805f9f4
0x0050FE1C,0803fe0a
0x0050FF2A,080502eb
0x0050FF6B,080103f9
0x0050FFB0,0803001d
0x00510019,0806f8f4
0x00510021,0802f7fd
0x00510089,0800f506
0x005100E0,080608fd
0x00510137,0802fef9
0x00511139,0816eeec
0x00511177,0806fcf5
0x00511203,08090206
0x005121C1,080a0b10
0x0051226C,0803fc00
0x0051226D,080803fc
0x0051226E,08080803
0x005131A5,080b00ee
0x005131BF,0802fb01
0x005141E9,080df4f0
0x005142E1,0803010b
0x005142E6,08010109
0x00514357,080707fe
0x00514372,08020906
0x005143B0,0800fdfd
0x00514406,08040003
0x00514B60,0804f700
0x00514C07,080201f8
0x00515372,08040306
0x00515375,08010208
0x00515384,08070403
0x00515389,0801040d
0x005153AA,08090505
0x0051540E,08020204
0x00515414,08050b03
0x00515419,08000d0d
0x0051541A,0808000d
0x0051541F,08040c03
0x00515544,0805040a
0x0051630C,0806f7fc
0x0051635B,0803ffff
0x005163F8,0800ff03
0x0051644C,0806fbff
0x00516455,080402fd
0x00516616,081203f9
0x00516631,0802ff0a
0x0051665C,0808ee02
0x0051668E,0802f613
0x00516694,08200ce4
0x00516695,0808200c
0x00516836,0816e3ca
0x0051683B,083423ed
0x00516873,080ff0e7
0x00516928,0803e0f5
0x00516B6C,0800e4c3
0x00516CE6,080424ec
0x00516D84,081010de
0x00516DE9,08120cf6
0x00516ECA,082a07ec
0x00517031,082a0ffc
0x00517125,081102f5
0x00517185,080afcea
0x005171C5,08040e0c
0x005171D2,0805f2fa
0x00517245,0805e5ef
0x00517258,0803f8e0
0x005172D9,080b0ef3
0x00517394,08010efa
0x005173C4,081b0c06
0x00517448,080901e9
0x005174A4,080b000e
0x005174CC,08020511
0x0051754A,0811f1e8
0x00517649,08201515
0x005176AE,0803f3ed
0x00517705,080d01fd
0x0051774F,08120902
0x00517765,080a0b03
0x00517796,080904f0
0x005177A6,08090401
0x005177AF,080701f7
0x00517837,080f09f8
0x00517845,080608ff
0x00517877,080c0b01
0x0051788A,080d0b07
0x00517923,0800f9f3
0x00517930,080604fd
0x00517952,0801fe07
0x005179AD,080efffd
0x005179B9,0800fef4
0x005179D8,0807fcfe
0x005179F6,0800eff1
0x00517A0A,08030502
0x00517A17,08030002
0x00517A2E,0802fdf6
0x00517A39,0809fe00
0x00517A85,0805fbf4
0x00517B32,0804f2f3
0x00517B34,080b0804
0x00517B42,08020202
0x00517B43,08080202
0x00517B53,0805070b
0x00517B54,08080507
0x00517B5F,08060502
0x00517B60,08080605
0x00517C26,0801fbf9
0x00517C49,0805fff7
0x00517C52,080400ff
0x00517CAC,0805fefb
0x00517CE6,0805fd04
0x00517CFB,08050402
0x00517D04,080200fa
0x00517D16,08030202
0x00517D37,0803f5f9
0x00517D3B,08020309
0x00517D6E,080a0907
0x00517DB0,080b0cfb
0x00517DBB,080602ff
0x00517DC9,080604f9
0x00517DE4,080902f4
0x00517E6F,0806fffd
0x00517E70,080806ff
0x00517EE6,08100e02
0x00517F0E,0805fcff
0x00517FAD,0804fefd
0x00518004,080b0404
0x0051806F,0806f9f6
0x005180CF,080402fc
0x00518112,0801fdfa
0x005181BD,0802fcfa
0x005181F4,080303ff
0x00518214,080301ff
0x00518220,080604ff
0x00518238,08060501
0x005182A9,08050200
0x005182CE,080a0605
0x005182ED,0805ff01
0x0051837C,080706ff
0x00518486,0801ffff
0x00518706,080602fd
0x00519D64,0819bbfa
0x00519DD0,0825efe5
0x00519F11,082415fb
0x00519F56,0804edf8
0x00519F57,080804ed
0x0051A125,080ad4f2
0x0051A141,0808f5e7
0x0051A159,0802e9e6
0x0051A19C,08091103
0x0051A2EF,0811f7bf
0x0051A32C,0813fedc
0x0051A406,081c22f6
0x0051A4FA,080d160f
0x0051A58F,0803f0d8
0x0051A590,080803f0
0x0051A5B7,0800f4f5
0x0051A5D2,08010013
0x0051A607,0805090e
0x0051A627,0801f8f1
0x0051A650,0802e7f3
0x0051A67B,0801ff0d
0x0051A67C,080801ff
0x0051A70A,0803d8e4
0x0051A76E,080c1011
0x0051A878,081309e3
0x0051A896,08110af7
0x0051A90E,0804fbee
0x0051A9BC,0804edec
0x0051A9EE,0800faf5
0x0051AAE2,080904eb
0x0051AAEC,0806fdf2
0x0051AB01,080b06f8
0x0051AB1E,080204ff
0x0051AB41,080407fd
0x0051AB4E,080206f9
0x0051AB72,0806f000
0x0051AB85,080900fc
0x0051ABC3,0806fafc
0x0051AC34,0803f6ff
0x0051AC6F,08020302
0x0051ACDE,0802f9f4
0x0051AD37,08070b0a
0x0051AD89,0801fefa
0x0051ADB4,0807f80d
0x0051AE03,08070402
0x0051AE0D,080ffefb
0x0051AE55,080efe00
0x0051AEC5,0804f4fe
0x0051AF16,08020003
0x0051AF1C,0800fd01
0x0051AF4C,080d0508
0x0051AF63,0808fffa
0x0051B03E,0804ff01
0x0051B164,080201fb
0x0051B261,0801fd06
0x0051B26D,08060401
0x0051B276,0803fef9
0x0051B281,08000100
0x0051B987,08150000
0x0051B9DB,08121a10
0x0051B9E3,0809090b
0x0051BA2F,08190409
0x0051BA5A,080c2c2f
0x0051BA91,08011700
0x0051BB39,08050205
0x0051BBF2,08100f04
0x0051BBFD,080c0704
0x0051BC56,08040205
0x0051BC8C,0803040a
0x0051C474,0803060a
0x0051C579,082b0df2
0x0051C68B,081a0e17
0x0051C6E0,0802140b
0x0051C6EF,08101a08
0x0051C6F6,08070507
0x0051C7A6,08040909
0x0051C7A7,08080409
0x0051C7A9,08070808
0x0051C7CA,080704f9
0x0051C7D2,08071006
0x0051C82F,08020303
0x0051CFBB,0803060a
0x0051D14B,0817db23
0x0051D1D2,08191013
0x0051D1DF,080608f9
0x0051D227,0802140b
0x0051D236,08101a08
0x0051D23D,08070507
0x0051D282,080f111b
0x0051D2EE,08050709
0x0051D2EF,08080507
0x0051D2F0,08080805
0x0051D302,0808fb00
0x0051D311,080704f9
0x0051D319,08071006
0x0051D376,08020303
0x0051D47A,0805f7fa
0x0051DACE,080b08fe
0x0051DAD3,08090509
0x0051DB7B,080538e4
0x0051DC63,08111817
0x0051DD19,08191013
0x0051DD6E,0802140b
0x0051DD7F,080c0515
0x0051DD84,08070507
0x0051DDC9,080f111b
0x0051DE1D,080402fb
0x0051DE35,0805070a
0x0051DE36,08080507
0x0051DE37,08080805
0x0051DE49,0808fb00
0x0051DE58,080704f9
0x0051DE5F,080d06fd
0x0051DEBD,08020303
0x0051DFC1,0805f7fb
0x0051E5DA,08030202
0x0051E619,08020306
0x0051E61D,08100706
0x0051E72A,08062327
0x0051E816,0803fc01
0x0051E85C,080f0716
0x0051E8BD,080c160b
0x0051E901,0807fe04
0x0051E971,08000504
0x0051E9D0,0800fd03
0x0051F163,08040203
0x0051F189,08070301
0x0051F1AC,0806f5ff
0x0051F1B6,08101704
0x0051F214,0804050a
0x0051F233,080901f8
0x0051F235,08000809
0x0051F240,0807040a
0x0051F2E3,0819fdf5
0x0051F344,080c00f9
0x0051F3A2,08040afe
0x0051F3A4,08000804
0x0051F3A8,08020703
0x0051F45A,08020304
0x0051F9BF,0804f801
0x0051FAA0,080dfe07
0x0051FB7E,080601ff
0x0051FC6D,0806f80b
0x0051FC74,08040509
0x0051FC75,08080405
0x0051FCB3,0802f805
0x0051FCDD,0801ff04
0x0051FD51,08090308
0x0051FD52,08080903
0x0051FD5D,0803070a
0x0051FDC1,08040505
0x0051FDC2,08080405
0x0051FE3B,0809020c
0x0051FE3F,08000a06
0x0051FEAF,080d070d
0x0051FEB9,08060a06
0x0051FF1C,08090707
0x0051FF24,0812fc0d
0x0051FF29,080b0b0d
0x0051FF55,08010003
0x0051FF8A,08010603
0x0051FFCA,08040406
0x00520008,08001306
0x005201D8,0800f905
0x00520232,080c0014
0x0052026A,08020fc5
0x005202F6,0819e2f6
0x00520311,0804db38
0x00520394,080fce10
0x0052039C,080feb1d
0x005203AE,081014eb
0x0052041F,0805f70c
0x0052047A,080e09f7
0x005204C2,08071918
0x0052063E,0802020a
0x0052067A,080c0602
0x005206A4,080504f5
0x005207C5,0809fe09
0x00520929,0805f70c
0x0052092F,08060506
0x0052096B,08091217
0x005209A8,0802fc04
0x00520A4B,08100d0a
0x00520AD9,08170602
0x00520ADC,0815fc08
0x00520B8B,08130f0d
0x00520BAE,0808fc05
0x00520BAF,080808fc
0x00520BB3,08001404
0x00520BC1,0801fd0b
0x00520BF8,080b0d11
0x00520BF9,08080b0d
0x00520BFA,0808080b
0x00520C1C,0807fa0f
0x00520C23,080e060f
0x00520C2B,08030706
0x00520C67,080b0c10
0x00520C88,080efb06
0x00520C93,08100911
0x00520C94,08081009
0x00520CC3,08060a06
0x00520CD3,0809090e
0x00520CF6,080a0903
0x00520D03,0805100b
0x00520D43,08060500
0x00520D63,080a0704
0x00520D6B,080e0e0e
0x00520D6D,080d080e
0x00520DAB,080d0c06
0x00520DCC,0801fe04
0x00520DD7,080f0d06
0x00520DDD,08060a0a
0x00520E82,080b0a13
0x00520EA2,080101fc
0x00520EA6,080c01ff
0x00520EB5,08060a0f
0x00520EB6,0808060a
0x00520EB7,08080806
0x00520ED9,080504fd
0x00520F86,080c0a0c
0x00520FB3,08100506
0x00520FBE,08241814
0x00521031,08141f06
0x00521055,0803fe07
0x00521097,080d0a0c
0x0052109A,08090d08
0x005213C5,0806f80b
0x0052142F,0801fc04
0x00521450,0800f803
0x00521459,08030902
0x00521461,080dfd09
0x0052149D,080a0b0f
0x0052149E,08080a0b
0x005214C6,080c0404
0x005214C7,08080c04
0x005214CE,080e050a
0x0052150B,0804ff06
0x0052150D,08000804
0x00521511,08031a02
0x00521580,0805ee06
0x005215FA,08070a0e
0x0052167C,08100b0a
0x00521716,080b0702
0x005217BC,08100704
0x005217FD,08070909
0x00521833,080d0907
0x00521837,080a070a
0x00521838,08080a07
0x00521898,08070a07
0x005218CF,08060302
0x00521907,08070205
0x0052190B,08050c01
0x0052190E,080a0908
0x00521940,08070404
0x00521944,08050309
0x00521945,08080503
0x00521978,08030203
0x0052197C,08010602
0x00521981,08000807
0x00521A33,08040004
0x00521A38,08070002
0x00521A65,080204fe
0x00521A69,08060206
0x00521A6D,08050502
0x00521A6E,08080505
0x00521AA7,08070303
0x00521AB3,08040409
0x00521B13,08050cfe
0x00521B50,080b0c05
0x00521B5B,08100a0d
0x00521B80,0809ff02
0x00521B81,080809ff
0x00521C00,080c0f08
0x00521C03,08060a08
0x00521C71,08050a0b
0x00521CAB,080e0c0a
0x00521CAE,08090c08
0x00521CB1,08050b08
0x00521CDB,08090701
0x00521D26,08010506
0x00521D4F,08060a08
0x00521E30,080f041e
0x00521E62,080c0103
0x00521E86,0801f001
0x00521F00,08001efa
0x00521F41,080e0415
0x00521F42,08080e04
0x00522012,0811130b
0x00522013,08081113
0x00522146,08051902
0x00522181,081df41f
0x005221EE,080613ff
0x005221F1,08020608
0x00522259,0812fa12
0x00522302,0806130d
0x00522304,08040806
0x005223A2,0801020e
0x005223C9,0800fd01
0x0052240F,080a030b
0x0052243A,080b0aff
0x0052246F,08060705
0x0052247A,080f0d0a
0x005224A6,080ffcfd
0x005224B9,08051711
0x005224D8,080901fd
0x005224E0,08061306
0x005224E6,080e0e0e
0x00522513,080308fe
0x00522514,08080308
0x00522519,080d1104
0x00522594,08120519
0x00522697,08050119
0x00522756,081effef
0x00522846,08050310
0x0052286F,080f0400
0x005228DE,081108fc
0x00522924,08061607
0x005229A9,081cfb2b
0x00522A85,08120700
0x00522A99,08081412
0x00522AF0,0801f7fc
0x00522B61,080608f6
0x00522B9A,0812ff15
0x00522C37,080e04ff
0x00522C3D,08181215
0x00522CD7,08051100
0x00522CE3,08161110
0x00522D21,080f0a18
0x00522D3E,0803f507
0x00522DCA,0801fd03
0x00522E31,08021008
0x00522F04,0802fe0b
0x00522FC8,0808f301
0x00522FCA,08020808
0x005231F5,080f02f9
0x00523236,080a020b
0x005232A0,08061305
0x00523336,0806e8e8
0x00523344,081c18f1
0x0052334F,08172a07
0x00523390,0806010e
0x005233FD,0806fff9
0x00523596,08130aec
0x005235D2,080608ee
0x0052364F,0803f005
0x00523740,0800041e
0x005237E1,08130d0a
0x005237F7,0800130b
0x005238E6,08080814
0x00523941,0812050c
0x005239D0,080b0c0e
0x00523A6A,08030302
0x00523B97,0807d2fd
0x00523BEC,08143513
0x00523C52,081a410d
0x00523DDC,0809dd19
0x00523E23,08060b09
0x00523F00,080f030c
0x00523FAD,08050305
0x00524023,080b040b
0x00524025,0802080b
0x005241BA,0804e123
0x005241C3,08060103
0x00524223,08011802
0x0052423A,080f0b00
0x0052438A,080509fc
0x005243BC,0800fcfc
0x0052440B,08130bfd
0x00524413,080ced07
0x00524477,080e0103
0x00524479,081b080e
0x0052458C,0811f2fc
0x005245F0,080ceffe
0x00524602,08020209
0x00524752,080203fb
0x005247D3,0803ff04
0x005247D4,080803ff
0x005247FD,080cfc03
0x00524800,080dfe08
0x00524833,08010301
0x005248DE,08010df9
0x005248EB,08002607
0x00524917,080204fa
0x00524956,0811fe02
0x00524A4F,08050e14
0x00524A7F,0800fdfd
0x00524AD8,080c0200
0x00524B45,081a050e
0x00524B4C,08070b0d
0x00524B4E,08090807
0x00524C77,0807e818
0x00524CA3,080f1211
0x00524CAD,080df013
0x00524CCD,0806f402
0x00524D43,0801fcfb
0x00524D5F,0802f6d7
0x00524E05,08040901
0x00524ED0,0800f70c
0x00524EFA,0801fefc
0x00524F28,0803fbfd
0x00524F86,080706f8
0x00524FC5,081205f8
0x00525039,08020c18
0x0052504A,080a1402
0x005250B9,080d0111
0x00525271,080c0df7
0x005252DF,08000201
0x005252E9,080bfc11
0x00525372,080000f7
0x0052549D,080efce8
0x00525518,08010bfb
0x00525552,0809fe03
0x00525599,080a01fc
0x005255C4,080405fc
0x0052561A,0804fefd
0x00525686,08040c04
0x005256B5,0805fa02
0x0052576F,0803040c
0x00525777,0805060c
0x00525857,08070309
0x0052585C,08030509
0x00525864,08020406
0x005258CA,08050204
0x0052593D,08040509
0x00525941,08050906
0x0052594C,08060905
0x005259B3,08010b06
0x005259B4,0808010b
0x005259B7,08060508
0x005259B8,08080605
0x005259BD,08050507
0x00525A20,0802ff02
0x00525A29,08030807
0x00525B0E,08070306
0x00525B89,0807fd04
0x00525B92,08020304
0x00525C6E,0800fe03
0x00525DC5,080009fb
0x00525DFC,0803fbfa
0x00525E08,0802fc01
0x00525E60,0804fdfc
0x00525EAE,0804fffc
0x00525F1E,0801fc04
0x0052685A,0801f6fb
0x005268FC,080fefef
0x00526984,0801f7f7
0x00526A0B,080404ff
0x00526B80,080d0000
0x00526C55,0806f5f4
0x00526CB0,0801f511
0x00526CEE,080c0df7
0x00526D25,08020501
0x00526DC6,080e16f8
0x00526E4C,0811fb07
0x00526E57,0807e5fb
0x00526EDD,0807fcfd
0x00526EF2,0805f7f4
0x00526F0F,0804f2fb
0x00526F3F,080004f7
0x00526F8C,080a0300
0x00527048,080003f7
0x0052704A,08030800
0x005272E6,08000000
0x005273BE,080402ff
0x00527453,08040101
0x00527A72,08000000
0x00527B96,0804fcf4
0x00527EBB,0802fdf6
0x00527EC7,0819f3f0
0x00527ED6,080202ed
0x00527F44,0805f0ee
0x00527FB7,0816f1f3
0x00528149,080b22dc
0x00528299,080409f5
0x005282C2,080f00ed
0x005282F2,08030d17
0x0052839E,0805ffff
0x00528417,080a04fe
0x0052843B,0800fafd
0x0052853A,08020300
0x005288B3,08060a08
0x00528947,08010606
0x00528959,080e0c07
0x00528A73,0801fefc
0x00528B0B,08090102
0x00528C2C,0801fafa
0x00528CF0,080203ff
0x00528D26,080b01fc
0x00528D47,081205f4
0x00528D7A,080703fb
0x00528D84,080604fa
0x00528D85,08080604
0x00528DAB,0801fa09
0x00528E91,08110af2
0x00528E94,0801da08
0x00528EF2,080bf8f8
0x00528F8F,0803e809
0x00528FC6,08050600
0x00528FE7,0804f7cc
0x005290BB,080feff8
0x005290D5,080410f2
0x005290EA,0807e0e1
0x00529111,0809000e
0x0052928E,08020afb
0x00529321,0801020e
0x00529385,080000fa
0x0052938A,080a03f9
0x0052946B,0805fe02
0x00529479,0801fffa
0x00529CEA,08050205
0x00529D01,08040609
0x00529D3E,08070504
0x00529DAB,08030504
0x00529DAC,08080305
0x00529DAE,08060808
0x00529DC3,0806090c
0x00529E36,0803030a
0x00529E44,08061217
0x00529E47,080c1008
0x00529E54,0802ffff
0x00529E68,0803fef7
0x00529E7E,08050007
0x00529E9C,08060705
0x00529ED7,080d0904
0x00529F0A,0803fe01
0x00529F50,0800f1e5
0x00529FC7,080b05f9
0x00529FE9,0804fdf4
0x0052A018,08050506
0x0052A044,08050109
0x0052A0FF,080c1011
0x0052A102,080d0c08
0x0052A176,08071009
0x0052A1B2,080e07fd
0x0052A1DE,080f0706
0x0052A1E0,0809080f
0x0052A1F4,0800060f
0x0052A269,080e1110
0x0052A26A,08080e11
0x0052A26B,0808080e
0x0052A29D,080a0200
0x0052A2AC,080c0d0a
0x0052A339,080cfe08
0x0052A3DD,081305f2
0x0052A45D,08100704
0x0052A4D7,08000b0e
0x0052A5CE,080d2e39
0x0052A6FF,08100d18
0x0052A749,08131c10
0x0052A7A3,08200f0d
0x0052A878,0805f8fc
0x0052A8B3,081d10fd
0x0052A932,08191c16
0x0052AA5E,080401f3
0x0052AAA9,08090b0f
0x0052AAAD,08251507
0x0052ABAD,0803f3f1
0x0052B114,0804104e
0x0052B261,0803faee
0x0052B270,08050619
0x0052B347,08292e2e
0x0052B34B,081e1b00
0x0052B37B,081d0407
0x0052B3C8,0803f6f8
0x0052B4C6,080507fe
0x0052B545,082101d0
0x0052B592,0800f208
0x0052B6BC,0801fcfe
0x0052B70B,080e0c05
0x0052B72C,08060613
0x0052BAD8,0807f9fb
0x0052BBA9,08192719
0x0052BC0F,08150af5
0x0052BC1C,08130e0e
0x0052BCA2,08090400
0x0052BCDD,0804fefe
0x0052BDB0,0802fffb
0x0052BDB1,080802ff
0x0052BE30,08141b16
0x0052BE39,0805ff01
0x0052BE69,08010f0b
0x0052BE94,08121913
0x0052BF39,08070502
0x0052BF3B,08070807
0x0052BF80,080b0601
0x0052BF8A,0801fdff
0x0052BFD2,0804f8f5
0x0052BFEB,08093907
0x0052C15C,0805ffff
0x0052C16B,08000608
0x0052C1AA,08050307
0x0052C1B6,08000006
0x0052C1DE,080c0402
0x0052C238,08041302
0x0052C24F,080b0bf6
0x0052C2A8,08060901
0x0052C2CC,080b0d10
0x0052C2CE,0806080b
0x0052C2EF,080a0e0e
0x0052C31C,0812110d
0x0052C336,08060105
0x0052C354,08020001
0x0052C3BB,080a0efb
0x0052C3CC,080b0e0d
0x0052C3E8,08030505
0x0052C404,08131723
0x0052C428,080903f4
0x0052C440,08040bf8
0x0052C445,0805100f
0x0052C48A,0805070b
0x0052C48C,08010805
0x0052C4DF,080f120b
0x0052C50D,08030401
0x0052C51D,0801fffb
0x0052C56B,08020404
0x0052C589,080c0406
0x0052C58A,08080c04
0x0052C58B,0808080c
0x0052C599,08040303
0x0052C5C9,08070501
0x0052C640,08050501
0x0052C650,0800f3fa
0x0052C66E,0805070d
0x0052C6A6,08090409
0x0052C6AF,080a0c05
0x0052C703,08060006
0x0052C72E,08070307
0x0052C758,0802feff
0x0052C76B,0807fe02
0x0052C772,080c0902
0x0052C78F,0800f0f7
0x0052C815,0805fcf6
0x0052C85D,08091213
0x0052C87D,080602fc
0x0052C889,0801090e
0x0052C8E2,080c0501
0x0052C939,0803fdfc
0x0052C956,080408f9
0x0052C988,080d06fb
0x0052C9AC,0806faf2
0x0052CA40,080b140f
0x0052CA55,080d1217
0x0052CA62,080907fe
0x0052CAAC,08070b09
0x0052CAB7,0807fb01
0x0052CABA,08020108
0x0052CAD7,080403fe
0x0052CB2B,080403ff
0x0052CB2E,08050708
0x0052CB85,08090d05
0x0052CBC0,0803fafc
0x0052CBC1,080803fa
0x0052CBE7,0802f803
0x0052CBEE,08050107
0x0052CBFC,0802fa02
0x0052CC00,08050a0b
0x0052CC05,0808fd04
0x0052CC19,080c0702
0x0052CC1A,08080c07
0x0052CC2D,08090301
0x0052CC7A,080500fd
0x0052CC7B,08080500
0x0052CCFC,080300fd
0x0052CD22,08030104
0x0052CD25,08020208
0x0052CD29,080a0a0b
0x0052CE43,08060404
0x0052CE80,0804fffd
0x0052CF96,0807fe07
0x0052CFD1,08060905
0x0052D8C0,08030101
0x0052D924,080c02fd
0x0052D935,08101009
0x0052D940,0803fbef
0x0052D953,0804fff7
0x0052DA36,0804fffc
0x0052DA37,080804ff
0x0052DA3F,0803fefc
0x0052DA42,08090908
0x0052DA4C,080c0c0a
0x0052DA82,08070404
0x0052DACF,08060309
0x0052DB04,0800fdfb
0x0052DB52,08141000
0x0052DB63,0805060e
0x0052DB75,080d1403
0x0052DC0B,080e120f
0x0052DC8B,081b130d
0x0052DC90,08201904
0x0052DCA9,0806fe04
0x0052DCAC,08050408
0x0052DD0A,080e160b
0x0052DD0B,08080e16
0x0052DD0F,0807120f
0x0052DD2B,08101313
0x0052DD65,0807f6e9
0x0052DD7B,0802010d
0x0052DD8B,0800fdf6
0x0052DD8E,08070a08
0x0052DD94,08020a0b
0x0052DD9A,08060915
0x0052DDB1,0804f7ee
0x0052DE4E,0802eede
0x0052DEB9,08040703
0x0052DEBB,080b0804
0x0052DED2,080d07fe
0x0052DF02,08090d0b
0x0052DF08,080f1004
0x0052DF63,08161927
0x0052DF72,08070907
0x0052DF7B,0801f4f0
0x0052E057,08090c0a
0x0052E1E3,08111811
0x0052E255,08050007
0x0052E30E,08090401
0x0052E310,08090809
0x0052E33D,080904fd
0x0052E384,080602f9
0x0052E446,080c140e
0x0052E474,0800faf3
0x0052E4AC,080b03fa
0x0052E512,080d0e01
0x0052E61F,080d0702
0x0052E662,080a0a0e
0x0052E699,080c0a07
0x0052E6F5,08000e13
0x0052E7D9,080601fb
0x0052E7DA,08080601
0x0052E874,080d200b
0x0052E88F,0803ff01
0x0052E8F2,08060404
0x0052E8FA,0803070c
0x0052E8FB,08080307
0x0052E931,080c0c11
0x0052E939,0800fcf2
0x0052E970,080c0b14
0x0052E9CD,08000a15
0x0052EA0C,08313616
0x0052EA21,0802eede
0x0052EA37,0811170f
0x0052EAE2,08090604
0x0052EAE4,08060809
0x0052EB47,0808141f
0x0052EBC7,08060504
0x0052EBCB,08090c0a
0x0052EBDA,080100fe
0x0052EC46,080204fb
0x0052EC51,08040001
0x0052EC7A,08020e22
0x0052ED83,080c0605
0x0052EDA8,08121207
0x0052EE11,080b06fe
0x0052F01E,08130f06
0x0052F149,08060b07
0x0052F160,0800fbfb
0x0052F1C0,0800f4e8
0x0052F28E,080b05ff
0x0052F299,08020302
0x0052F2F9,0806f9fb
0x0052F349,08070c0e
0x0052F3CD,08060501
0x0052F40E,080d120d
0x0052F413,08090703
0x0052F426,080a01f8
0x0052F43D,080d1316
0x0052F479,08093228
0x0052F4A7,080f0c0d
0x0052F4C0,0807f9e7
0x0052F60D,0800fa02
0x0052F648,080c0701
0x0052F6B1,08040404
0x0052F76A,0800fffa
0x0052F7AA,080b0c0b
0x0052F7AC,0802080b
0x0052F7BA,0809100d
0x0052F8A5,08252107
0x0052F8DA,08100f0c
0x0052F9CB,0802fbfa
0x0052FA3F,08171e0e
0x0052FA6E,08040205
0x0052FAFA,080501f9
0x0052FB09,081b0bf5
0x0052FB2E,080a0c07
0x0052FC47,080f0b04
0x0052FC75,080f04f2
0x0052FC7A,081100ec
0x0052FC91,0801f7ff
0x0052FCAB,08010408
0x0052FCD6,08060d04
0x0052FD63,0800f3f1
0x0052FD8A,080e0d0d
0x0052FDB5,080d0b0a
0x0052FEB7,080c03fc
0x0052FFFB,080b0e0e
0x00530042,08040405
0x005300A5,0807050e
0x00530181,08070401
0x00530193,0801f4e0
0x00530283,08001003
0x00530285,08020800
0x005302AF,080703fe
0x005303DB,0802fff6
0x00530439,0800f7f7
0x0053046B,080204fc
0x0053046D,08070802
0x005304BE,0800f5eb
0x005304D8,0806eee1
0x005304DE,0804feef
0x0053051B,080404ff
0x00530527,08111301
0x00530528,08081113
0x00530529,08080811
0x005305BA,080e0b05
0x005305C7,0805f6f1
0x005305F8,08141f14
0x00530690,0803030a
0x005306BB,080b07ef
0x00530720,0804fcf5
0x005307A0,08100303
0x005307A5,0809130b
0x005307F4,0802fcf5
0x005307F8,080a090b
0x005307FB,08050308
0x005308B5,080200ff
0x005308C1,0802ff00
0x005308D5,0802f4eb
0x005308D6,080802f4
0x0053090E,0807fefc
0x00530932,08151408
0x00530972,08121713
0x005309F4,0805fdf9
0x00530A43,081109f6
0x00530AB4,08030200
0x00530ABD,0804fef8
0x00530B7B,080e100f
0x00530B89,08070707
0x00530CBF,08060201
0x00530CDE,080a0a09
0x00530CF2,080703fe
0x00530D7E,080b04ed
0x00530D99,0807fef4
0x00530DA7,080200fe
0x00530DAB,080e1211
0x00530DCD,08030301
0x00530DE2,080503fc
0x00530DEA,0802fafc
0x00530EB2,0804fcf9
0x00530EF9,080a0a0b
0x00530F06,08050305
0x00530F0B,0800fdfe
0x00530F60,0806faef
0x00530FCD,081714fd
0x00530FDB,0810110c
0x0053102F,0800f7f4
0x005310E5,08050e04
0x00531111,080c0f06
0x00531129,080703fe
0x005311E2,0805ff00
0x0053122B,0803fef9
0x005312B1,08050602
0x005312C0,08020206
0x005312CC,08070402
0x005312D6,0805fdf9
0x005312DD,0804fffc
0x00531322,08050302
0x0053132D,08090602
0x00531348,08060200
0x00531363,0802fcf5
0x00531393,080603fc
0x0053139A,0800fdfd
0x0053139B,080800fd
0x005313B5,08040303
0x005313DB,0803f9f8
0x005313DD,080b0803
0x0053140C,080602fe
0x0053140D,08080602
0x00531486,08090604
0x005314A8,080e1515
0x005314B1,080600fd
0x005314FC,080300ff
0x00531587,0802f2e7
0x00531591,080c0700
0x005315B7,080b0c0a
0x005315F2,0806fffc
0x00531615,080a090c
0x005316C1,08050100
0x005316C4,080b0b08
0x005316F3,0800fbf7
0x0053171D,08080603
0x00531791,0802fdfa
0x00531798,0803fdf9
0x00531808,0802fcf7
0x00531811,0800f8f3
0x00531AB4,0806ffff
0x00531E39,0804fdb1
0x00531EB9,080707ea
0x00531ED9,080406f8
0x00531EF8,0803ffb9
0x00531F38,08010cd3
0x00531FD8,080d0106
0x00532097,08050208
0x005320B7,08060207
0x00532117,08050402
0x0053211A,080e0b08
0x0053215A,080d0409
0x0053219B,08070604
0x005321C1,0810090a
0x0053231F,08285951
0x005325E6,080400f4
0x00532623,0800f7f7
0x005327CD,08192c3f
0x005327FF,0804ebc4
0x005328CC,0809070b
0x005328CD,08080907
0x0053297B,08111f28
0x00532C4D,080502fc
0x00532C4E,08080502
0x00532C52,08000306
0x00533034,0803fdfb
0x00533036,08070803
0x00533371,080200fe
0x00533372,08080200
0x005333B7,080a090f
0x00533464,08070b09
0x00533465,0808070b
0x005334BD,08060402
0x00533655,080a0c10
0x005336B2,08050303
0x005336B3,08080503
0x005336B5,08060808
0x0053375A,08060501
0x005337A6,080c0c11
0x00533849,0809070b
0x005338AA,08070605
0x005338EF,080c0d0f
0x00533995,080c1112
0x00533A9E,08060101
0x00533A9F,08080601
0x00533B44,08070406
0x00533B46,08070807
0x00533B8A,08090e12
0x00533B8B,0808090e
0x00533D3C,08030204
0x00533D85,08090b0d
0x00533DE5,08060607
0x00533E8A,08040501
0x00533E8D,08070908
0x00533F39,080b0a0a
0x00533FDE,08070505
0x00534020,080a0b0c
0x005340C7,08090e0c
0x005340C8,0808090e
0x0053412A,08040302
0x0053412D,08040308
0x0053416E,080a0b0c
0x005341D4,08070504
0x00534214,080d0f10
0x00534215,08080d0f
0x00534216,0808080d
0x0053427D,08070604
0x005342BC,0809090b
0x00534328,08070601
0x00534364,08090c0a
0x005343CE,08070604
0x0053440C,080a0b0a
0x0053440E,0807080a
0x00534411,08050608
0x00534474,08070605
0x005344B1,08090b0c
0x0053451B,08070605
0x0053451E,080a0908
0x00534556,08090b0c
0x00534558,08090809
0x005345C4,08070603
0x00534600,0809090b
0x00534601,08080909
0x005346A8,080a0a0b
0x005347BF,08060907
0x005347F4,080a0a0b
0x005347F6,0807080a
0x00534862,08070605
0x0053489A,080c090d
0x0053490E,08060407
0x00534914,080b0a09
0x0053493F,080a0a0b
0x005349B7,08070506
0x005349B9,08090807
0x005349E5,0809090b
0x005349E6,08080909
0x005349EA,08050706
0x005349EB,08080507
0x00534A5E,08070503
0x00534A90,08080a07
0x00534B0A,08080907
0x00534B27,080c0c0c
0x00534B35,080a0909
0x00534B39,08060706
0x00534BB2,08070706
0x00534BB7,080b0907
0x00534BD9,08080a0a
0x00534BDD,08070709
0x00534BDF,08060807
0x00534C57,08060505
0x00534C5B,08090705
0x00534C78,08080a0a
0x00534C80,08070709
0x00534C81,08080707
0x00534D02,08060907
0x00534D21,08070709
0x00534D22,08080707
0x00534D23,08080807
0x00534D24,08080808
0x00534D26,08060808
0x00534D27,08080608
0x00534D28,08080806
0x00534D29,08080808
0x00534D2A,08080808
0x00534DA4,08060706
0x00534DA9,08060907
0x00534DB0,080a0909
0x00534DB8,080b0909
0x00534DB9,08080b09
0x00534DBB,08090808
0x00534DBC,08080908
0x00534DC8,08070909
0x00534DC9,08080709
0x00534DCA,08080807
0x00534DD0,08050507
0x00534E52,08060907
0x00534E57,08090907
0x00534E58,08080909
0x00534E59,08080809
0x00534E5C,08080a08
0x00534E5D,0808080a
0x00534E65,08090909
0x00534E66,08080909
0x00534E67,08080809
0x00534E68,08080808
0x00534E69,08080808
0x00534E6A,08080808
0x00534E6B,08080808
0x00534E6C,08080808
0x00534E6D,08080808
0x00534E6E,08080808
0x00534E6F,08080808
0x00534E70,08080808
0x00534E71,08080808
0x00534E72,08080808
0x00534EF6,08060405
0x00534EFB,08060907
0x00534F01,08090707
0x00534F05,08090606
0x00534F06,08080906
0x00534F07,08080809
0x00534F08,08080808
0x00534F09,08080808
0x00534F0A,08080808
0x00534F1B,08050707
0x00534F1C,08080507
0x00534FAE,08090707
0x00534FAF,08080907
0x00534FB0,08080809
0x00534FB1,08080808
0x00534FB6,08070709
0x00534FB7,08080707
0x00534FBC,08050707
0x00534FBD,08080507
0x0053504D,08060607
0x0053504F,08060806
0x00535050,08080608
0x0053505A,08070707
0x0053505B,08080707
0x0053505C,08080807
0x0053505D,08080808
0x005350F0,08060406
0x005350F9,08060606
0x005351A6,08060606
0x00535D31,08535d09
0x00535D45,08535d09
0x00535D4A,08535d1c
0x00535D4F,08535d09
0x00535D89,08535d61
0x00535D9D,08535d61
0x00535DA2,08535d74
0x00535DA7,08535d61
0x00535DAC,08535d74
0x00535DD1,08535d08
0x00535E10,08535ddd
0x00535E2F,08535ddd
0x00535E34,08535df0
0x00535E39,08535ddd
0x00535E7E,08535e4b
0x00535E9D,08535e4b
0x00535EA2,08535e5e
0x00535EA7,08535e4b
0x00535EAC,08535e5e
0x00535EF3,08535ddc
0x00535F47,08535f00
0x00535F64,08535f00
0x00535F69,08535f29
0x00535F6E,08535f00
0x00535FBB,08535f74
0x00535FD9,08535f74
0x00535FDE,08535f9d
0x00535FE3,08535f74
0x00535FE8,08535fbb
0x00536023,08535fe8
0x00536028,08535eff
0x0053605C,08536034
0x00536070,08536034
0x00536075,08536047
0x0053607A,08536034
0x005360B4,0853608c
0x005360C8,0853608c
0x005360CD,0853609f
0x005360D2,0853608c
0x005360D7,0853609f
0x005360F9,085360d7
0x005360FE,08536033
0x00536145,08536126
0x0053614A,08536126
0x0053614F,08536126
0x00536154,08536126
0x00536159,08536126
0x00536173,08536111
0x00536178,08536126
0x0053617D,08536126
0x00536182,08536126
0x00536187,08536126
0x0053618C,08536126
0x00536191,08536126
0x005361D3,08536109
0x0053621B,085361f7
0x00536231,085361f7
0x00536236,0853621b
0x0053623B,085361f7
0x00536254,085361f7
0x00536259,08536206
0x0053625E,085361f7
0x00536263,0853621b
0x00536268,085361f7
0x0053626D,0853621b
0x00536272,085361f7
0x005362B9,085361de
0x005362DC,085362c5
0x005362E1,085362cd
0x005362E6,085362c5
0x005362EB,085362cd
0x005362F0,085362c5
0x005362F5,085362cd
0x005362FA,085362c5
0x005362FF,085362cd
0x00536304,085362c5
0x00536309,085362cd
0x0053630E,085362c5
0x00536313,085362cd
0x00536318,085362c5
0x0053631D,085362cd
0x0053632C,0853631d
0x00536331,0853631d
0x00536336,085362c4
0x00536366,08536341
0x00536369,0800b108
0x00536374,08535cfc
0x00536378,08535dd2
0x0053637C,08535ef5
0x00536380,08536029
0x00536384,085360ff
0x00536388,085361d4
0x0053638C,085362ba
0x00536390,08536337
0x005363CD,085363a2
0x0053640A,085363a2
0x0053640F,085363b7
0x00536414,085363a2
0x00536435,085363a2
0x0053646B,08536441
0x00536480,0853646b
0x00536494,08536441
0x00536499,08536456
0x0053649E,08536441
0x0053650E,08536441
0x0053657C,08536534
0x005365E8,08536595
0x0053660B,0853651d
0x005366DC,08536619
0x0053674F,085366e0
0x00536754,085366e0
0x00536759,085366e0
0x0053675E,08536617
0x0053679A,0853676a
0x005367AE,0853679a
0x005367BC,0853676a
0x005367C1,0853677e
0x005367C6,0853676a
0x005367E3,085367d3
0x005367E8,085367d3
0x005367ED,085367d3
0x005367F2,0853676a
0x00536868,085367fe
0x0053689D,08536868
0x005368CF,085367fe
0x005368D4,08536835
0x005368D9,085367fe
0x00536911,085367fe
0x00536974,0853691d
0x00536979,08536947
0x0053697E,08536947
0x00536983,08536947
0x00536988,0853691d
0x0053698D,08536947
0x00536992,0853691d
0x005369C9,0853691d
0x00536A07,085369e9
0x00536A0C,085369f5
0x00536A11,085369d5
0x00536A50,08536a23
0x00536A90,08536a23
0x00536A95,08536a39
0x00536A9A,08536a23
0x00536ABC,08536a23
0x00536B2E,08536ae4
0x00536B9D,08536b48
0x00536BC1,08536acc
0x00536BD0,08536390
0x00536BD4,08536436
0x00536BD8,0853650f
0x00536BDC,0853660c
0x00536BE0,0853675f
0x00536BE4,085367f3
0x00536BE8,08536912
0x00536BEC,085369ca
0x00536BF0,08536a12
0x00536BF4,08536abe
0x00536C35,08536c01
0x00536C56,08536c01
0x00536C5B,08536c1a
0x00536C60,08536c01
0x00536C7D,08536c01
0x00536C82,08536c1a
0x00536C87,08536c01
0x00536C8C,08536c35
0x00536C91,08536c01
0x00536C96,08536c1a
0x00536C9B,08536c01
0x00536CA0,08536c60
0x00536CFB,08536ca0
0x00536D00,08536cb4
0x00536D05,08536cd3
0x00536D0A,08536ce7
0x00536D0F,08536c01
0x00536D62,08536d1b
0x00536D8A,08536d1b
0x00536D8F,08536d3e
0x00536D94,08536d1b
0x00536D99,08536d62
0x00536D9E,08536d1b
0x00536DA3,08536d3e
0x00536DA8,08536d1b
0x00536DAD,08536d62
0x00536DB2,08536d1b
0x00536DB7,08536d3e
0x00536DBC,08536d1b
0x00536DC1,08536d62
0x00536E2B,08536de4
0x00536E30,08536dc1
0x00536E35,08536de4
0x00536E3A,08536e03
0x00536E3F,08536de4
0x00536E44,08536d1b
0x00536E80,08536e5a
0x00536E96,08536e5a
0x00536E9B,08536e67
0x00536EA0,08536e5a
0x00536EA5,08536e80
0x00536EAA,08536e5a
0x00536EAF,08536e67
0x00536EB4,08536e5a
0x00536EB9,08536e80
0x00536EF9,08536eb9
0x00536EFE,08536ecc
0x00536F03,08536ed8
0x00536F17,08536e50
0x00537008,08536fb2
0x0053700D,08536fc7
0x0053702E,08536f23
0x0053706A,0853703a
0x00537081,0853703a
0x00537086,0853704e
0x0053708B,0853703a
0x00537090,0853706a
0x00537095,0853703a
0x0053709A,0853704e
0x0053709F,0853703a
0x005370A4,0853706a
0x005370A9,0853703a
0x005370AE,0853704e
0x005370B3,0853703a
0x005370B8,0853706a
0x005370E2,0853703a
0x005370F7,085370b8
0x005370FC,085370cc
0x00537101,0853703a
0x00537116,0853703a
0x00537144,08537131
0x00537155,08537131
0x0053715A,08537131
0x0053715F,08537131
0x0053716F,08537125
0x00537174,08537131
0x00537179,08537131
0x0053717E,0853715f
0x00537183,08537131
0x00537188,08537131
0x0053718D,08537131
0x0053719D,08537131
0x005371A2,08537131
0x005371A7,0853715f
0x005371AC,08537125
0x005371B1,08537131
0x005371B6,08537131
0x005371C3,08537125
0x00537202,085371e3
0x00537218,085371e3
0x0053721D,085371f2
0x00537222,085371e3
0x00537239,085371e3
0x0053723E,085371f2
0x00537243,085371e3
0x00537248,08537202
0x0053724D,085371e3
0x00537252,085371f2
0x00537257,085371e3
0x00537293,085371e3
0x00537298,08537202
0x0053729D,085371e3
0x005372A2,085371f2
0x005372A7,085371e3
0x005372C5,085371e3
0x005372F7,085372d6
0x00537301,085372e1
0x0053730B,085372d6
0x00537315,085372e1
0x0053731F,085372d6
0x00537329,085372e1
0x00537339,08537329
0x00537343,08537329
0x0053734D,08537329
0x00537357,085372d1
0x0053738A,08537363
0x00537481,08537425
0x00537486,0853743e
0x005374B0,08537396
0x005374C0,08536bf4
0x005374C4,08536d10
0x005374C8,08536e45
0x005374CC,08536f18
0x005374D0,0853702f
0x005374D4,08537117
0x005374D8,085371c4
0x005374DC,085372c6
0x005374E0,08537358
0x005374E4,0853738b
0x00537527,085374f0
0x0053753E,085374f0
0x00537543,08537509
0x00537573,085374f0
0x00537578,08537509
0x0053757D,08537543
0x00537582,08537559
0x005375B9,08537582
0x005375BE,0853759b
0x005375C3,08537582
0x005375C8,0853759b
0x005375CD,08537582
0x005375D2,0853759b
0x005375D7,085374f0
0x005376EF,085375e5
0x0053772B,085376fa
0x00537730,085376fa
0x0053775A,085376fa
0x0053775F,085376fa
0x00537764,085376fa
0x00537769,085376fa
0x0053776E,085376fa
0x00537773,085376fa
0x00537778,085376fa
0x005377D4,085377a3
0x005377D9,085377a3
0x005377DE,085377a3
0x005377E3,085377a3
0x005377E8,085377a3
0x005377ED,085377a3
0x005377F2,085377a3
0x005377F7,085376fa
0x00537836,08537802
0x00537849,08537802
0x0053784E,08537819
0x00537853,08537802
0x00537858,08537819
0x0053785D,08537802
0x00537862,08537819
0x00537867,08537802
0x0053786C,08537819
0x005378A1,0853786c
0x005378A6,08537884
0x005378AB,0853786c
0x005378B0,08537884
0x005378B5,0853786c
0x005378BA,08537884
0x005378BF,08537802
0x005378E9,085378ca
0x005378EE,085378ca
0x0053791E,085378ca
0x00537923,085378ca
0x00537928,085378ca
0x0053792D,085378ca
0x00537932,085378ca
0x00537937,085378ca
0x00537954,08537901
0x00537959,085378ca
0x0053795E,085378ca
0x00537963,085378ca
0x00537968,085378ca
0x0053796D,085378ca
0x00537972,085378ca
0x00537977,08537937
0x0053797C,085378ca
0x0053799F,08537987
0x005379A4,08537987
0x005379C8,08537987
0x005379CD,08537987
0x005379D2,08537987
0x005379D7,08537987
0x005379DC,08537987
0x005379E1,08537987
0x005379E6,08537987
0x00537A29,08537a08
0x00537A2E,08537a08
0x00537A33,08537a08
0x00537A38,08537a08
0x00537A3D,08537a08
0x00537A42,08537a08
0x00537A6E,08537987
0x00537B8D,08537a7c
0x00537B9C,085374e4
0x00537BA0,085375d8
0x00537BA4,085376f0
0x00537BA8,085377f8
0x00537BAC,085378c0
0x00537BB0,0853797d
0x00537BB4,08537a6f
0x00537BFD,08537bc2
0x00537C39,08537bfe
0x00537C41,08537bc0
0x00537C74,08537c4e
0x00537C79,08537c4e
0x00537C7E,08537c4e
0x00537CA4,08537c7e
0x00537CA9,08537c7e
0x00537CAE,08537c7e
0x00537CDF,08537cae
0x00537CE4,08537c4c
0x00537D0D,08537cf1
0x00537D4D,08537d31
0x00537D72,08537cef
0x00537D8D,08537d7d
0x00537D92,08537d7d
0x00537D97,08537d7d
0x00537D9C,08537d7d
0x00537DA1,08537d7d
0x00537DB1,08537da1
0x00537DB6,08537da1
0x00537DBB,08537da1
0x00537DC0,08537d7d
0x00537DC5,08537d7d
0x00537DCA,08537d7d
0x00537E66,08537e07
0x00537E6B,08537dd5
0x00537E70,08537e07
0x00537E75,08537e37
0x00537E7A,08537e07
0x00537E7F,08537dd5
0x00537EA9,08537e37
0x00537ED5,08537dd5
0x00537F0D,08537ee0
0x00537F12,08537ee0
0x00537F17,08537ee0
0x00537F31,08537ee0
0x00537F36,08537ee0
0x00537F3B,08537ee0
0x00537F59,08537ee0
0x00537F7B,08537ee0
0x00537F88,08537bb4
0x00537F8C,08537c42
0x00537F90,08537ce5
0x00537F94,08537d73
0x00537F98,08537dcb
0x00537F9C,08537ed6
0x00537FC0,08537fa8
0x00537FC5,08537fa8
0x00537FCA,08537fa8
0x00537FCF,08537fa8
0x00537FD4,08537fa8
0x00537FD9,08537fa8
0x00537FDE,08537fa8
0x00537FE3,08537fa8
0x00537FE8,08537fa8
0x00538000,08537fe8
0x00538005,08537fe8
0x0053800A,08537fe8
0x0053800F,08537fe8
0x00538014,08537fe8
0x00538019,08537fe8
0x0053801E,08537fe8
0x00538023,08537fa8
0x00538028,08537fa8
0x0053802D,08537fa8
0x0053804F,0853803b
0x00538088,08538052
0x0053808D,08538063
0x00538092,08538075
0x0053809A,08538039
0x0053816A,085380a5
0x005381A5,08538177
0x005381C6,08538177
0x005381CB,0853818a
0x00538209,08538177
0x0053820E,0853818a
0x00538213,08538177
0x00538218,085381a5
0x0053821D,08538177
0x00538222,0853818a
0x00538227,085381cb
0x0053825A,08538175
0x00538281,08538268
0x00538286,08538271
0x005382BF,08538288
0x005382C4,08538296
0x005382C9,085382a7
0x005382D1,08538266
0x0053839D,085382dc
0x005383C1,085383a8
0x005383C6,085383a8
0x005383CB,085383a8
0x005383D0,085383a8
0x005383D5,085383a8
0x005383DA,085383a8
0x005383DF,085383a8
0x005383E4,085383a8
0x005383E9,085383a8
0x00538402,085383e9
0x00538407,085383e9
0x0053840C,085383e9
0x00538411,085383e9
0x00538416,085383e9
0x0053841B,085383e9
0x00538420,085383e9
0x00538425,085383a8
0x0053842A,085383a8
0x0053842F,085383a8
0x00538440,08537f9c
0x00538444,0853802e
0x00538448,0853809b
0x0053844C,0853816b
0x00538450,0853825b
0x00538454,085382d2
0x00538458,0853839e
0x0053847B,08538464
0x00538480,08538464
0x00538497,08538464
0x0053849C,08538480
0x005384B3,08538480
0x005384B8,08538464
0x005384BD,08538464
0x005384C2,08538464
0x005384C7,08538480
0x005384CC,08538464
0x005384D1,08538480
0x005384D6,0853849c
0x005384DB,08538480
0x005384E0,08538464
0x005384FE,0853847b
0x0053852F,08538513
0x00538551,0853850b
0x00538556,08538513
0x0053855B,0853851e
0x00538560,08538513
0x00538565,0853852f
0x00538585,0853850b
0x0053858A,08538513
0x005385D8,085385bb
0x005386A6,08538610
0x0053875A,08538595
0x005387B9,08538766
0x005387BE,0853876e
0x005387C3,0853877a
0x005387C8,08538785
0x005387CD,08538793
0x005387F3,08538766
0x005387F8,0853876e
0x0053884C,0853882e
0x0053885B,0853880a
0x00538860,08538816
0x00538865,08538820
0x0053886A,0853882e
0x0053886F,08538838
0x0053888E,0853880a
0x0053889C,08538458
0x005388A0,085384ff
0x005388A4,0853858b
0x005388A8,0853875b
0x005388AC,085387fa
0x005388E1,085388b8
0x005388E6,085388ce
0x0053890F,085388b8
0x00538914,085388ce
0x00538961,085388b8
0x00538966,085388ce
0x0053896B,085388b8
0x00538970,085388ce
0x00538975,085388e6
0x0053897A,085388fc
0x0053897F,085388b8
0x00538984,085388ce
0x00538989,08538914
0x0053898E,08538927
0x00538993,0853893a
0x00538998,08538950
0x0053899D,085388b8
0x005389D5,085389a8
0x005389DA,085389c3
0x00538A07,085389a8
0x00538A0C,085389c3
0x00538A37,085389a8
0x00538A48,085389a8
0x00538A4D,085389c3
0x00538A52,085389a8
0x00538A57,085389c3
0x00538A5C,085389da
0x00538A61,085389f5
0x00538A66,085389a8
0x00538A6B,085389c3
0x00538A70,08538a0c
0x00538A75,08538a1f
0x00538A7A,085389a8
0x00538A7F,08538a37
0x00538A84,085389a8
0x00538B51,08538a8f
0x00538B77,08538b5c
0x00538B7C,08538b63
0x00538BF3,08538ba2
0x00538C0A,08538ba2
0x00538C20,08538ba2
0x00538C25,08538bb6
0x00538C2A,08538b7c
0x00538C2F,08538b90
0x00538C34,08538ba2
0x00538C39,08538bb6
0x00538C3E,08538bc8
0x00538C43,08538bdb
0x00538C48,08538ba2
0x00538C4D,08538bf3
0x00538C52,08538b5c
0x00538C7E,08538c5d
0x00538CA6,08538c93
0x00538CC3,08538c85
0x00538CC8,08538c93
0x00538CCD,08538c93
0x00538CD2,08538c93
0x00538CD7,08538c85
0x00538CDC,08538c93
0x00538CE1,08538c93
0x00538CE6,08538ca6
0x00538CF0,08538cb6
0x00538CF6,08538c5d
0x00538D14,08538d01
0x00538D5A,08538d28
0x00538DB2,08538d75
0x00538DD3,08538d28
0x00538DD8,08538d40
0x00538DDD,08538d28
0x00538DFB,08538d28
0x00538E00,08538d40
0x00538E05,08538d28
0x00538E0A,08538d5a
0x00538E0F,08538d75
0x00538E14,08538d8f
0x00538E19,08538d75
0x00538E1E,08538db2
0x00538E23,08538d01
0x00538E56,08538e2e
0x00538E5B,08538e43
0x00538E69,08538e5b
0x00538E79,08538e5b
0x00538E86,08538e5b
0x00538E8B,08538e5b
0x00538E90,08538e69
0x00538E95,08538e5b
0x00538E9A,08538e5b
0x00538E9F,08538e5b
0x00538EA4,08538e69
0x00538EA9,08538e5b
0x00538EB6,08538e2e
0x00538EE6,08538ecf
0x00538EEB,08538ecf
0x00538F04,08538ecf
0x00538F09,08538ecf
0x00538F0E,08538ecf
0x00538F13,08538eeb
0x00538F18,08538ec1
0x00538FEB,08538f23
0x00538FF8,085388ac
0x00538FFC,0853899e
0x00539000,08538a85
0x00539004,08538b52
0x00539008,08538c53
0x0053900C,08538cf7
0x00539010,08538e24
0x00539014,08538eb7
0x00539018,08538f19
0x00539070,0853903c
0x005390E3,085390b3
0x005390E8,08539099
0x005390ED,085390b3
0x005390F2,08539099
0x00539109,0853902e
0x00539196,0853914d
0x0053919B,0853915d
0x005391A6,0853916d
0x00539205,085391c7
0x00539217,085391e0
0x0053921C,085391ee
0x00539267,08539147
0x005393B3,08539279
0x005393F9,085393dc
0x0053943A,085393dc
0x00539457,085393dc
0x0053945C,085393f9
0x00539461,08539408
0x00539466,08539417
0x0053946B,08539426
0x00539470,085393dc
0x00539475,0853943a
0x005394C5,08539484
0x005394DB,085394a2
0x0053950A,085393f4
0x0053953B,08539517
0x0053955A,0853953b
0x0053955F,0853953b
0x00539564,0853953b
0x00539569,0853953b
0x00539591,08539517
0x00539596,0853953b
0x0053959B,0853953b
0x005395A0,0853953b
0x005395A5,0853953b
0x005395AA,0853953b
0x005395AF,08539569
0x005395B4,0853957b
0x005395B9,08539517
0x005395D7,0853953b
0x005395EF,08539517
0x005395F4,0853953b
0x005395F9,0853953b
0x00539623,08539536
0x0053963F,0853962e
0x00539674,0853965e
0x00539679,0853965e
0x00539691,0853965e
0x00539696,0853965e
0x005396C9,0853965e
0x005396CE,0853965e
0x005396D3,0853965e
0x005396D8,08539679
0x005396DD,0853965e
0x005396E2,0853965e
0x005396E7,08539696
0x005396EC,085396ae
0x005396FE,085396ec
0x00539736,08539710
0x0053973B,085396ae
0x00539751,0853964e
0x00539756,0853965e
0x00539792,08539761
0x00539797,08539770
0x0053979C,08539761
0x005397A1,08539770
0x005397A6,08539761
0x005397AB,08539770
0x005397B0,08539761
0x005397B5,08539770
0x005397BA,08539761
0x005397BF,08539770
0x005397C4,08539761
0x005397C9,08539770
0x005397CE,08539761
0x005397D3,08539770
0x005397D8,08539761
0x005397DD,08539770
0x005397E6,08539761
0x005397EB,08539770
0x005397F0,08539761
0x005397F5,08539770
0x005397FA,08539781
0x00539800,0853978d
0x0053984C,08539810
0x00539856,08539810
0x00539860,08539810
0x0053986A,08539810
0x0053986F,08539818
0x00539878,08539822
0x00539908,0853988b
0x00539A56,0853991a
0x00539A64,08539018
0x00539A68,0853910a
0x00539A6C,08539268
0x00539A70,085393b4
0x00539A74,0853950b
0x00539A78,08539624
0x00539A7C,08539757
0x00539A80,08539801
0x00539A84,08539879
0x00539A88,08539909
0x00539AD1,08539a98
0x00539AF2,08539a98
0x00539AF8,08539ab3
0x00539AFE,08539a98
0x00539B04,08539ad2
0x00539B5D,08539b40
0x00539B80,08539b21
0x00539B85,08539b40
0x00539BA6,08539a95
0x00539C05,08539bbd
0x00539C0A,08539bcd
0x00539C0F,08539bbd
0x00539C14,08539bcd
0x00539C19,08539bbd
0x00539C1E,08539bcd
0x00539C23,08539bbd
0x00539C28,08539bcd
0x00539C2D,08539bbd
0x00539C32,08539bcd
0x00539C37,08539bbd
0x00539C3C,08539bcd
0x00539C41,08539bbd
0x00539C46,08539bcd
0x00539C8E,08539bbd
0x00539C93,08539bcd
0x00539C98,08539c46
0x00539C9D,08539c56
0x00539CA2,08539bbd
0x00539CA7,08539bcd
0x00539CAC,08539bbd
0x00539CB1,08539bcd
0x00539CB6,08539bbd
0x00539CBB,08539bcd
0x00539CC0,08539bbd
0x00539CC5,08539bb2
0x00539DAE,08539d68
0x00539DB3,08539d7d
0x00539DB8,08539d90
0x00539DC2,08539cd4
0x00539DFA,08539dcd
0x00539DFF,08539de1
0x00539E04,08539dcd
0x00539E09,08539de1
0x00539E0E,08539dcd
0x00539E13,08539de1
0x00539E18,08539dcd
0x00539E1D,08539de1
0x00539E22,08539dcd
0x00539E27,08539de1
0x00539E2C,08539dcd
0x00539E31,08539de1
0x00539E36,08539dcd
0x00539E3B,08539de1
0x00539E40,08539dcd
0x00539E45,08539de1
0x00539E4A,08539dcd
0x00539E4F,08539de1
0x00539E7C,08539dcd
0x00539E81,08539de1
0x00539E86,08539e4f
0x00539E8B,08539e63
0x00539E90,08539dcd
0x00539E95,08539de1
0x00539E9E,08539de1
0x00539EA7,08539de1
0x00539EAC,08539dcd
0x00539EB1,08539de1
0x00539EDB,08539ebc
0x00539EE0,08539ebc
0x00539EE5,08539ebc
0x00539EFF,08539ebc
0x00539F04,08539ebc
0x00539F09,08539ebc
0x00539F0E,08539ebc
0x00539F13,08539ebc
0x00539F18,08539ebc
0x00539F1D,08539ebc
0x00539F22,08539ee5
0x00539F27,08539ebc
0x00539F2C,08539ebc
0x00539F31,08539ebc
0x00539F36,08539ebc
0x00539F3B,08539ebc
0x00539F40,08539ebc
0x00539F45,08539ebc
0x00539F95,08539f63
0x00539F9A,08539f63
0x00539F9F,08539f63
0x00539FA4,08539f63
0x00539FA9,08539f63
0x00539FAE,08539f63
0x00539FB3,08539f63
0x00539FB8,08539f63
0x00539FBD,08539f63
0x00539FC2,08539f63
0x00539FC7,08539ee5
0x00539FCC,08539ed6
0x00539FF0,08539fd7
0x00539FF5,08539fd7
0x0053A013,08539fd7
0x0053A018,08539fd7
0x0053A01D,08539fd7
0x0053A022,08539fd7
0x0053A027,08539fd7
0x0053A02C,08539fd7
0x0053A031,08539fd7
0x0053A036,08539ff5
0x0053A03B,08539fd7
0x0053A040,08539fd7
0x0053A045,08539fd7
0x0053A04A,08539fd7
0x0053A04F,08539fd7
0x0053A054,08539fd7
0x0053A059,08539fd7
0x0053A05E,08539ff5
0x0053A063,08539fd7
0x0053A068,08539fd7
0x0053A06D,08539fd7
0x0053A072,08539fd7
0x0053A077,08539fd7
0x0053A07C,08539fd7
0x0053A081,08539fd7
0x0053A086,08539ff5
0x0053A08B,08539fd7
0x0053A090,08539ff5
0x0053A095,08539fd7
0x0053A09A,08539ff5
0x0053A09F,08539fd7
0x0053A0A4,08539feb
0x0053A0E9,0853a0cb
0x0053A0F0,0853a0b0
0x0053A16B,0853a11f
0x0053A1D5,0853a18e
0x0053A1DA,0853a19f
0x0053A1DF,0853a1b2
0x0053A1E9,0853a0ff
0x0053A1ED,080000b1
0x0053A1F8,08539a88
0x0053A1FC,08539ba7
0x0053A200,08539cc6
0x0053A204,08539dc3
0x0053A208,08539eb2
0x0053A20C,08539fcd
0x0053A210,0853a0a5
0x0053A214,0853a0f1
0x0053A259,0853a220
0x0053A273,0853a220
0x0053A278,0853a23a
0x0053A27D,0853a220
0x0053A282,0853a259
0x0053A287,0853a220
0x0053A28C,0853a23a
0x0053A291,0853a220
0x0053A296,0853a259
0x0053A302,0853a296
0x0053A307,0853a2af
0x0053A30C,0853a2c9
0x0053A311,0853a2e3
0x0053A316,0853a220
0x0053A361,0853a321
0x0053A366,0853a321
0x0053A3A0,0853a321
0x0053A3A5,0853a321
0x0053A3AA,0853a321
0x0053A3AF,0853a366
0x0053A3B4,0853a321
0x0053A3B9,0853a321
0x0053A3BE,0853a321
0x0053A3C3,0853a366
0x0053A3D0,0853a321
0x0053A450,0853a3ec
0x0053A455,0853a403
0x0053A489,0853a3de
0x0053A4D2,0853a4a0
0x0053A4E5,0853a4b6
0x0053A4F8,0853a494
0x0053A647,0853a506
0x0053A689,0853a652
0x0053A6A1,0853a652
0x0053A6A6,0853a66b
0x0053A6AB,0853a652
0x0053A6B0,0853a689
0x0053A6B5,0853a652
0x0053A6BA,0853a66b
0x0053A6BF,0853a652
0x0053A6C4,0853a689
0x0053A755,0853a6c4
0x0053A75A,0853a6e7
0x0053A75F,0853a70b
0x0053A764,0853a72d
0x0053A769,0853a652
0x0053A7AB,0853a78c
0x0053A7CD,0853a774
0x0053A7D2,0853a78c
0x0053A7D7,0853a78c
0x0053A7DC,0853a7ab
0x0053A7E1,0853a774
0x0053A7E6,0853a78c
0x0053A7EB,0853a78c
0x0053A7FF,0853a774
0x0053A84A,0853a774
0x0053A84F,0853a7ff
0x0053A854,0853a81e
0x0053A869,0853a774
0x0053A8A2,0853a874
0x0053A8BD,0853a874
0x0053A8C2,0853a888
0x0053A8C7,0853a874
0x0053A8CC,0853a8a2
0x0053A8D1,0853a874
0x0053A8D6,0853a888
0x0053A8DB,0853a874
0x0053A903,0853a874
0x0053A949,0853a874
0x0053A94E,0853a903
0x0053A953,0853a91a
0x0053A974,0853a874
0x0053A9F0,0853a986
0x0053A9F5,0853a9a0
0x0053A9FA,0853a9bf
0x0053AA20,0853a982
0x0053AB6F,0853aa2e
0x0053AB80,0853a214
0x0053AB84,0853a317
0x0053AB88,0853a3d1
0x0053AB8C,0853a48a
0x0053AB90,0853a4f9
0x0053AB94,0853a648
0x0053AB98,0853a76a
0x0053AB9C,0853a86a
0x0053ABA0,0853a975
0x0053ABA4,0853aa21
0x0053AC23,0853abb2
0x0053AC29,0853abe8
0x0053AC3B,0853abb2
0x0053ACAC,0853ac48
0x0053ACB1,0853ac7b
0x0053ACB6,0853ac48
0x0053ACBB,0853ac7b
0x0053ACC0,0853ac48
0x0053ACC5,0853ac7b
0x0053ACCA,0853ac48
0x0053ACCF,0853ac7b
0x0053ACD4,0853ac48
0x0053ACD9,0853ac7b
0x0053ACDE,0853ac48
0x0053ACE3,0853ac7b
0x0053ACE8,0853ac48
0x0053ACED,0853ac7b
0x0053ACF2,0853ac48
0x0053ACF7,0853ac7b
0x0053ACFC,0853ac48
0x0053AD01,0853ac7b
0x0053AD06,0853ac48
0x0053AD3C,0853ad17
0x0053AE09,0853ad13
0x0053AE35,0853ae14
0x0053AE3A,0853ae1f
0x0053AE3F,0853ae14
0x0053AE44,0853ae1f
0x0053AE49,0853ae14
0x0053AE4E,0853ae1f
0x0053AE53,0853ae14
0x0053AE58,0853ae1f
0x0053AE83,0853ae58
0x0053AE88,0853ae6d
0x0053AE8D,0853ae58
0x0053AE92,0853ae6d
0x0053AE97,0853ae58
0x0053AE9C,0853ae6d
0x0053AEA1,0853ae14
0x0053AEA6,0853ae1f
0x0053AEAB,0853ae14
0x0053AEB0,0853ae1f
0x0053AEB5,0853ae30
0x0053AF15,0853aec0
0x0053AF1A,0853aec0
0x0053AF1F,0853aec0
0x0053AF24,0853aee2
0x0053AF29,0853aec0
0x0053AF2E,0853aec0
0x0053AF33,0853aec0
0x0053AF38,0853aee2
0x0053AF88,0853aec0
0x0053AF8D,0853af56
0x0053AF92,0853af38
0x0053AF97,0853af56
0x0053AF9C,0853aec0
0x0053AFA1,0853af56
0x0053AFA6,0853aec0
0x0053AFAB,0853aec0
0x0053AFB0,0853aec0
0x0053AFB5,0853aee2
0x0053AFBA,0853af10
0x0053AFF5,0853afc5
0x0053AFFA,0853afc5
0x0053AFFF,0853afc5
0x0053B004,0853afd5
0x0053B009,0853afc5
0x0053B00E,0853afc5
0x0053B013,0853afc5
0x0053B018,0853afd5
0x0053B01D,0853afc5
0x0053B03B,0853afc5
0x0053B05E,0853afc5
0x0053B063,0853b01d
0x0053B068,0853afc5
0x0053B06D,0853b03b
0x0053B072,0853afc5
0x0053B077,0853afc5
0x0053B07C,0853afc5
0x0053B081,0853afd5
0x0053B086,0853aff0
0x0053B0A5,0853b094
0x0053B0AB,0853b094
0x0053B0B1,0853b094
0x0053B0B7,0853b094
0x0053B0BD,0853b094
0x0053B0C3,0853b094
0x0053B0C9,0853b094
0x0053B0CF,0853b094
0x0053B0D5,0853b094
0x0053B0DA,0853b093
0x0053B0FC,0853b0e7
0x0053B102,0853b0e7
0x0053B108,0853b0e7
0x0053B10E,0853b0e7
0x0053B114,0853b0e7
0x0053B11A,0853b0e7
0x0053B120,0853b0e7
0x0053B126,0853b0e7
0x0053B12C,0853b0e7
0x0053B132,0853b0e7
0x0053B169,0853b143
0x0053B240,0853b13f
0x0053B250,0853aba4
0x0053B254,0853ac3c
0x0053B258,0853ad07
0x0053B25C,0853ae0a
0x0053B260,0853aeb6
0x0053B264,0853afbb
0x0053B268,0853b087
0x0053B26C,0853b0db
0x0053B270,0853b133
0x0053B2A6,0853b27c
0x0053B2AB,0853b296
0x0053B2B0,0853b27c
0x0053B2B5,0853b296
0x0053B2BA,0853b27c
0x0053B2BF,0853b296
0x0053B2C4,0853b27c
0x0053B2C9,0853b296
0x0053B2CE,0853b27c
0x0053B2D3,0853b296
0x0053B351,0853b30f
0x0053B356,0853b319
0x0053B35B,0853b30f
0x0053B360,0853b319
0x0053B365,0853b30f
0x0053B36A,0853b319
0x0053B36F,0853b30f
0x0053B374,0853b319
0x0053B379,0853b30f
0x0053B37E,0853b319
0x0053B383,0853b30f
0x0053B388,0853b319
0x0053B38D,0853b30f
0x0053B392,0853b319
0x0053B397,0853b30f
0x0053B39C,0853b319
0x0053B3A1,0853b30f
0x0053B3C1,0853b296
0x0053B3C6,0853b27c
0x0053B3CB,0853b296
0x0053B3D0,0853b2ab
0x0053B460,0853b421
0x0053B465,0853b403
0x0053B46A,0853b421
0x0053B46F,0853b43b
0x0053B514,0853b4c0
0x0053B51A,0853b4c0
0x0053B520,0853b4c0
0x0053B526,0853b4c0
0x0053B52C,0853b4c0
0x0053B532,0853b4c0
0x0053B53F,0853b3e0
0x0053B5FB,0853b54e
0x0053B629,0853b60a
0x0053B62E,0853b60a
0x0053B651,0853b60a
0x0053B656,0853b60a
0x0053B65B,0853b60a
0x0053B69D,0853b67d
0x0053B6A2,0853b67d
0x0053B6A7,0853b67d
0x0053B6AC,0853b67d
0x0053B6B1,0853b67d
0x0053B6B6,0853b67d
0x0053B6DA,0853b6b7
0x0053B6DF,0853b6c4
0x0053B6E4,0853b6b7
0x0053B6E9,0853b6c4
0x0053B6EE,0853b6b7
0x0053B706,0853b6b7
0x0053B70B,0853b6c4
0x0053B710,0853b6b7
0x0053B715,0853b6c4
0x0053B71A,0853b6b7
0x0053B71F,0853b6c4
0x0053B724,0853b6b7
0x0053B729,0853b6ee
0x0053B736,0853b60a
0x0053B762,0853b745
0x0053B767,0853b745
0x0053B784,0853b745
0x0053B789,0853b745
0x0053B78E,0853b745
0x0053B793,0853b767
0x0053B798,0853b745
0x0053B79D,0853b745
0x0053B7A2,0853b745
0x0053B7A7,0853b745
0x0053B7AC,0853b745
0x0053B7B1,0853b745
0x0053B7B6,0853b745
0x0053B7BB,0853b767
0x0053B7C0,0853b745
0x0053B7C5,0853b745
0x0053B7CA,0853b745
0x0053B7E7,0853b745
0x0053B7EC,0853b745
0x0053B7F1,0853b745
0x0053B7F6,0853b745
0x0053B7FB,0853b745
0x0053B800,0853b745
0x0053B805,0853b745
0x0053B80A,0853b7ca
0x0053B80F,0853b745
0x0053B814,0853b745
0x0053B819,0853b745
0x0053B81E,0853b745
0x0053B823,0853b745
0x0053B828,0853b745
0x0053B82D,0853b767
0x0053B832,0853b767
0x0053B83E,0853b745
0x0053B877,0853b85c
0x0053B87C,0853b85c
0x0053B89E,0853b85c
0x0053B8A3,0853b85c
0x0053B8A8,0853b85c
0x0053B8D0,0853b85c
0x0053B8D5,0853b85c
0x0053B8DA,0853b85c
0x0053B8F9,0853b85c
0x0053B8FE,0853b85c
0x0053B903,0853b85c
0x0053B92B,0853b85c
0x0053B930,0853b85c
0x0053B935,0853b85c
0x0053B955,0853b85c
0x0053B95A,0853b85c
0x0053B95F,0853b85c
0x0053B980,0853b85c
0x0053B985,0853b85c
0x0053B98A,0853b85c
0x0053B98F,0853b935
0x0053B994,0853b85c
0x0053B999,0853b85c
0x0053B99E,0853b85c
0x0053B9A3,0853b95f
0x0053B9A8,0853b85c
0x0053BA1B,0853b84c
0x0053BA20,0853b85c
0x0053BA5A,0853ba2f
0x0053BA60,0853ba2f
0x0053BA66,0853ba2f
0x0053BA74,0853ba2f
0x0053BA7A,0853ba2f
0x0053BA80,0853ba2f
0x0053BA86,0853ba2f
0x0053BA8C,0853ba2f
0x0053BA92,0853ba2f
0x0053BA98,0853ba2f
0x0053BA9E,0853ba2f
0x0053BAAC,0853ba2f
0x0053BAD3,0853babc
0x0053BADD,0853babc
0x0053BAE5,0853babc
0x0053BAF5,0853bae6
0x0053BAFB,0853bae6
0x0053BB01,0853bae6
0x0053BB07,0853bae6
0x0053BB0D,0853bae6
0x0053BB13,0853bae6
0x0053BB19,0853bae6
0x0053BB26,0853babb
0x0053BBE7,0853bb35
0x0053BBF4,0853b270
0x0053BBF8,0853b3d1
0x0053BBFC,0853b540
0x0053BC00,0853b5fc
0x0053BC04,0853b737
0x0053BC08,0853b83f
0x0053BC0C,0853ba21
0x0053BC10,0853baad
0x0053BC14,0853bb27
0x0053BC4E,0853bc20
0x0053BC53,0853bc39
0x0053BC85,0853bc53
0x0053BCC0,0853bc39
0x0053BCC5,0853bc39
0x0053BCCC,0853bc39
0x0053BD2A,0853bc20
0x0053BDAC,0853bd35
0x0053BDB1,0853bd6e
0x0053BDDD,0853bd35
0x0053BDE2,0853bdb1
0x0053BDE7,0853bd35
0x0053BDEC,0853bdb1
0x0053BDF1,0853bd35
0x0053BDF6,0853bdb1
0x0053BE47,0853bd35
0x0053BE4C,0853bd35
0x0053BE51,0853be28
0x0053BE56,0853be35
0x0053BE5B,0853bd35
0x0053BE60,0853bd35
0x0053BEC5,0853bd35
0x0053BF06,0853bed4
0x0053BF92,0853bed0
0x0053BFAD,0853bf9d
0x0053BFB2,0853bf9d
0x0053BFB7,0853bf9d
0x0053BFBC,0853bf9d
0x0053BFC1,0853bf9d
0x0053BFC6,0853bf9d
0x0053BFCB,0853bf9d
0x0053BFD0,0853bf9d
0x0053BFD5,0853bf9d
0x0053BFDA,0853bf9d
0x0053BFF8,0853bfe8
0x0053BFFD,0853bf9d
0x0053C002,0853bf9d
0x0053C007,0853bfe8
0x0053C00C,0853bfe8
0x0053C011,0853bf9d
0x0053C016,0853bf9d
0x0053C03D,0853bf9d
0x0053C059,0853c048
0x0053C05E,0853c048
0x0053C063,0853c048
0x0053C075,0853c048
0x0053C07A,0853c048
0x0053C07F,0853c048
0x0053C084,0853c048
0x0053C089,0853c048
0x0053C08E,0853c048
0x0053C093,0853c048
0x0053C098,0853c063
0x0053C09D,0853c048
0x0053C0A2,0853c048
0x0053C0A7,0853c048
0x0053C0AC,0853c063
0x0053C0B1,0853c048
0x0053C0B6,0853c048
0x0053C0BB,0853c048
0x0053C0C2,0853c048
0x0053C0F5,0853c0cd
0x0053C114,0853c0cd
0x0053C12C,0853c0cd
0x0053C131,0853c114
0x0053C136,0853c0cd
0x0053C13B,0853c114
0x0053C140,0853c0cd
0x0053C145,0853c0f5
0x0053C14A,0853c0cd
0x0053C14F,0853c114
0x0053C154,0853c0cd
0x0053C159,0853c114
0x0053C15E,0853c0cd
0x0053C163,0853c114
0x0053C168,0853c0cd
0x0053C1C6,0853c0cd
0x0053C211,0853c1d5
0x0053C216,0853c1ea
0x0053C21B,0853c1f2
0x0053C297,0853c1d1
0x0053C2D2,0853c2a2
0x0053C2D7,0853c2bc
0x0053C30D,0853c2d7
0x0053C34B,0853c2bc
0x0053C350,0853c2bc
0x0053C357,0853c2bc
0x0053C3B8,0853c2a2
0x0053C3BD,080000b1
0x0053C3C8,0853bc14
0x0053C3CC,0853bd2b
0x0053C3D0,0853bec6
0x0053C3D4,0853bf93
0x0053C3D8,0853c03e
0x0053C3DC,0853c0c3
0x0053C3E0,0853c1c7
0x0053C3E4,0853c298
0x0053C441,0853c3f0
0x0053C477,0853c3f0
0x0053C4A9,0853c483
0x0053C4AE,0853c483
0x0053C4B3,0853c483
0x0053C4B8,0853c483
0x0053C4F5,0853c4c3
0x0053C4FA,0853c4c3
0x0053C4FF,0853c4c3
0x0053C504,0853c4c3
0x0053C52D,0853c50f
0x0053C532,0853c50f
0x0053C561,0853c50f
0x0053C570,0853c3e4
0x0053C574,0853c479
0x0053C578,0853c4b9
0x0053C57C,0853c505
0x0053C5A0,0853c588
0x0053C5CC,0853c588
0x0053C5EF,0853c5d7
0x0053C616,0853c5d7
0x0053C639,0853c621
0x0053C63E,0853c621
0x0053C655,0853c621
0x0053C681,0853c66e
0x0053C691,0853c660
0x0053C6B0,0853c69c
0x0053C6B5,0853c69c
0x0053C6CE,0853c69c
0x0053C6ED,0853c6d9
0x0053C6FB,0853c6d9
0x0053C708,0853c57c
0x0053C70C,0853c5cd
0x0053C710,0853c617
0x0053C714,0853c656
0x0053C718,0853c692
0x0053C71C,0853c6cf
0x0053C759,0853c728
0x0053C789,0853c728
0x0053C7C4,0853c794
0x0053C7C9,0853c7a8
0x0053C7CE,0853c794
0x0053C7F8,0853c7d9
0x0053C820,0853c803
0x0053C825,0853c803
0x0053C841,0853c803
0x0053C889,0853c84c
0x0053C8B7,0853c84c
0x0053C8C4,0853c71c
0x0053C8C8,0853c78a
0x0053C8CC,0853c7cf
0x0053C8D0,0853c7f9
0x0053C8D4,0853c842
0x0053C8FF,0853c8e0
0x0053C904,0853c8e0
0x0053C91F,0853c8e0
0x0053C949,0853c92a
0x0053C94E,0853c92a
0x0053C969,0853c92a
0x0053C995,0853c974
0x0053C9CF,0853c9a0
0x0053C9D4,0853c9a0
0x0053C9DE,0853c9a0
0x0053C9F5,0853c9e9
0x0053C9FA,0853c9e9
0x0053CA15,0853c9e9
0x0053CA3B,0853ca20
0x0053CA40,0853ca20
0x0053CA53,0853ca20
0x0053CA6C,0853ca5e
0x0053CA7C,0853c8d4
0x0053CA80,0853c920
0x0053CA84,0853c96a
0x0053CA88,0853c996
0x0053CA8C,0853c9df
0x0053CA90,0853ca16
0x0053CA94,0853ca54
0x0053CBC0,0853ca94
0x0053CBC4,0853cac5
0x0053CBC8,0853cb06
0x0053CBCC,0853cb2b
0x0053CBD0,0853cb4d
0x0053CBD4,0853cb68
0x0053CBD8,0853cb94
0x0053CCB8,0853cbd8
0x0053CCBC,0853cc06
0x0053CCC0,0853cc3e
0x0053CCC4,0853cc5e
0x0053CCC8,0853cc7e
0x0053CCCC,0853cc8e
0x0053CD70,0853cccc
0x0053CD74,0853ccf8
0x0053CD78,0853cd24
0x0053CD7C,0853cd39
0x0053CE4C,0853cd7c
0x0053CE50,0853cda6
0x0053CE54,0853cdf0
0x0053CE58,0853ce17
0x0053CE78,0853ce58
0x0053CE94,0853ce78
0x0053CEB0,0853ce94
0x0053CECC,0853ceb0
0x0053CEE8,0853cecc
0x0053CF04,0853cee8
0x0053CF20,0853cf04
0x0053CF3C,0853cf20
0x0053CF5C,0853cf3c
0x0053CF7C,0853cf5c
0x0053CF9C,0853cf7c
0x0053CFBC,0853cf9c
0x0053CFDC,0853cfbc
0x0053CFFC,0853cfdc
0x0053D01C,0853cffc
0x0053D038,0853d01c
0x0053D058,0853d038
0x0053D078,0853d058
0x0053D098,0853d078
0x0053D0B4,0853d098
0x0053D0D4,0853d0b4
0x0053D0F4,0853d0d4
0x0053D114,0853d0f4
0x0053D134,0853d114
0x0053D154,0853d134
0x0053D174,0853d154
0x0053D190,0853d174
0x0053D1B0,0853d190
0x0053D1D0,0853d1b0
0x0053D1F0,0853d1d0
0x0053D20C,0853d1f0
0x0053D22C,0853d20c
0x0053D24C,0853d22c
0x0053D26C,0853d24c
0x0053D28C,0853d26c
0x0053D2AC,0853d28c
0x0053D2CC,0853d2ac
0x0053D2EC,0853d2cc
0x0053D30C,0853d2ec
0x0053D32C,0853d30c
0x0053D34C,0853d32c
0x0053D36C,0853d34c
0x0053D38C,0853d36c
0x0053D3C0,0853d38c
0x0053D3E0,0853d3c0
0x0053D400,0853d3e0
0x0053D420,0853d400
0x0053D440,0853d420
0x0053D460,0853d440
0x0053D480,0853d460
0x0053D4A0,0853d480
0x0053D4C0,0853d4a0
0x0053D4E0,0853d4c0
0x0053D500,0853d4e0
0x0053D520,0853d500
0x0053D53C,0853d520
0x0053D558,0853d53c
0x0053D578,0853d558
0x0053D588,0809bf31
0x0053D590,0809bf71
0x0053D59C,0809bfb1
0x0053D5A4,0809bffd
0x0053D5B8,080612bd
0x0053D5C4,08061535
0x0053D5C8,08061535
0x0053D5CC,08061535
0x0053D5D0,08061535
0x0053D5D4,08061535
0x0053D5D8,08061535
0x0053D5DC,08061535
0x0053D5E0,08061535
0x0053D5E4,08061535
0x0053D5E8,08061535
0x0053D5F8,08061c8d
0x0053D5FC,08061c99
0x0053D600,08061ca5
0x0053D604,08061cb1
0x0053D608,08061cbd
0x0053D60C,08061cc9
0x0053D610,08061cd5
0x0053D614,08061ce1
0x0053D618,08061ced
0x0053D61C,08061cf9
0x0053D620,08061d05
0x0053D664,080a1554
0x0053D875,08020268
0x0053D8C9,08010701
0x0053D8CB,08010801
0x0053D8CD,08010801
0x0053D918,080b9f80
0x0053D919,08080b9f
0x0053D91C,080bd608
0x0053D920,080bd70c
0x0053D924,080bdf00
0x0053D928,080be10c
0x0053D92C,080bf250
0x0053D938,080bf318
0x0053D93C,080c166c
0x0053D940,080c1710
0x0053D948,080c18ec
0x0053D94C,080c1cac
0x0053D958,080c1cf8
0x0053D95C,080c416c
0x0053D960,080c4210
0x0053D968,080c43e4
0x0053D96C,080c4844
0x0053D978,080c4880
0x0053D97C,080c5f24
0x0053D980,080c5fc8
0x0053D988,080c6140
0x0053D98C,080c6410
0x0053D998,080c6450
0x0053D99C,080c8454
0x0053D9A0,080c84f8
0x0053D9A8,080c86d8
0x0053D9AC,080c8abc
0x0053D9B8,080c8af4
0x0053D9BC,080caa94
0x0053D9C0,080cab30
0x0053D9C8,080cad38
0x0053D9CC,080cb138
0x0053D9D8,080cb18c
0x0053D9DC,080ccb54
0x0053D9E0,080ccc28
0x0053D9E8,080cce1c
0x0053D9EC,080cd21c
0x0053D9F8,080cd260
0x0053D9FC,080d0054
0x0053DA00,080d0154
0x0053DA04,080d041c
0x0053DA08,080d0638
0x0053DA0C,080d1238
0x0053DA18,080d1284
0x0053DA1C,080d4388
0x0053DA20,080d447c
0x0053DA24,080d4664
0x0053DA28,080d475c
0x0053DA2C,080d4d9c
0x0053DA38,080d4de4
0x0053DA3C,080d8624
0x0053DA40,080d8738
0x0053DA44,080d89d4
0x0053DA48,080d8cd8
0x0053DA4C,080d96f0
0x0053DA58,080d9780
0x0053DA5C,080dbbd8
0x0053DA60,080dbcec
0x0053DA64,080dbe98
0x0053DA68,080dc09c
0x0053DA6C,080dc6e8
0x0053DA78,080dc748
0x0053DA7C,080dfe48
0x0053DA80,080dff5c
0x0053DA84,080e01e4
0x0053DA88,080e04c8
0x0053DA8C,080e0e38
0x0053DA98,080e0ec4
0x0053DA9C,080e4470
0x0053DAA0,080e4584
0x0053DAA4,080e47a0
0x0053DAA8,080e4994
0x0053DAAC,080e50d0
0x0053DAB8,080e5138
0x0053DABC,080e728c
0x0053DAC0,080e7344
0x0053DAC8,080e7584
0x0053DACC,080e79a0
0x0053DAD8,080e79f4
0x0053DADC,080ea0f4
0x0053DAE0,080ea198
0x0053DAE8,080ea3ec
0x0053DAEC,080ea898
0x0053DAF8,080ea8fc
0x0053DAFC,080ecb40
0x0053DB00,080ecbf8
0x0053DB08,080ece3c
0x0053DB0C,080ed270
0x0053DB18,080ed2d0
0x0053DB1C,080ef448
0x0053DB20,080ef4ec
0x0053DB28,080ef6a8
0x0053DB2C,080efa8c
0x0053DB38,080efacc
0x0053DB3C,080f26f8
0x0053DB40,080f27b0
0x0053DB48,080f2a38
0x0053DB4C,080f3004
0x0053DB58,080f3060
0x0053DB5C,080f584c
0x0053DB60,080f58f0
0x0053DB68,080f5b7c
0x0053DB6C,080f6060
0x0053DB78,080f60cc
0x0053DB7C,080f760c
0x0053DB80,080f76bc
0x0053DB88,080f78a8
0x0053DB8C,080f7b58
0x0053DB98,080f7bb8
0x0053DB9C,080f9c80
0x0053DBA0,080f9d30
0x0053DBA8,080f9f14
0x0053DBAC,080fa2a0
0x0053DBB8,080fa2fc
0x0053DBBC,080fb020
0x0053DBC0,080fb0c0
0x0053DBC4,080fb1e8
0x0053DBC8,080fb244
0x0053DBCC,080fb4dc
0x0053DBD5,08002800
0x0053DBD8,080fb508
0x0053DBDC,080fc6a8
0x0053DBE0,080fc740
0x0053DBE4,080fc8e8
0x0053DBE8,080fc98c
0x0053DBEC,080fcd28
0x0053DBF8,080fcd7c
0x0053DBFC,080fe058
0x0053DC00,080fe0f0
0x0053DC04,080fe2fc
0x0053DC08,080fe3b0
0x0053DC0C,080fe79c
0x0053DC18,080fe7fc
0x0053DC1C,08100984
0x0053DC20,08100a3c
0x0053DC28,08100c38
0x0053DC2C,08101034
0x0053DC38,08101084
0x0053DC3C,081036bc
0x0053DC40,08103774
0x0053DC48,081039b0
0x0053DC4C,08103e38
0x0053DC58,08103e90
0x0053DC5C,08105f8c
0x0053DC60,08106044
0x0053DC68,08106224
0x0053DC6C,081065ec
0x0053DC78,08106634
0x0053DC7C,08109058
0x0053DC80,08109108
0x0053DC88,08109338
0x0053DC8C,08109814
0x0053DC98,0810986c
0x0053DC9C,0810b9e4
0x0053DCA0,0810ba94
0x0053DCA8,0810bc80
0x0053DCAC,0810c02c
0x0053DCB8,0810c080
0x0053DCBC,0810e2c4
0x0053DCC0,0810e374
0x0053DCC8,0810e538
0x0053DCCC,0810e8e0
0x0053DCD8,0810e924
0x0053DCDC,08110a80
0x0053DCE0,08110b38
0x0053DCE8,08110d64
0x0053DCEC,08111150
0x0053DCF8,081111a0
0x0053DCFC,08112260
0x0053DD00,08112300
0x0053DD04,081124a8
0x0053DD08,08112538
0x0053DD0C,08112874
0x0053DD18,081128b8
0x0053DD1C,08114cf8
0x0053DD20,08114ddc
0x0053DD24,0811507c
0x0053DD28,0811516c
0x0053DD2C,081156fc
0x0053DD38,080ed2d0
0x0053DD3C,080ef448
0x0053DD40,080ef4ec
0x0053DD48,080ef6a8
0x0053DD4C,080efa8c
0x0053DD58,080fa2fc
0x0053DD5C,080fb020
0x0053DD60,080fb0c0
0x0053DD64,080fb1e8
0x0053DD68,080fb244
0x0053DD6C,080fb4dc
0x0053DD78,080e0ec4
0x0053DD7C,080e4470
0x0053DD80,080e4584
0x0053DD84,080e47a0
0x0053DD88,080e4994
0x0053DD8C,080e50d0
0x0053DD98,080fe7fc
0x0053DD9C,08100984
0x0053DDA0,08100a3c
0x0053DDA8,08100c38
0x0053DDAC,08101034
0x0053DDB8,08106634
0x0053DDBC,08109058
0x0053DDC0,08109108
0x0053DDC8,08109338
0x0053DDCC,08109814
0x0053DDD8,080f7bb8
0x0053DDDC,080f9c80
0x0053DDE0,080f9d30
0x0053DDE8,080f9f14
0x0053DDEC,080fa2a0
0x0053DDF8,08115760
0x0053DDFC,08117e9c
0x0053DE00,08117f40
0x0053DE08,08118134
0x0053DE0C,081185d8
0x0053DE18,08118620
0x0053DE1C,0811ad5c
0x0053DE20,0811ae00
0x0053DE28,0811aff4
0x0053DE2C,0811b498
0x0053DE38,0811b4e0
0x0053DE3C,0811dc1c
0x0053DE40,0811dcc0
0x0053DE48,0811deb4
0x0053DE4C,0811e358
0x0053DE58,0811e3a0
0x0053DE5C,08120adc
0x0053DE60,08120b80
0x0053DE68,08120d74
0x0053DE6C,08121218
0x0053DE78,08121260
0x0053DE7C,0812399c
0x0053DE80,08123a40
0x0053DE88,08123c34
0x0053DE8C,081240d8
0x0053DE98,08124120
0x0053DE9C,0812685c
0x0053DEA0,08126900
0x0053DEA8,08126af4
0x0053DEAC,08126f98
0x0053DEB8,08126fe0
0x0053DEBC,0812971c
0x0053DEC0,081297c0
0x0053DEC8,081299b4
0x0053DECC,08129e58
0x0053DED8,08129ea0
0x0053DEDC,0812c188
0x0053DEE0,0812c240
0x0053DEE8,0812c440
0x0053DEEC,0812c80c
0x0053DEFB,08060403
0x0053DF08,08000cea
0x0053DF0C,08000d2a
0x0053DF10,08000d60
0x0053DF14,08000d9e
0x0053DF18,08000dd0
0x0053DF1C,08000e0c
0x0053DF20,08000e44
0x0053DF24,08000e7e
0x0053DF28,08000eb8
0x0053DF2C,08000ef0
0x0053DF30,08000f24
0x0053DF34,08000f5c
0x0053DF38,08000f90
0x0053DF3C,08000fc8
0x0053DF40,08000ffc
0x0053DF44,08001034
0x0053DF48,08001068
0x0053DF4C,0800109c
0x0053DF50,080010d6
0x0053DF54,0800110e
0x0053DF58,08001148
0x0053DF5C,0800117c
0x0053DF60,080011ba
0x0053DF64,080011f8
0x0053DF68,08001232
0x0053DF6C,08001270
0x0053DF70,080012b0
0x0053DF74,0812d9e4
0x0053DF78,0812dee4
0x0053DF7C,0812df4c
0x0053DF80,0812e42c
0x0053DF84,0812e494
0x0053DF88,0812e948
0x0053DF8C,0812e9b0
0x0053DF90,0812ed58
0x0053DF94,0812df2c
0x0053DF98,0812df44
0x0053DF9C,0812e474
0x0053DFA0,0812e48c
0x0053DFA4,0812e990
0x0053DFA8,0812e9a8
0x0053DFAC,0812edd0
0x0053DFB0,0812ee00
0x0053DFB2,08090812
0x0053E432,08070504
0x0053E6A4,0807e071
0x0053E6AC,0807e649
0x0053E6BC,0807e775
0x0053E6C4,0807e86d
0x0053E6C8,0807f065
0x0053E6D0,0807f1b1
0x0053E6D4,0807e1c9
0x0053E6DC,0807effd
0x0053E6E0,0807f065
0x0053E6E4,0807effd
0x0053E6E8,0807f149
0x0053E6EC,0807effd
0x0053E6F0,0807f065
0x0053E6F4,0807effd
0x0053E6F8,0807f065
0x0053E6FC,0807effd
0x0053E700,0807f065
0x0053E704,0807effd
0x0053E708,0807f065
0x0053E70C,0807effd
0x0053E710,0807f149
0x0053E71C,0807effd
0x0053E720,0807f065
0x0053E724,0807effd
0x0053E728,0807f065
0x0053E72C,0807effd
0x0053E730,0807f065
0x0053E734,0807f039
0x0053E738,0807f065
0x0053E74C,0807effd
0x0053E750,0807e8a9
0x0053E754,0807effd
0x0053E758,0807f17d
0x0053E75C,0807effd
0x0053E760,0807f17d
0x0053E764,0807effd
0x0053E768,0807f149
0x0053E774,0807f039
0x0053E778,0807f065
0x0053E77C,0807f039
0x0053E780,0807f149
0x0053E784,0807effd
0x0053E788,0807f149
0x0053E794,0807f039
0x0053E798,0807f065
0x0053E79C,0807effd
0x0053E7A0,0807f065
0x0053E7A4,0807e341
0x0053E7AC,0807effd
0x0053E7B0,0807f065
0x0053E7B4,0807f039
0x0053E7B8,0807f065
0x0053E7BC,0807effd
0x0053E7C0,0807f065
0x0053E7C4,0807effd
0x0053E7C8,0807f149
0x0053E7CC,0807effd
0x0053E7D0,0807f149
0x0053E7E4,0807f039
0x0053E7E8,0807f065
0x0053E7EC,0807f039
0x0053E7F0,0807f065
0x0053E7F4,0807f039
0x0053E7F8,0807f149
0x0053E7FC,0807f039
0x0053E800,0807f149
0x0053E804,0807f039
0x0053E808,0807f149
0x0053E80C,0807f039
0x0053E810,0807f149
0x0053E814,0807f039
0x0053E818,0807f149
0x0053E81C,0807f039
0x0053E820,0807f065
0x0053E824,0807f039
0x0053E828,0807f065
0x0053E82C,0807e1c9
0x0053E844,0807effd
0x0053E848,0807f065
0x0053E84C,0807e4c5
0x0053E854,0807effd
0x0053E858,0807f065
0x0053E864,0807effd
0x0053E868,0807f065
0x0053E874,0807effd
0x0053E878,0807f065
0x0053E87C,0807effd
0x0053E880,0807f065
0x0053E884,0807f039
0x0053E888,0807f065
0x0053E88C,0807effd
0x0053E890,0807ea01
0x0053E894,0807e1c9
0x0053E89C,0807effd
0x0053E8A0,0807f065
0x0053E8A4,0807effd
0x0053E8A8,0807f065
0x0053E8AC,0807effd
0x0053E8B0,0807f065
0x0053E8B4,0807effd
0x0053E8B8,0807f065
0x0053E8BC,0807effd
0x0053E8C0,0807f065
0x0053E8C4,0807e1c9
0x0053E8CC,0807effd
0x0053E8D0,0807f065
0x0053E8D4,0807e1c9
0x0053E8DC,0807effd
0x0053E8E0,0807f065
0x0053E8E4,0807e1c9
0x0053E8EC,0807effd
0x0053E8F0,0807f065
0x0053E8F4,0807effd
0x0053E8F8,0807f065
0x0053E8FC,0807f039
0x0053E900,0807f065
0x0053E904,0807f039
0x0053E908,0807f065
0x0053E90C,0807effd
0x0053E910,0807f065
0x0053E914,0807effd
0x0053E918,0807f065
0x0053E91C,0807effd
0x0053E920,0807f17d
0x0053E924,0807e86d
0x0053E928,0807f065
0x0053E92C,0807e86d
0x0053E930,0807f065
0x0053E934,0807e86d
0x0053E938,0807f065
0x0053E93C,0807e86d
0x0053E940,0807f065
0x0053E944,0807e86d
0x0053E948,0807f065
0x0053E94C,0807e86d
0x0053E950,0807f065
0x0053E9BC,0807f039
0x0053E9C0,0807f149
0x0053E9C4,0807f039
0x0053E9C8,0807f149
0x0053E9CC,0807f039
0x0053E9D0,0807f149
0x0053E9D4,0807f039
0x0053E9D8,0807f149
0x0053EAA4,0807ea7d
0x0053EAA8,0807f065
0x0053EAAC,0807ea7d
0x0053EAB0,0807f065
0x0053EAB4,0807ea7d
0x0053EAB8,0807f065
0x0053EABC,0807ea7d
0x0053EAC0,0807f065
0x0053EAC4,0807ea7d
0x0053EAC8,0807f065
0x0053EACC,0807ea7d
0x0053EAD0,0807f065
0x0053EAD4,0807ea7d
0x0053EAD8,0807f065
0x0053EADC,0807ea7d
0x0053EAE0,0807f065
0x0053EAE4,0807ea7d
0x0053EAE8,0807f065
0x0053EAEC,0807ea7d
0x0053EAF0,0807f065
0x0053EAF4,0807ea7d
0x0053EAF8,0807f065
0x0053EAFC,0807ea7d
0x0053EB00,0807f065
0x0053EB04,0807ea7d
0x0053EB08,0807f065
0x0053EB0C,0807eaf9
0x0053EB10,0807f065
0x0053EB14,0807eaf9
0x0053EB18,0807f065
0x0053EB1C,0807eaf9
0x0053EB20,0807f065
0x0053EB24,0807ea7d
0x0053EB28,0807f065
0x0053EB2C,0807ea7d
0x0053EB30,0807f065
0x0053EB34,0807ea7d
0x0053EB38,0807f065
0x0053EB3C,0807ea7d
0x0053EB40,0807f065
0x0053EB44,0807ea7d
0x0053EB48,0807f065
0x0053EB4C,0807ea7d
0x0053EB50,0807f065
0x0053EB54,0807ea7d
0x0053EB58,0807f065
0x0053EB5C,0807ea7d
0x0053EB60,0807f065
0x0053EB64,0807ea7d
0x0053EB68,0807f065
0x0053EB6C,0807ea7d
0x0053EB70,0807f065
0x0053EB74,0807ea7d
0x0053EB78,0807f065
0x0053EB7C,0807eba1
0x0053EB80,0807f065
0x0053EB84,0807eba1
0x0053EB88,0807f065
0x0053EB8C,0807eba1
0x0053EB90,0807f065
0x0053EB94,0807ec49
0x0053EB98,0807f065
0x0053EB9C,0807ec49
0x0053EBA0,0807f065
0x0053EBA4,0807ec49
0x0053EBA8,0807f065
0x0053EBAC,0807ec49
0x0053EBB0,0807f065
0x0053EBB4,0807ec49
0x0053EBB8,0807f065
0x0053EBBC,0807ec49
0x0053EBC0,0807f065
0x0053EBC4,0807ed21
0x0053EBCC,0807ed21
0x0053EBD4,0807ed21
0x0053EC24,0807ea7d
0x0053EC28,0807f065
0x0053EC2C,0807ea7d
0x0053EC30,0807f065
0x0053EC34,0807ea7d
0x0053EC38,0807f065
0x0053EC3C,0807ef81
0x0053EC40,0807f1b1
0x0053EC44,0807ef81
0x0053EC48,0807f1b1
0x0053EC4C,0807ef81
0x0053EC50,0807f1b1
0x0053EC54,0807ef81
0x0053EC58,0807f1b1
0x0053EC5C,0807ef81
0x0053EC60,0807f1b1
0x0053EC64,0807ef81
0x0053EC68,0807f1b1
0x0053EC6C,0807ef81
0x0053EC70,0807f1b1
0x0053EC74,0807ef81
0x0053EC78,0807f1b1
0x0053EC7C,0807ef81
0x0053EC80,0807f1b1
0x0053EC84,0807ef81
0x0053EC88,0807f1b1
0x0053EC8C,0807ef81
0x0053EC90,0807f1b1
0x0053EC94,0807ef81
0x0053EC98,0807f1b1
0x0053EC9C,0807ef81
0x0053ECA0,0807f1b1
0x0053ECA4,0807ef81
0x0053ECA8,0807f1b1
0x0053ECAC,0807ef81
0x0053ECB0,0807f1b1
0x0053ECB4,0807ee51
0x0053ECBC,0807ee51
0x0053ECC4,0807ee51
0x0053ECCC,0807ee51
0x0053ECD4,0807ee51
0x0053ECDC,0807ee51
0x0053ECE4,0807ef81
0x0053ECE8,0807f1b1
0x0053ECEC,0807ef81
0x0053ECF0,0807f1b1
0x0053ECF4,0807ef81
0x0053ECF8,0807f1b1
0x0053ECFC,0807ef81
0x0053ED00,0807f1b1
0x0053ED04,0807ef81
0x0053ED08,0807f1b1
0x0053ED0C,0807ef81
0x0053ED10,0807f1b1
0x0053ED14,0807ef81
0x0053ED18,0807f1b1
0x0053ED1C,0807ef81
0x0053ED20,0807f1b1
0x0053ED24,0807ef81
0x0053ED28,0807f1b1
0x0053ED2C,0807ef81
0x0053ED30,0807f1b1
0x0053ED34,0807ef81
0x0053ED38,0807f1b1
0x0053ED3C,0807ef81
0x0053ED40,0807f1b1
0x0053ED44,0807ef81
0x0053ED48,0807f1b1
0x0053ED4C,0807ef81
0x0053ED50,0807f1b1
0x0053ED54,0807ef81
0x0053ED58,0807f1b1
0x0053ED5C,0807ef81
0x0053ED60,0807f1b1
0x0053ED64,0807ef81
0x0053ED68,0807f1b1
0x0053ED6C,0807ef81
0x0053ED70,0807f1b1
0x0053ED74,0807ef81
0x0053ED78,0807f1b1
0x0053ED7C,0807ef81
0x0053ED80,0807f1b1
0x0053ED84,0807ef81
0x0053ED88,0807f1b1
0x0053EDBC,0807f209
0x0053EDC4,0807f209
0x0053EDCC,0807f209
0x0053EDD4,0807f209
0x0053EDDC,0807f209
0x0053EDE4,0807f209
0x0053EEA5,08000000
0x0053EF5B,08055500
0x0053EF5C,08080555
0x0053EF5F,08055d08
0x0053EF60,0808055d
0x0053EF73,08066100
0x0053EF74,08080661
0x0053EF78,08080671
0x0053EF8B,08066100
0x0053EF8C,08080661
0x0053EF90,08080765
0x0053EFA3,0808bd00
0x0053EFA4,080808bd
0x0053EFA7,0808c508
0x0053EFA8,080808c5
0x0053EFBB,0808bd00
0x0053EFBC,080808bd
0x0053EFBF,0808c508
0x0053EFC0,080808c5
0x0053EFD3,0808bd00
0x0053EFD4,080808bd
0x0053EFD7,0808c508
0x0053EFD8,080808c5
0x0053EFEB,0808bd00
0x0053EFEC,080808bd
0x0053EFEF,0808c508
0x0053EFF0,080808c5
0x0053F003,0808bd00
0x0053F004,080808bd
0x0053F007,08091508
0x0053F008,08080915
0x0053F01B,0808bd00
0x0053F01C,080808bd
0x0053F01F,08091508
0x0053F020,08080915
0x0053F021,08080809
0x0053F033,0808bd00
0x0053F034,080808bd
0x0053F038,080809f5
0x0053F04B,0808bd00
0x0053F04C,080808bd
0x0053F04F,08091508
0x0053F050,08080915
0x0053F063,0808bd00
0x0053F064,080808bd
0x0053F067,0808c508
0x0053F068,080808c5
0x0053F07B,0808bd00
0x0053F07C,080808bd
0x0053F07F,0808c508
0x0053F080,080808c5
0x0053F093,0808bd00
0x0053F094,080808bd
0x0053F097,0808c508
0x0053F098,080808c5
0x0053F0AB,0808bd00
0x0053F0AC,080808bd
0x0053F0AF,0808c508
0x0053F0B0,080808c5
0x0053F0C3,0808bd00
0x0053F0C4,080808bd
0x0053F0C7,08091508
0x0053F0C8,08080915
0x0053F0DB,0808bd00
0x0053F0DC,080808bd
0x0053F0DF,0808c508
0x0053F0E0,080808c5
0x0053F0F3,08066100
0x0053F0F4,08080661
0x0053F0F6,08150808
0x0053F0F7,08081508
0x0053F0F8,08080815
0x0053F10B,0808bd00
0x0053F10C,080808bd
0x0053F110,080809f5
0x0053F123,0808bd00
0x0053F124,080808bd
0x0053F128,080809f5
0x0053F13B,0808bd00
0x0053F13C,080808bd
0x0053F13F,08096508
0x0053F140,08080965
0x0053F144,0812f5b0
0x0053F148,0812f5bc
0x0053F14C,0812f5d8
0x0053F150,0812f5e4
0x0053F154,0812f600
0x0053F158,0812f60c
0x0053F15C,0812f628
0x0053F160,0812f634
0x0053F164,0812f650
0x0053F168,0812f65c
0x0053F16C,0812f678
0x0053F170,0812f684
0x0053F174,0812f6a0
0x0053F178,0812f6ac
0x0053F17C,0812f6c8
0x0053F180,0812f6d4
0x0053F184,0812f6f0
0x0053F188,0812f6fc
0x0053F190,0812f724
0x0053F194,0812f8d0
0x0053F198,0812f8dc
0x0053F19C,0812f8f8
0x0053F1A0,0812f904
0x0053F1A4,0812f920
0x0053F1A8,0812f92c
0x0053F1AC,0812f948
0x0053F1B0,0812f954
0x0053F1B4,0812f970
0x0053F1B8,0812f97c
0x0053F1BC,0812f998
0x0053F1C0,0812f9a4
0x0053F1C4,0812f9c0
0x0053F1C8,0812f9cc
0x0053F1CC,0812f9e8
0x0053F1D0,0812f9f4
0x0053F1D4,0812fa10
0x0053F1D8,0812fa1c
0x0053F1DC,0812fa38
0x0053F1E0,0812fa44
0x0053F1E4,0812fab0
0x0053F1E8,0812fabc
0x0053F1EC,0812fad8
0x0053F1F0,0812fae4
0x0053F1F4,0812fb00
0x0053F1F8,0812fb0c
0x0053F1FC,0812fb28
0x0053F200,0812fb34
0x0053F204,0812fb50
0x0053F208,0812fb5c
0x0053F20C,0812fb78
0x0053F210,0812fb84
0x0053F214,0812fba0
0x0053F218,0812fbac
0x0053F21C,0812fbc8
0x0053F220,0812fbd4
0x0053F224,0812fbf0
0x0053F228,0812fbfc
0x0053F230,0812fc24
0x0053F234,0812f740
0x0053F238,0812f74c
0x0053F23C,0812f768
0x0053F240,0812f774
0x0053F244,0812fa60
0x0053F248,0812fa6c
0x0053F24C,0812fa88
0x0053F250,0812fa94
0x0053F254,0812fc40
0x0053F258,0812fc4c
0x0053F25C,0812fc68
0x0053F260,0812fc74
0x0053F264,0812f790
0x0053F268,0812f79c
0x0053F26C,0812f7cc
0x0053F270,0812f7d8
0x0053F271,080812f7
0x0053F274,0812f808
0x0053F278,0812f814
0x0053F27C,0812f830
0x0053F280,0812f83c
0x0053F284,0812f858
0x0053F288,0812f864
0x0053F28C,0812f880
0x0053F290,0812f88c
0x0053F294,0812f8a8
0x0053F298,0812f8b4
0x0053F2A9,08000700
0x0053F318,08080c3d
0x0053F31B,080c4d08
0x0053F31C,08080c4d
0x0053F31F,080c5d08
0x0053F320,08080c5d
0x0053F323,080c6d08
0x0053F324,08080c6d
0x0053F327,080c7d08
0x0053F328,08080c7d
0x0053F32B,080c8d08
0x0053F32C,08080c8d
0x0053F32F,080c9d08
0x0053F330,08080c9d
0x0053F333,080ca908
0x0053F334,08080ca9
0x0053F337,080cc508
0x0053F338,08080cc5
0x0053F33B,080ce908
0x0053F33C,08080ce9
0x0053F33F,080d0d08
0x0053F340,08080d0d
0x0053F343,080d3108
0x0053F344,08080d31
0x0053F347,080d4d08
0x0053F348,08080d4d
0x0053FB13,08020402
0x0053FD0B,08060200
0x0053FD9B,08040200
0x0053FE1B,08090200
0x0053FE2B,08120200
0x0053FE8B,08060200
0x0053FEAB,08130200
0x00540093,08010701
0x0054012A,08010000
0x00540693,08010601
0x00540913,08010701
0x00540A0B,08060200
0x00540A2B,08130200
0x00540C91,08010400
0x00540D11,08010400
0x00540D91,08010400
0x00540E11,08010400
0x00540E91,08010400
0x00540F11,08010400
0x00541134,08070605
0x00541142,08070605
0x00541178,08075803
0x0054117A,08090807
0x005411AA,08070605
0x005411B6,08070605
0x00541745,08000000
0x005421AD,08000003
0x005422A0,0812ff50
0x005422A4,08130268
0x005422A8,08130290
0x005422B0,081303e8
0x005422B4,08130d30
0x005422B8,08130d58
0x005422C0,08130f50
0x005422C4,08131794
0x005422C8,081317bc
0x005422D0,08131998
0x005422D4,081322a4
0x005422D8,081322cc
0x005422E0,08132494
0x005422E4,08132ba0
0x005422E8,08132bc8
0x005422F0,08132d74
0x005422F4,08133910
0x005422F8,08133938
0x00542300,08133b50
0x00542304,081344c8
0x00542308,081344f0
0x00542310,081346c8
0x00542314,08134a1c
0x00542318,08134a44
0x00542320,08134b94
0x00542324,0813534c
0x00542328,08135374
0x00542330,08135524
0x00542334,08135c60
0x00542338,08135c88
0x00542340,08135e44
0x00542344,08136448
0x00542348,08136470
0x00542350,08136614
0x00542354,08136c28
0x00542358,08136c50
0x00542360,08136df8
0x00542364,0813756c
0x00542368,08137594
0x00542370,0813775c
0x00542374,08138134
0x00542378,0813815c
0x00542380,08138344
0x00542384,08138f4c
0x00542388,08138f74
0x00542390,0813918c
0x00542394,08139a6c
0x00542398,08139a94
0x005423A0,08139c68
0x005423A4,0813aa50
0x005423A8,0813aa78
0x005423B0,0813acc8
0x005423B4,0813afb8
0x005423B8,0813afe0
0x005423C0,0813b120
0x005423C4,0813b640
0x005423C8,0813b668
0x005423D0,0813b7d4
0x005423D4,0813be88
0x005423D8,0813beb0
0x005423E0,0813c058
0x005423E4,0813c53c
0x005423E8,0813c564
0x005423F0,0813c6d8
0x005423F4,0813cb74
0x005423F8,0813cb9c
0x00542400,0813cd0c
0x00542404,0813d40c
0x00542408,0813d434
0x00542410,0813d5e8
0x00542414,0813de30
0x00542418,0813de58
0x005424D4,080d0e01
0x00542535,080010ff
0x00542587,080c0100
0x005425E9,08000dff
0x0054269D,080010ff
0x005426EE,08010000
0x005426F5,08000303
0x00542751,08000cff
0x00542805,08000cff
0x005428B9,080010ff
0x0054290B,080e0100
0x00542969,08000eff
0x00542A21,08000eff
0x00542A74,080d0a01
0x00542AD5,08000cff
0x00542B27,080c0100
0x00542B89,08000cff
0x00542BDB,080d0100
0x00542C3D,08000cff
0x00542DA5,08000dff
0x00542E45,08000000
0x00542F0D,08000cff
0x00542FC1,08000dff
0x00543075,08000dff
0x00543129,08000dff
0x005431DD,08000dff
0x00543291,08000eff
0x005432E2,08010000
0x00543345,080015ff
0x00543396,08010000
0x005433F9,08000000
0x0054344A,08010000
0x005434AD,08000000
0x005434FE,08010000
0x00543561,08000000
0x00543615,08000000
0x005436C9,08000000
0x0054377D,08000000
0x00543831,08000000
0x00543999,08000000
0x00543A4D,08000000
0x00543B01,08000000
0x00543BB5,08000000
0x00543C69,08000000
0x00543D1D,08000000
0x00543DD1,08000000
0x00543E85,08000000
0x00543F39,08000000
0x00543FED,08000000
0x005440A1,08000000
0x00544155,08000000
0x005441A7,080e0100
0x00544209,08000000
0x005442BD,08000000
0x00544371,08000000
0x00544425,08000000
0x005444D9,08000000
0x0054458D,08000000
0x00544641,08000000
0x005446F5,08000000
0x005447A9,08000000
0x0054485D,08000000
0x00544911,08000000
0x005449C5,08000000
0x00544A79,08000000
0x00544B2D,08000000
0x00544BE1,08000000
0x00544C95,08000eff
0x00544D49,08000dff
0x00544DFD,080011ff
0x00544F65,08000000
0x00545011,08000003
0x0054509B,0805dc00
0x005450AB,0805dc00
0x005450BB,0805dc00
0x005450CB,0805dc00
0x005450FB,0805dc00
0x0054510B,0805dc00
0x0054511B,0805c800
0x0054513B,0805dc00
0x0054514B,0805dc00
0x0054515B,0805dc00
0x0054516B,0805dc00
0x0054517B,0805dc00
0x0054518B,0805dc00
0x0054519B,0805dc00
0x005451AB,0805aa00
0x005451CB,0805dc00
0x005451DB,0805dc00
0x005451EB,0805dc00
0x005451FB,0805dc00
0x0054520B,0805dc00
0x0054526B,0805dc00
0x0054527B,0805dc00
0x0054528B,0805dc00
0x0054529B,0805dc00
0x0054544B,0803e800
0x005454EB,08050100
0x0054569D,08020101
0x0054587D,08020101
0x00545BC1,08000000
0x00545BCD,08000000
0x00545C7F,08000183
0x00545CD9,08020100
0x00545F70,08370401
0x005460C9,08011c00
0x0054B1D0,08040001
0x0054BB6C,08040002
0x0054C398,080400ff
0x00551D38,08040002
0x0055261C,08040115
0x0055372C,08090007
0x005537E4,08040114
0x005548F4,080900ff
0x00554B1C,08040114
0x00556D39,08000000
0x00558071,08000000
0x0055A34B,08000300
0x0055A34C,08080003
0x0055AA7E,08020f02
0x0055B513,0800fd00
0x0055B514,080800fd
0x0055BDF7,08000300
0x0055C52B,08020209
0x0055CFBF,0800fd00
0x0055D6F3,080a0709
0x0055D8A3,08000300
0x0055D95B,08001e00
0x0055DACC,08040137
0x0055EA6B,0800fd00
0x0055EB23,08001e00
0x0055EBE8,0804004b
0x0055EC94,08040137
0x0055ECA0,0804004b
0x0055ED58,0804004b
0x0055EE10,0804004b
0x0055EEC8,0804004b
0x0055F4BF,08012300
0x00560687,08012300
0x00567B7D,08000000
0x00567B7E,08080000
0x00567B7F,08080800
0x00567FF0,08060907
0x00567FFB,0809070a
0x0056800C,080a0907
0x00568D45,08000000
0x00568D46,08080000
0x00568D47,08080800
0x005691B8,08060907
0x005691C3,0809070a
0x005691D4,080a0907
0x0056AE03,08000300
0x0056AF74,08060123
0x0056BFCB,0800fd00
0x0056C13C,08060123
0x0056CFDE,08050000
0x0056CFE2,08050501
0x0056CFE6,08050903
0x0056E1A6,08050000
0x0056E1AA,08050501
0x0056E1AE,08050903
0x0056E1EC,08010001
0x0056EA8B,08070200
0x0056F3B4,080100ff
0x0056FC53,080e0100
0x0056FC91,08000000
0x00570538,08010502
0x00570E59,08000000
0x00571700,08010403
0x00571A21,08000000
0x00572BE9,08000000
0x00575034,08030128
0x0057553E,08020303
0x005761FC,08030128
0x00578363,08000300
0x0057952B,0800fd00
0x0057A543,08060204
0x0057B70B,080a0704
0x0057B974,080a01fc
0x0057D4D8,080701fb
0x0057ECA4,080100ff
0x005822B4,080200fe
0x00586008,08060907
0x00586013,0809070a
0x00586024,080a0907
0x0058C204,08020001
0x0058C2BC,08060123
0x00592E23,08000300
0x00593FEB,0800fd00
0x00594830,08007f1d
0x00594838,08007f36
0x00594850,08007f4d
0x00594858,08007f6a
0x00594874,08007f1d
0x00594894,08007f4d
0x005948B8,08007f89
0x005948C0,08007fa2
0x005948D8,08007fb9
0x005948E0,08007fd6
0x005948FC,08007ff5
0x0059491C,08008014
0x00594940,08008031
0x00594960,08008050
0x00594984,0800806d
0x005949A4,0800808c
0x005949C8,080080a9
0x005949E8,080080c8
0x005949F0,080080e5
0x005949F8,080080a9
0x00594A0C,08008104
0x00594A2C,08008123
0x00594A34,08008140
0x00594A3C,08008104
0x00594A50,0800815f
0x00594A70,0800817e
0x00594A78,0800819b
0x00594A80,0800815f
0x00594A94,080081ba
0x00594AB4,080081d9
0x00594AD8,080081f6
0x00594AF8,08008215
0x00594B1C,08008232
0x00594B3C,08008251
0x00594B60,0800826e
0x00594B80,08008287
0x00594BE8,080082a4
0x00594C08,080082bd
0x00594C2C,080082da
0x00594C4C,080082f9
0x00594C70,0800831e
0x00594C90,0800833d
0x00594CB4,0800835a
0x00594CD4,08008379
0x00594CF8,08008396
0x00594D18,080083a7
0x00594D3C,080083cc
0x00594D5C,080083dd
0x00594D80,080083fa
0x00594DA0,0800840b
0x00594DC4,08008428
0x00594DE4,0800843d
0x00594E4C,0800845a
0x00594E6C,0800846f
0x00594E90,0800848c
0x00594EB0,0800849f
0x00594F18,080084bc
0x00594F38,080084cf
0x00594F5C,080084ec
0x00594F7C,08008505
0x00594F84,080084ec
0x00594FE4,08008522
0x00595004,08008537
0x0059500C,08008522
0x00595028,08008554
0x00595048,0800856d
0x005950B0,0800858a
0x005950D0,080085a3
0x005950F4,080085c0
0x00595114,080085d3
0x0059517C,080085f0
0x0059519C,08008603
0x005951C0,08008620
0x005951E0,0800863d
0x00595248,0800865a
0x00595268,08008677
0x0059528C,08008694
0x00595294,08008694
0x005952AC,080086a9
0x005952B4,080086c6
0x00595314,080086e7
0x0059531C,080086e7
0x00595334,080086fc
0x0059533C,08008719
0x00595358,0800873a
0x00595360,0800873a
0x00595378,08008753
0x00595380,08008770
0x005953E0,08008791
0x005953E8,08008791
0x00595400,080087aa
0x00595408,080087c7
0x00595424,080087e8
0x00595444,08008801
0x005954AC,0800881e
0x005954CC,08008837
0x005954F0,08008854
0x00595510,0800886d
0x00595578,0800888a
0x00595598,080088a3
0x005955BC,080088c0
0x005955DC,080088dd
0x00595644,080088fa
0x00595664,08008917
0x00595688,08008934
0x005956A8,0800894d
0x00595710,0800896a
0x00595730,08008983
0x00595754,080089a0
0x0059575C,080089c7
0x00595774,080089e2
0x0059577C,080089ff
0x005957DC,08008a22
0x005957E4,08008a49
0x005957FC,08008a64
0x00595804,08008a81
0x00595820,08008aa4
0x00595840,08008abb
0x005958A8,08008ad8
0x005958C8,08008aef
0x005958EC,08008b0c
0x0059590C,08008b23
0x00595974,08008b40
0x00595994,08008b57
0x005959B8,08008b74
0x005959D8,08008b93
0x00595A40,08008bb0
0x00595A60,08008bcf
0x00595A84,08008bec
0x00595AA4,08008c01
0x00595B0C,08008c1e
0x00595B2C,08008c33
0x00595B50,08008c50
0x00595B70,08008c77
0x00595BD8,08008c94
0x00595BF8,08008cbb
0x00595C1C,08008cd8
0x00595C3C,08008cf9
0x00595CA4,08008d16
0x00595CC4,08008d37
0x00595CE8,08008d54
0x00595D08,08008d77
0x00595D70,08008d94
0x00595D90,08008db7
0x00595DB4,08008dd4
0x00595DD4,08008deb
0x00595E39,08002701
0x00595E3C,08008e08
0x00595E5C,08008e1f
0x00595E80,08008e3c
0x00595EA0,08008e5d
0x00595F08,08008e80
0x00595F28,08008ea1
0x00595F4C,08008ebe
0x00595F6C,08008ed9
0x00595FD4,08008ef6
0x00595FF4,08008f11
0x00596018,08008f2e
0x00596038,08008f41
0x0059605C,08008f5e
0x0059605D,0808008f
0x00596064,08008f79
0x0059606C,08008fa1
0x0059607C,08008fd3
0x0059607D,0808008f
0x00596084,08008ff0
0x0059608C,0800901c
0x005960A0,08009054
0x005960C0,08009067
0x005960E4,08009084
0x005960E5,08080090
0x005960EC,0800909f
0x005960F4,080090c7
0x00596104,080090f9
0x00596105,08080090
0x0059610C,08009116
0x00596114,08009142
0x005961B0,0800917a
0x005961B1,08080091
0x005961B8,08009195
0x005961C0,080091bd
0x005961D0,080091ef
0x005961D1,08080091
0x005961D8,0800920c
0x005961E0,08009238
0x0059627C,08009270
0x0059627D,08080092
0x00596284,0800928b
0x0059628C,080092b3
0x0059629C,080092e5
0x0059629D,08080092
0x005962A4,08009302
0x005962AC,0800932e
0x00596348,08009366
0x00596349,08080093
0x00596350,08009381
0x00596358,080093a9
0x00596368,080093db
0x00596369,08080093
0x00596370,080093f8
0x00596378,08009424
0x00596414,0800945c
0x00596415,08080094
0x0059641C,08009477
0x00596424,0800949f
0x00596434,080094d1
0x00596435,08080094
0x0059643C,080094ee
0x00596444,0800951a
0x005964E0,08009552
0x005964E1,08080095
0x005964E8,0800956d
0x005964F0,08009595
0x00596500,080095c7
0x00596501,08080095
0x00596508,080095e4
0x00596510,08009610
0x005965AC,08009648
0x005965B4,08009663
0x005965B5,08080096
0x005965BC,0800967e
0x005965C4,080096a6
0x005965CC,080096d8
0x005965D4,080096f5
0x005965D5,08080096
0x005965DC,08009718
0x005965E4,08009744
0x00596678,0800977c
0x00596698,08009795
0x00596700,080097b2
0x00596720,080097c7
0x00596744,080097e4
0x00596764,080097f7
0x00596810,08009814
0x00596830,0800982d
0x005968DC,0800984a
0x005968FC,08009863
0x005969A8,08009880
0x005969C8,08009899
0x00596A74,080098b6
0x00596A94,080098c9
0x00596B40,080098e6
0x00596B60,080098ff
0x00596C0C,0800991c
0x00596C2C,08009931
0x00596C94,0800994e
0x00596CB4,08009963
0x00596D60,08142a70
0x00596D64,08142ba0
0x00596D6C,0813e070
0x00596D70,08144048
0x00596D74,08144074
0x00596D7C,0813e070
0x00596D7D,080813e0
0x00596D80,08145d08
0x00596D84,08145d40
0x00596D8C,0813e070
0x00596D90,081479bc
0x00596D94,081479e8
0x00596D9C,0813e070
0x00596DA0,08149264
0x00596DA4,0814929c
0x00596DAC,0813e070
0x00596DB0,0814a71c
0x00596DB4,0814a748
0x00596DBC,0813e070
0x00596DC0,0814c3dc
0x00596DC4,0814c414
0x00596DCC,0813e070
0x00596DD0,0814e490
0x00596DD4,0814e4bc
0x00596DDC,0813e070
0x00596DE0,0814fd38
0x00596DE4,0814fd70
0x00596DEC,0813e070
0x00596DF0,08154778
0x00596DF4,081548a8
0x00596DFC,0814fd78
0x00596E00,08155d50
0x00596E04,08155d7c
0x00596E0C,0814fd78
0x00596E10,08157610
0x00596E14,08157648
0x00596E1C,0814fd78
0x00596E20,081592c4
0x00596E24,081592f0
0x00596E2C,0814fd78
0x00596E30,0815a76c
0x00596E34,0815a7a4
0x00596E3C,0814fd78
0x00596E40,0815bc24
0x00596E44,0815bc50
0x00596E4C,0814fd78
0x00596E50,0815d4e4
0x00596E54,0815d51c
0x00596E5C,0814fd78
0x00596E60,0815f198
0x00596E64,0815f1c4
0x00596E6C,0814fd78
0x00596E70,08160640
0x00596E74,08160678
0x00596E7C,0814fd78
0x00596E80,08165080
0x00596E84,081651b0
0x00596E8C,08160680
0x00596E90,08166658
0x00596E94,08166684
0x00596E9C,08160680
0x00596EA0,08167f18
0x00596EA4,08167f54
0x00596EAC,08160680
0x00596EB0,081697d0
0x00596EB4,081697fc
0x00596EBC,08160680
0x00596EC4,0816b0b0
0x00596ECC,08160680
0x00596ED0,0816c530
0x00596ED4,0816c55c
0x00596EDC,08160680
0x00596EE0,0816ddf0
0x00596EE4,0816de2c
0x00596EEC,08160680
0x00596EF0,0816f6a8
0x00596EF4,0816f6d4
0x00596EFC,08160680
0x00596F00,08170f50
0x00596F04,08170f88
0x00596F0C,08160680
0x00596F10,08174590
0x00596F14,081746c0
0x00596F1C,08170f90
0x00596F20,08175b68
0x00596F24,08175b94
0x00596F2C,08170f90
0x00596F30,08177010
0x00596F34,08177040
0x00596F3C,08170f90
0x00596F40,08178cbc
0x00596F44,08178ce8
0x00596F4C,08170f90
0x00596F50,0817a164
0x00596F54,0817a19c
0x00596F5C,08170f90
0x00596FA0,0817d7a4
0x00596FA4,0817d8d4
0x00596FAC,0817a1a4
0x00596FB0,0817ed7c
0x00596FB4,0817eda8
0x00596FBC,0817a1a4
0x00596FC0,08180224
0x00596FC4,08180254
0x00596FCC,0817a1a4
0x00596FD0,081822d0
0x00596FD4,081822fc
0x00596FDC,0817a1a4
0x00596FE4,08183fb0
0x00596FEC,0817a1a4
0x00597030,081875b8
0x00597034,081876e8
0x0059703C,08183fb8
0x00597040,08188b90
0x00597044,08188bbc
0x0059704C,08183fb8
0x00597050,0818a038
0x00597054,0818a068
0x0059705C,08183fb8
0x00597060,0818bce4
0x00597064,0818bd10
0x0059706C,08183fb8
0x00597070,0818d18c
0x00597074,0818d1c4
0x0059707C,08183fb8
0x005970C0,08191bcc
0x005970C4,08191cfc
0x005970CC,0818d1cc
0x005970D0,081931a4
0x005970D4,081931d0
0x005970DC,0818d1cc
0x005970E0,08194e4c
0x005970E4,08194e7c
0x005970EC,0818d1cc
0x005970F0,08197710
0x005970F4,08197744
0x005970FC,0818d1cc
0x00597100,08198bc0
0x00597104,08198bf8
0x0059710C,0818d1cc
0x00597114,0819a0a4
0x0059711C,0818d1cc
0x00597120,0819b920
0x00597124,0819b950
0x0059712C,0818d1cc
0x00597130,0819e1e4
0x00597134,0819e218
0x0059713C,0818d1cc
0x00597140,0819f694
0x00597144,0819f6cc
0x0059714C,0818d1cc
0x00597150,081a2cd4
0x00597154,081a2e04
0x0059715C,0819f6d4
0x00597160,081a42ac
0x00597164,081a42d8
0x0059716C,0819f6d4
0x00597170,081a5754
0x00597174,081a5784
0x0059717C,0819f6d4
0x00597180,081a7400
0x00597184,081a742c
0x0059718C,0819f6d4
0x00597190,081a88a8
0x00597194,081a88e0
0x0059719C,0819f6d4
0x005971E0,081abee8
0x005971E4,081ac018
0x005971E5,08081ac0
0x005971EC,081a88e8
0x005971F0,081ad4c0
0x005971F4,081ad4ec
0x005971FC,081a88e8
0x00597200,081ae968
0x00597204,081ae998
0x0059720C,081a88e8
0x00597210,081b0614
0x00597214,081b0640
0x0059721C,081a88e8
0x00597220,081b1ebc
0x00597224,081b1ef4
0x0059722C,081a88e8
0x00597270,081b54fc
0x00597274,081b562c
0x0059727C,081b1efc
0x00597280,081b6ad4
0x00597284,081b6b00
0x0059728C,081b1efc
0x00597290,081b7f7c
0x00597294,081b7fac
0x0059729C,081b1efc
0x005972A0,081b9c28
0x005972A4,081b9c54
0x005972AC,081b1efc
0x005972B0,081bb0d0
0x005972B1,08081bb0
0x005972B4,081bb108
0x005972BC,081b1efc
0x00597300,081be710
0x00597304,081be840
0x0059730C,081bb110
0x00597310,081bfce8
0x00597314,081bfd14
0x0059731C,081bb110
0x00597320,081c1190
0x00597324,081c11c0
0x0059732C,081bb110
0x00597330,081c323c
0x00597334,081c3268
0x0059733C,081bb110
0x00597340,081c46e4
0x00597344,081c471c
0x0059734C,081bb110
0x00597390,081c7d24
0x00597394,081c7e54
0x0059739C,081c4724
0x005973A0,081c92fc
0x005973A4,081c9328
0x005973AC,081c4724
0x005973B0,081cabbc
0x005973B4,081cabf4
0x005973BC,081c4724
0x005973C0,081ccc70
0x005973C4,081ccc9c
0x005973CC,081c4724
0x005973D0,081ce118
0x005973D4,081ce150
0x005973DC,081c4724
0x00597420,081d1758
0x00597424,081d1888
0x0059742C,081ce158
0x00597430,081d2d30
0x00597434,081d2d5c
0x0059743C,081ce158
0x00597440,081d41d8
0x00597441,08081d41
0x00597444,081d4208
0x0059744C,081ce158
0x00597450,081d5a84
0x00597454,081d5ab4
0x0059745C,081ce158
0x00597460,081d6f30
0x00597464,081d6f68
0x0059746C,081ce158
0x005974B0,081da570
0x005974B4,081da6a0
0x005974BC,081d6f70
0x005974C0,081dbb48
0x005974C4,081dbb74
0x005974CC,081d6f70
0x005974D0,081dcff0
0x005974D4,081dd020
0x005974DC,081d6f70
0x005974E0,081df09c
0x005974E4,081df0c8
0x005974EC,081d6f70
0x005974F0,081e0be4
0x005974F4,081e0c1c
0x005974FC,081d6f70
0x00597540,081e4224
0x00597544,081e4354
0x0059754C,081e0c24
0x00597550,081e57fc
0x00597554,081e5828
0x0059755C,081e0c24
0x00597560,081e6ca4
0x00597564,081e6cd4
0x0059756C,081e0c24
0x00597570,081e8d50
0x00597574,081e8d7c
0x0059757C,081e0c24
0x00597580,081ea9f8
0x00597584,081eaa30
0x0059758C,081e0c24
0x005975D0,081ee038
0x005975D4,081ee168
0x005975DC,081eaa38
0x005975E0,081ef610
0x005975E4,081ef63c
0x005975EC,081eaa38
0x005975F0,081f0ab8
0x005975F4,081f0ae8
0x005975FC,081eaa38
0x00597600,081f2b64
0x00597604,081f2b90
0x0059760C,081eaa38
0x00597610,081f400c
0x00597614,081f4044
0x0059761C,081eaa38
0x00597660,081f764c
0x00597664,081f777c
0x0059766C,081f404c
0x00597670,081f8c24
0x00597674,081f8c50
0x0059767C,081f404c
0x00597680,081fa0cc
0x00597684,081fa0fc
0x0059768C,081f404c
0x00597694,081fc1a4
0x0059769C,081f404c
0x005976A0,081fd620
0x005976A4,081fd658
0x005976AC,081f404c
0x005976F0,08200c60
0x005976F4,08200d90
0x005976FC,081fd660
0x00597700,08203078
0x00597704,082030ac
0x0059770C,081fd660
0x00597710,08204d28
0x00597714,08204d58
0x0059771C,081fd660
0x00597720,082075ec
0x00597724,08207620
0x0059772C,081fd660
0x00597730,08208e9c
0x00597734,08208ed4
0x0059773C,081fd660
0x00597780,0820c4dc
0x00597784,0820c60c
0x0059778C,08208edc
0x00597790,0820dab4
0x00597794,0820dae0
0x0059779C,08208edc
0x005977A0,0820f75c
0x005977A4,0820f78c
0x005977AC,08208edc
0x005977AD,0808208e
0x005977B0,08211808
0x005977B4,08211834
0x005977BC,08208edc
0x005977C0,08212cb0
0x005977C4,08212ce8
0x005977CC,08208edc
0x00597810,082162f0
0x00597814,08216420
0x0059781C,08212cf0
0x00597820,082178c8
0x00597824,082178f4
0x0059782C,08212cf0
0x00597830,08219588
0x00597834,082195bc
0x0059783C,08212cf0
0x00597840,0821ba38
0x00597844,0821ba64
0x0059784C,08212cf0
0x00597850,0821d6e0
0x00597854,0821d718
0x0059785C,08212cf0
0x005978A0,08220d20
0x005978A4,08220e50
0x005978AC,0821d720
0x005978B0,082222f8
0x005978B4,08222324
0x005978BC,0821d720
0x005978C0,082237a0
0x005978C4,082237d0
0x005978CC,0821d720
0x005978D0,0822544c
0x005978D4,08225478
0x005978DC,0821d720
0x005978E0,082268f4
0x005978E4,0822692c
0x005978EC,0821d720
0x00597930,08229f34
0x00597934,0822a064
0x0059793C,08226934
0x00597940,0822b50c
0x00597944,0822b538
0x0059794C,08226934
0x00597950,0822c9b4
0x00597954,0822c9e4
0x0059795C,08226934
0x00597960,0822ea78
0x00597964,0822eaac
0x0059796C,08226934
0x00597970,0822ff28
0x00597974,0822ff60
0x0059797C,08226934
0x005979C0,08233568
0x005979C4,08233698
0x005979CC,0822ff68
0x005979D0,08234b40
0x005979D4,08234b6c
0x005979DC,0822ff68
0x005979E0,08235fe8
0x005979E4,08236018
0x005979EC,0822ff68
0x005979F0,082380ac
0x005979F4,082380e0
0x005979FC,0822ff68
0x00597A00,0823955c
0x00597A04,08239594
0x00597A0C,0822ff68
0x00597A50,0823cb9c
0x00597A54,0823cccc
0x00597A5C,0823959c
0x00597A60,0823e174
0x00597A64,0823e1a0
0x00597A6C,0823959c
0x00597A70,0823f61c
0x00597A74,0823f64c
0x00597A7C,0823959c
0x00597A80,082416e0
0x00597A84,08241714
0x00597A8C,0823959c
0x00597A90,08242b90
0x00597A94,08242bc8
0x00597A9C,0823959c
0x00597AE0,082475d0
0x00597AE4,08247700
0x00597AEC,08242bd0
0x00597AF0,08248ba8
0x00597AF4,08248bd4
0x00597AFC,08242bd0
0x00597B00,0824a050
0x00597B04,0824a080
0x00597B0C,08242bd0
0x00597B10,0824bcfc
0x00597B14,0824bd28
0x00597B1C,08242bd0
0x00597B20,0824d1a4
0x00597B24,0824d1dc
0x00597B2C,08242bd0
0x00597B30,0824e65c
0x00597B34,0824e688
0x00597B3C,08242bd0
0x00597B40,0824fb04
0x00597B44,0824fb34
0x00597B4C,08242bd0
0x00597B50,082517b0
0x00597B54,082517dc
0x00597B5C,08242bd0
0x00597B60,08252c58
0x00597B64,08252c90
0x00597B6C,08242bd0
0x00597B70,08257698
0x00597B74,082577c8
0x00597B7C,08252c98
0x00597B80,08258c70
0x00597B84,08258c9c
0x00597B8C,08252c98
0x00597B90,0825a918
0x00597B94,0825a948
0x00597B9C,08252c98
0x00597BA0,0825c9c4
0x00597BA4,0825c9f0
0x00597BAC,08252c98
0x00597BB0,0825de6c
0x00597BB4,0825dea4
0x00597BBC,08252c98
0x00597BC0,0825f324
0x00597BC4,0825f350
0x00597BCC,08252c98
0x00597BD0,08260bcc
0x00597BD4,08260bfc
0x00597BDC,08252c98
0x00597BE4,082628a4
0x00597BEC,08252c98
0x00597BF0,08263d20
0x00597BF4,08263d58
0x00597BFC,08252c98
0x00597C00,08268760
0x00597C04,08268890
0x00597C0C,08263d60
0x00597C10,08269d38
0x00597C14,08269d64
0x00597C1C,08263d60
0x00597C20,0826b1e0
0x00597C24,0826b210
0x00597C2C,08263d60
0x00597C30,0826ce8c
0x00597C34,0826ceb8
0x00597C3C,08263d60
0x00597C40,0826e334
0x00597C44,0826e36c
0x00597C4C,08263d60
0x00597C50,0826f7ec
0x00597C5C,08263d60
0x00597C60,08270c94
0x00597C64,08270cc4
0x00597C6C,08263d60
0x00597C70,08272940
0x00597C74,0827296c
0x00597C7C,08263d60
0x00597C80,08273de8
0x00597C84,08273e20
0x00597C8C,08263d60
0x00597C90,08278828
0x00597C94,08278958
0x00597C9C,08273e28
0x00597CA0,08279e00
0x00597CA4,08279e2c
0x00597CAC,08273e28
0x00597CB0,0827b2a8
0x00597CB4,0827b2d8
0x00597CBC,08273e28
0x00597CC0,0827cf54
0x00597CC4,0827cf80
0x00597CCC,08273e28
0x00597CD0,0827e3fc
0x00597CD4,0827e434
0x00597CDC,08273e28
0x00597CE0,0827f8b4
0x00597CE4,0827f8e0
0x00597CEC,08273e28
0x00597CF0,08280d5c
0x00597CF4,08280d8c
0x00597CFC,08273e28
0x00597CFD,0808273e
0x00597D00,08282a08
0x00597D04,08282a34
0x00597D0C,08273e28
0x00597D10,08283eb0
0x00597D14,08283ee8
0x00597D1C,08273e28
0x00597D20,082874f0
0x00597D24,08287620
0x00597D2C,08283ef0
0x00597D30,08288ac8
0x00597D34,08288af4
0x00597D3C,08283ef0
0x00597D40,08289f70
0x00597D44,08289fa0
0x00597D4C,08283ef0
0x00597D50,0828c01c
0x00597D54,0828c048
0x00597D5C,08283ef0
0x00597D60,0828dcc4
0x00597D64,0828dcfc
0x00597D6C,08283ef0
0x00597DB0,08291304
0x00597DB4,08291434
0x00597DBC,0828dd04
0x00597DC0,082928dc
0x00597DC1,08082928
0x00597DC4,08292908
0x00597DCC,0828dd04
0x00597DD0,08293d84
0x00597DD4,08293db4
0x00597DDC,0828dd04
0x00597DE0,08294e30
0x00597DE4,08294e5c
0x00597DEC,0828dd04
0x00597DF0,082966d8
0x00597DF4,08296710
0x00597DFC,0828dd04
0x00597E40,0829b178
0x00597E44,0829b278
0x00597E4C,08296718
0x00597E50,0817ed7c
0x00597E54,0817eda8
0x00597E5C,0817a1a4
0x00597E60,08180224
0x00597E64,08180254
0x00597E6C,0817a1a4
0x00597E70,081822d0
0x00597E74,081822fc
0x00597E7C,0817a1a4
0x00597E80,0829cf10
0x00597E84,0829cf48
0x00597E8C,08296718
0x00597ED0,082a0550
0x00597ED4,082a0680
0x00597EDC,0829cf50
0x00597EE0,082a1b28
0x00597EE4,082a1b54
0x00597EEC,0829cf50
0x00597EF0,082a2fd0
0x00597EF4,082a3000
0x00597EFC,0829cf50
0x00597F00,082a4c7c
0x00597F04,082a4ca8
0x00597F0C,0829cf50
0x00597F10,082a6124
0x00597F14,082a615c
0x00597F1C,0829cf50
0x00597F60,082a9764
0x00597F64,082a9894
0x00597F6C,082a6164
0x00597F70,082aad3c
0x00597F74,082aad68
0x00597F7C,082a6164
0x00597F80,082ac1e4
0x00597F84,082ac214
0x00597F8C,082a6164
0x00597F90,082ade90
0x00597F94,082adebc
0x00597F9C,082a6164
0x00597FA0,082af338
0x00597FA4,082af370
0x00597FAC,082a6164
0x00597FF0,082b2978
0x00597FF4,082b2aa8
0x00597FFC,082af378
0x00598000,082b3f50
0x00598004,082b3f7c
0x0059800C,082af378
0x00598010,082b53f8
0x00598014,082b5428
0x0059801C,082af378
0x00598020,082b70a4
0x00598024,082b70d0
0x0059802C,082af378
0x00598030,082b854c
0x00598034,082b8584
0x0059803C,082af378
0x00598080,082bbb8c
0x00598084,082bbcbc
0x0059808C,082b858c
0x00598090,082bd164
0x00598094,082bd190
0x0059809C,082b858c
0x005980A0,082bea0c
0x005980A4,082bea3c
0x005980AC,082b858c
0x005980B0,082c02b8
0x005980B4,082c02e4
0x005980BC,082b858c
0x005980C0,082c1b60
0x005980C4,082c1b90
0x005980CC,082b858c
0x00598110,082c6598
0x00598114,082c6688
0x0059811C,082c1b98
0x00598120,0817ed7c
0x00598124,0817eda8
0x0059812C,0817a1a4
0x00598130,08180224
0x00598134,08180254
0x0059813C,0817a1a4
0x00598140,082c8f20
0x00598144,082c8f50
0x0059814C,082c1b98
0x00598150,082cb7cc
0x00598154,082cb804
0x0059815C,082c1b98
0x005981A0,082d0a0c
0x005981A4,082d0afc
0x005981AC,082cb80c
0x005981B0,0817ed7c
0x005981B4,0817eda8
0x005981BC,0817a1a4
0x005981C0,08180224
0x005981C4,08180254
0x005981CC,0817a1a4
0x005981D0,082d3bf4
0x005981D4,082d3c44
0x005981DC,082cb80c
0x005981E0,082d6cd8
0x005981E4,082d6d14
0x005981EC,082cb80c
0x00598230,082dd83c
0x00598234,082dd97c
0x0059823C,082d6d1c
0x00598240,0817ed7c
0x00598244,0817eda8
0x0059824C,0817a1a4
0x00598250,08180224
0x00598254,08180254
0x0059825C,0817a1a4
0x00598260,082e0a2c
0x00598264,082e0a60
0x0059826C,082d6d1c
0x00598270,082e32dc
0x00598274,082e3314
0x0059827C,082d6d1c
0x005982C0,082e611c
0x005982C4,082e621c
0x005982CC,082e331c
0x005982D0,0817ed7c
0x005982D4,0817eda8
0x005982DC,0817a1a4
0x005982E0,08180224
0x005982E4,08180254
0x005982EC,0817a1a4
0x005982F0,082e7a54
0x005982F4,082e7a78
0x005982FC,082e331c
0x00598300,082e9294
0x00598304,082e92bc
0x0059830C,082e331c
0x00598350,082ebdf4
0x00598354,082ebef4
0x0059835C,082e92c4
0x00598360,0817ed7c
0x00598364,0817eda8
0x0059836C,0817a1a4
0x00598370,08180224
0x00598374,08180254
0x0059837C,0817a1a4
0x00598380,082edfb4
0x00598384,082edfe4
0x0059838C,082e92c4
0x00598390,082ef830
0x00598394,082ef858
0x0059839C,082e92c4
0x005983E0,082f3ac0
0x005983E4,082f3bf0
0x005983EC,082ef860
0x005983F0,0817ed7c
0x005983F4,0817eda8
0x005983FC,0817a1a4
0x00598400,08180224
0x00598404,08180254
0x0059840C,0817a1a4
0x00598410,081822d0
0x00598414,081822fc
0x0059841C,0817a1a4
0x00598420,082f4c80
0x00598424,082f4cb0
0x0059842C,082ef860
0x00598470,082f54f0
0x00598474,082f54fc
0x0059847C,082f4cb8
0x00598480,0817ed7c
0x00598484,0817eda8
0x0059848C,0817a1a4
0x00598490,08180224
0x00598494,08180254
0x0059849C,0817a1a4
0x005984A0,081822d0
0x005984A4,081822fc
0x005984AC,0817a1a4
0x005984B4,08183fb0
0x005984BC,0817a1a4
0x00598500,0817d7a4
0x00598504,0817d8d4
0x0059850C,0817a1a4
0x00598510,0817ed7c
0x00598514,0817eda8
0x0059851C,0817a1a4
0x00598520,08180224
0x00598524,08180254
0x0059852C,0817a1a4
0x00598530,081822d0
0x00598534,081822fc
0x0059853C,0817a1a4
0x00598544,08183fb0
0x0059854C,0817a1a4
0x00598590,0817d7a4
0x00598594,0817d8d4
0x0059859C,0817a1a4
0x005985A0,0817ed7c
0x005985A4,0817eda8
0x005985AC,0817a1a4
0x005985B0,08180224
0x005985B4,08180254
0x005985BC,0817a1a4
0x005985C0,081822d0
0x005985C4,081822fc
0x005985CC,0817a1a4
0x005985D4,08183fb0
0x005985DC,0817a1a4
0x00598620,0817d7a4
0x00598624,0817d8d4
0x0059862C,0817a1a4
0x00598630,0817ed7c
0x00598634,0817eda8
0x0059863C,0817a1a4
0x00598640,08180224
0x00598644,08180254
0x0059864C,0817a1a4
0x00598650,081822d0
0x00598654,081822fc
0x0059865C,0817a1a4
0x00598664,08183fb0
0x0059866C,0817a1a4
0x005986B0,0817d7a4
0x005986B4,0817d8d4
0x005986BC,0817a1a4
0x005986C0,0817ed7c
0x005986C4,0817eda8
0x005986CC,0817a1a4
0x005986D0,08180224
0x005986D4,08180254
0x005986DC,0817a1a4
0x005986E0,081822d0
0x005986E4,081822fc
0x005986EC,0817a1a4
0x005986F4,08183fb0
0x005986FC,0817a1a4
0x00598740,0817d7a4
0x00598744,0817d8d4
0x0059874C,0817a1a4
0x00598750,0817ed7c
0x00598754,0817eda8
0x0059875C,0817a1a4
0x00598760,08180224
0x00598764,08180254
0x0059876C,0817a1a4
0x00598770,081822d0
0x00598774,081822fc
0x0059877C,0817a1a4
0x00598784,08183fb0
0x0059878C,0817a1a4
0x005987D0,0817d7a4
0x005987D4,0817d8d4
0x005987DC,0817a1a4
0x005987E0,0817ed7c
0x005987E4,0817eda8
0x005987EC,0817a1a4
0x005987F0,08180224
0x005987F4,08180254
0x005987FC,0817a1a4
0x00598800,081822d0
0x00598804,081822fc
0x0059880C,0817a1a4
0x00598814,08183fb0
0x0059881C,0817a1a4
0x00598860,0817d7a4
0x00598864,0817d8d4
0x0059886C,0817a1a4
0x00598870,0817ed7c
0x00598874,0817eda8
0x0059887C,0817a1a4
0x00598880,08180224
0x00598884,08180254
0x0059888C,0817a1a4
0x00598890,081822d0
0x00598894,081822fc
0x0059889C,0817a1a4
0x005988A4,08183fb0
0x005988AC,0817a1a4
0x005988F0,0817d7a4
0x005988F4,0817d8d4
0x005988FC,0817a1a4
0x00598900,0817ed7c
0x00598904,0817eda8
0x0059890C,0817a1a4
0x00598910,08180224
0x00598914,08180254
0x0059891C,0817a1a4
0x00598920,081822d0
0x00598924,081822fc
0x0059892C,0817a1a4
0x00598934,08183fb0
0x0059893C,0817a1a4
0x00598980,0817d7a4
0x00598984,0817d8d4
0x0059898C,0817a1a4
0x00598990,0817ed7c
0x00598994,0817eda8
0x0059899C,0817a1a4
0x005989A0,08180224
0x005989A4,08180254
0x005989AC,0817a1a4
0x005989B0,081822d0
0x005989B4,081822fc
0x005989BC,0817a1a4
0x005989C4,08183fb0
0x005989CC,0817a1a4
0x00598A10,0817d7a4
0x00598A14,0817d8d4
0x00598A1C,0817a1a4
0x00598A20,0817ed7c
0x00598A24,0817eda8
0x00598A2C,0817a1a4
0x00598A30,08180224
0x00598A34,08180254
0x00598A3C,0817a1a4
0x00598A40,081822d0
0x00598A44,081822fc
0x00598A4C,0817a1a4
0x00598A54,08183fb0
0x00598A5C,0817a1a4
0x00598AA0,0817d7a4
0x00598AA4,0817d8d4
0x00598AAC,0817a1a4
0x00598AB0,0817ed7c
0x00598AB4,0817eda8
0x00598ABC,0817a1a4
0x00598AC0,08180224
0x00598AC4,08180254
0x00598ACC,0817a1a4
0x00598AD0,081822d0
0x00598AD4,081822fc
0x00598ADC,0817a1a4
0x00598AE4,08183fb0
0x00598AEC,0817a1a4
0x00598B30,0817d7a4
0x00598B34,0817d8d4
0x00598B3C,0817a1a4
0x00598B40,0817ed7c
0x00598B44,0817eda8
0x00598B4C,0817a1a4
0x00598B50,08180224
0x00598B54,08180254
0x00598B5C,0817a1a4
0x00598B60,081822d0
0x00598B64,081822fc
0x00598B6C,0817a1a4
0x00598B74,08183fb0
0x00598B7C,0817a1a4
0x00598BC0,082f81a0
0x00598BC4,082f83c0
0x00598BCC,082f5500
0x00598BD0,0817ed7c
0x00598BD4,0817eda8
0x00598BDC,0817a1a4
0x00598BE0,08180224
0x00598BE4,08180254
0x00598BEC,0817a1a4
0x00598BF0,082f8d54
0x00598BF4,082f8da0
0x00598BFC,082f5500
0x00598C00,082f9468
0x00598C04,082f9490
0x00598C0C,082f5500
0x00598C50,0817d7a4
0x00598C54,0817d8d4
0x00598C5C,0817a1a4
0x00598C60,0817ed7c
0x00598C64,0817eda8
0x00598C6C,0817a1a4
0x00598C70,08180224
0x00598C74,08180254
0x00598C7C,0817a1a4
0x00598C80,081822d0
0x00598C84,081822fc
0x00598C8C,0817a1a4
0x00598C94,08183fb0
0x00598C9C,0817a1a4
0x00598CE0,082fca98
0x00598CE4,082fcbc8
0x00598CEC,082f9498
0x00598CF0,082fe070
0x00598CF4,082fe09c
0x00598CFC,082f9498
0x00598D00,082ff518
0x00598D04,082ff548
0x00598D0C,082f9498
0x00598D10,083011c4
0x00598D14,083011f0
0x00598D1C,082f9498
0x00598D20,0830266c
0x00598D24,083026a4
0x00598D2C,082f9498
0x00598D70,08305cac
0x00598D74,08305ddc
0x00598D7C,083026ac
0x00598D80,08307284
0x00598D84,083072b0
0x00598D8C,083026ac
0x00598D90,0830872c
0x00598D94,0830875c
0x00598D9C,083026ac
0x00598DA0,0830a7d8
0x00598DA4,0830a804
0x00598DAC,083026ac
0x00598DB0,0830bc80
0x00598DB4,0830bcb8
0x00598DB5,080830bc
0x00598DBC,083026ac
0x00598E00,0830dd58
0x00598E04,0830dd90
0x00598E0C,0830bcc0
0x00598E10,0830f5e0
0x00598E14,0830f5fc
0x00598E1C,0830bcc0
0x00598E24,08311ea8
0x00598E2C,0830bcc0
0x00598E30,08314724
0x00598E34,08314750
0x00598E3C,0830bcc0
0x00598E40,08315f9c
0x00598E44,08315fc4
0x00598E4C,0830bcc0
0x00598E90,083195cc
0x00598E94,083196fc
0x00598E9C,08315fcc
0x00598EA0,0831aba4
0x00598EA4,0831abd0
0x00598EAC,08315fcc
0x00598EB0,0831c464
0x00598EB4,0831c49c
0x00598EBC,08315fcc
0x00598EC0,0831e518
0x00598EC4,0831e544
0x00598ECC,08315fcc
0x00598ED0,0831f9c0
0x00598ED4,0831f9f8
0x00598EDC,08315fcc
0x00598F20,0817d7a4
0x00598F24,0817d8d4
0x00598F2C,0817a1a4
0x00598F30,0817ed7c
0x00598F34,0817eda8
0x00598F3C,0817a1a4
0x00598F40,08180224
0x00598F44,08180254
0x00598F4C,0817a1a4
0x00598F50,081822d0
0x00598F54,081822fc
0x00598F5C,0817a1a4
0x00598F64,08183fb0
0x00598F6C,0817a1a4
0x00598FB0,08323000
0x00598FB4,08323130
0x00598FBC,0831fa00
0x00598FC0,083245d8
0x00598FC4,08324604
0x00598FCC,0831fa00
0x00598FD0,08325e80
0x00598FD4,08325eb0
0x00598FD5,0808325e
0x00598FDC,0831fa00
0x00598FE0,08328744
0x00598FE4,08328778
0x00598FEC,0831fa00
0x00598FF0,08329bf4
0x00598FF4,08329c2c
0x00598FFC,0831fa00
0x00599050,08329c34
0x00599054,0832a854
0x00599058,0832a8f8
0x00599060,0832aa04
0x00599064,0832b528
0x00599068,0832b5e8
0x00599070,0832b6ec
0x00599074,0832c350
0x00599078,0832c454
0x00599080,0832c5c8
0x00599084,0832d138
0x00599088,0832d1d0
0x00599090,0832d388
0x00599094,0832dad8
0x00599098,0832db78
0x005990A0,0832dc6c
0x005990A4,0832e534
0x005990A8,0832e618
0x005990B0,0832e778
0x005990B4,0832f398
0x005990B8,0832f450
0x005990D0,0832f55c
0x005990D4,08332e3c
0x005990D8,08332fb4
0x005990E0,08333268
0x005990E4,08336718
0x005990E8,08336884
0x005990F0,08336b38
0x005990F4,08339ea0
0x005990F8,0833a018
0x00599100,0833a2cc
0x00599104,0833c6b8
0x00599108,0833c830
0x00599110,0833ca94
0x00599114,083402e4
0x00599118,0834043c
0x00599128,083406f0
0x0059912C,083409d0
0x00599130,08340af8
0x00599134,08341fa8
0x00599138,08340af8
0x0059913C,08342340
0x00599140,083426d8
0x00599144,08342898
0x00599148,08342938
0x0059914C,08342dc8
0x00599150,0834311c
0x00599154,0834330c
0x00599158,08343760
0x0059915C,08343a5c
0x00599160,08343d88
0x00599164,083442a0
0x00599168,08344580
0x0059916C,083447ac
0x00599170,08344e18
0x00599174,08344f04
0x00599178,0834529c
0x0059917C,08345484
0x00599180,08345568
0x00599184,083459bc
0x00599188,08345ac8
0x0059918C,08345cf4
0x00599190,08345e64
0x00599194,083466c0
0x00599198,08346918
0x0059919C,08346f30
0x005991A0,0834716c
0x005991A4,0834747c
0x005991A8,0834754c
0x005991AC,083475b4
0x005991B0,083478f4
0x005991B4,083480c8
0x005991C0,08340ab0
0x005991C4,08340af4
0x005991C8,08342240
0x005991CC,08342334
0x005991D0,083425d8
0x005991D4,083426cc
0x005991D8,08342910
0x005991DC,08342934
0x005991E0,083430d4
0x005991E4,08343118
0x005991E8,08343700
0x005991EC,0834375c
0x005991F0,08343d28
0x005991F4,08343d84
0x005991F8,08344520
0x005991FC,0834457c
0x00599200,08344da8
0x00599204,08344e14
0x00599208,0834525c
0x0059920C,08345298
0x00599210,08345530
0x00599214,08345564
0x00599218,08345a90
0x0059921C,08345ac4
0x00599220,08345e24
0x00599224,08345e5c
0x00599228,083468d0
0x0059922C,08346914
0x00599230,0834711c
0x00599234,08347168
0x00599238,0834751c
0x0059923C,08347548
0x00599240,083478b4
0x00599244,083478f0
0x00599248,0834819c
0x0059924C,083481dc
0x00599258,08348790
0x0059925C,083487b4
0x00599260,083487f8
0x00599264,08348804
0x00599268,08348820
0x0059926C,0834882c
0x00599270,08348848
0x00599274,08348854
0x00599284,08001cd0
0x00599288,08001cd5
0x0059928C,08001ce4
0x00599290,08001cf1
0x00599294,08001cfc
0x00599298,08001d05
0x0059929C,08001d12
0x005992A0,08001d1f
0x005992A4,08001d2c
0x005992A8,08001d35
0x005992AC,08001d3e
0x005992B0,08001d49
0x005992B4,08001d52
0x005992B8,08001d5f
0x005992BC,08001d68
0x005992C0,08001d6f
0x005992C4,08001d7a
0x005992C8,08001d81
0x005992CC,08001d8e
0x005992D0,08001d9b
0x005992D4,08001da6
0x005992D8,08001db1
0x005992DC,08001db4
0x005992E0,08001db7
0x005992E4,08001dba
0x005992E8,08001dbf
0x005992EC,08001dc4
0x005992F0,08001dc9
0x005992F4,08001dd0
0x005992F8,08001dd7
0x005992FC,08001dde
0x00599300,08001de7
0x00599304,08001dee
0x00599308,08001dfb
0x0059930C,08001e06
0x00599310,08001e11
0x00599314,08001e1c
0x00599318,08001e21
0x0059931C,08001e26
0x00599320,08001e2d
0x00599324,08001e36
0x00599328,08001e41
0x0059932C,08001e46
0x00599330,08001e53
0x00599334,08001e5e
0x00599338,08001e65
0x0059933C,08001e70
0x00599340,08001e77
0x00599344,08001e84
0x00599348,08001e8b
0x0059934C,08001e92
0x00599350,08001e99
0x00599354,08001ea8
0x00599358,08001eb3
0x0059935C,08001eba
0x00599360,08001ec9
0x00599364,08001ece
0x00599368,08001ed5
0x0059936C,08001ede
0x00599370,08001ee9
0x00599374,08001ef6
0x00599378,08001f03
0x0059937C,08001f0e
0x00599380,08001f17
0x00599384,08001f1c
0x00599388,08001f25
0x0059938C,08001f2e
0x00599390,08001f3b
0x00599394,08001f44
0x00599398,08001f4f
0x0059939C,08001f56
0x005993A0,08001f61
0x005993A4,08001f6e
0x005993A8,08001f7d
0x005993AC,08001f8a
0x005993B0,08001f9d
0x005993B4,08001fa4
0x005993B8,08001fb1
0x005993BC,08001fb8
0x005993C0,08001fbf
0x005993C4,08001fc8
0x005993C8,08001fd9
0x005993CC,08001fea
0x005993D0,08001ff3
0x005993D4,08001ffa
0x005993D8,08002001
0x005993DC,08002004
0x005993E0,0800200f
0x005993E4,0800201a
0x005993E8,08002023
0x005993EC,0800202c
0x005993F0,08002035
0x005993F4,0800203c
0x005993F8,08002043
0x005993FC,0800204a
0x00599400,08002053
0x00599404,08002058
0x00599408,08002061
0x0059940C,0800206a
0x00599410,08002071
0x00599414,0800207c
0x00599418,08002081
0x0059941C,08002086
0x00599420,08002095
0x00599424,080020a0
0x00599428,080020ab
0x0059942C,080020b6
0x00599430,080020c5
0x00599434,080020d4
0x00599438,080020e3
0x0059943C,080020f2
0x00599440,08002101
0x00599441,08080021
0x00599444,08002108
0x00599448,0800210f
0x0059944C,08002116
0x00599450,0800211d
0x00599454,08002128
0x00599458,0800212f
0x0059945C,08002138
0x00599460,08002147
0x00599464,08002156
0x00599468,0800215d
0x0059946C,08002164
0x00599470,0800216d
0x00599474,08002174
0x00599478,0800217f
0x0059947C,0800218a
0x00599480,08002195
0x00599484,080021a6
0x00599488,080021b7
0x0059948C,080021c0
0x00599490,080021c9
0x00599494,080021dc
0x00599498,080021e7
0x0059949C,080021fa
0x005994A0,08002205
0x005994A4,08002218
0x005994A8,08002223
0x005994AC,0800222c
0x005994B0,08002235
0x005994B4,0800223c
0x005994B8,08002243
0x005994BC,0800224c
0x005994C0,08002255
0x005994C4,08002260
0x005994C8,08002267
0x005994CC,0800226c
0x005994D0,08002275
0x005994D4,0800227e
0x005994D8,08002283
0x005994E0,08002672
0x005994E4,08002691
0x005994E8,080026b4
0x005994EC,080026db
0x005994F0,080026fc
0x005994F4,08002725
0x005994F8,08002756
0x005994FC,08002775
0x00599500,080027a2
0x0059950C,080027d1
0x00599514,080027ea
0x00599518,08002817
0x0059951C,08002842
0x00599528,08002867
0x00599530,08002892
0x00599534,080028bd
0x00599538,080028ee
0x0059953C,0800291f
0x00599540,0800294a
0x00599544,08002977
0x00599548,080029a2
0x0059954C,080029d3
0x00599550,08002a02
0x00599554,08002a2f
0x00599558,08002a5a
0x0059955C,08002a89
0x00599560,08002aba
0x00599564,08002ae7
0x00599568,08002b10
0x0059956C,08002b3b
0x00599570,08002b64
0x00599574,08002b8b
0x00599580,08002bb2
0x00599584,08002bdf
0x00599588,08002c10
0x0059958C,08002c31
0x00599590,08002c56
0x00599594,08002c77
0x00599598,08002c9c
0x0059959C,08002cbb
0x005995A0,08002cea
0x005995A4,08002d17
0x005995A8,08002d40
0x005995B0,08002d61
0x005995B4,08002d88
0x005995B8,08002db9
0x005995BC,08002de8
0x005995C0,08002e0d
0x005995C4,08002e3e
0x005995C8,08002e6d
0x005995CC,08002e9e
0x005995D0,08002ecb
0x005995D4,08002ef6
0x005995D8,08002f15
0x005995DC,08002f40
0x005995E0,08002f67
0x005995E4,08002f98
0x005995E8,08002fc5
0x005995EC,08002ff2
0x005995F0,08003019
0x005995F4,0800303e
0x005995F8,08003065
0x005995FC,0800308a
0x00599600,080030b1
0x00599604,080030d6
0x00599608,08003107
0x0059960C,08003138
0x00599610,0800315f
0x00599614,08003186
0x00599618,080031b7
0x0059961C,080031e0
0x00599620,08003207
0x00599624,0800322c
0x00599628,08003251
0x0059962C,08003266
0x00599630,0800328b
0x00599634,080032b4
0x00599638,08002288
0x0059963C,08002299
0x00599640,080022a4
0x00599644,080022af
0x00599648,080022be
0x0059964C,080022cb
0x00599650,080022d6
0x00599654,080022e5
0x00599658,080022f2
0x0059965C,080022ff
0x00599660,08002310
0x00599664,0800231f
0x00599668,08002328
0x0059966C,08002335
0x00599670,08002340
0x00599674,0800234b
0x00599678,0800235a
0x0059967C,08002367
0x00599680,08002372
0x00599684,08002379
0x00599688,08002384
0x0059968C,08002393
0x00599690,080023a0
0x00599694,080023ab
0x00599698,080023ba
0x0059969C,080023c7
0x005996A0,080023d0
0x005996A4,080023dd
0x005996A8,080023e8
0x005996AC,080023f3
0x005996B0,08002402
0x005996B4,0800240f
0x005996B8,08002414
0x005996BC,0800241d
0x005996C0,08002424
0x005996C4,0800242d
0x005996C8,0800243a
0x005996CC,08002445
0x005996D0,0800244e
0x005996D4,0800245b
0x005996D8,08002468
0x005996DC,0800246d
0x005996E0,08002476
0x005996E4,0800247d
0x005996E8,08002484
0x005996EC,0800248f
0x005996F0,08002498
0x005996F4,080024a5
0x005996F8,080024b6
0x005996FC,080024c5
0x00599700,080024cc
0x00599704,080024d7
0x00599708,080024e0
0x0059970C,080024e7
0x00599710,080024f2
0x00599714,080024fb
0x00599718,08002502
0x0059971C,0800250d
0x00599720,08002516
0x00599724,0800251d
0x00599728,08002528
0x0059972C,08002531
0x00599730,08002538
0x00599734,08002543
0x00599738,0800254c
0x0059973C,08002553
0x00599740,0800255e
0x00599744,08002567
0x00599748,0800256e
0x0059974C,08002579
0x00599750,08002582
0x00599754,0800258b
0x00599758,08002598
0x0059975C,080025a3
0x00599760,080025aa
0x00599764,080025b5
0x00599768,080025be
0x0059976C,080025c9
0x00599770,080025d8
0x00599774,080025e5
0x00599778,080025ec
0x0059977C,080025f7
0x00599780,08002600
0x00599784,08002607
0x00599788,08002612
0x0059978C,0800261b
0x00599790,08002622
0x00599794,0800262d
0x00599798,08002636
0x0059979C,0800263f
0x005997A0,0800264c
0x005997A4,08002657
0x005997A8,0800265e
0x005997AC,08002669
0x005997B4,080032cb
0x005997B8,080032f4
0x005997BC,0800331b
0x005997C0,08003348
0x005997C4,08003379
0x005997C8,080033aa
0x005997CC,080033d7
0x005997CD,08080033
0x005997D0,08003408
0x005997D4,08003437
0x005997D8,0800345c
0x005997DC,08003489
0x005997E0,080034b6
0x005997E4,080034e3
0x005997E8,08003510
0x005997EC,0800352b
0x005997F0,0800355c
0x005997F4,0800358d
0x005997F8,080035b4
0x005997FC,080035e5
0x00599800,0800360e
0x00599804,08003637
0x00599808,08003668
0x0059980C,0800368d
0x00599810,080036b8
0x00599814,080036e3
0x00599818,08003714
0x0059981C,08003745
0x00599820,08003776
0x00599824,08003793
0x00599828,080037c4
0x0059982C,080037f5
0x00599830,08003812
0x00599834,08003829
0x00599838,08003854
0x0059983C,08003881
0x00599840,080038ae
0x00599844,080038d7
0x00599848,08003906
0x0059984C,0800392b
0x00599850,0800395a
0x00599854,08003981
0x00599858,080039aa
0x0059985C,080039d9
0x00599860,08003a09
0x00599864,08003a3a
0x00599868,08003a6b
0x0059986C,08003a9c
0x00599870,08003acb
0x00599874,08003afc
0x00599878,08003b27
0x0059987C,08003b54
0x00599880,08003b85
0x00599884,08003bb0
0x00599888,08003bdb
0x0059988C,08003c06
0x00599890,08003c33
0x00599894,08003c60
0x00599898,08003c8d
0x0059989C,08003cba
0x005998A0,08003ce7
0x005998A4,08003d14
0x005998A8,08003d41
0x005998AC,08003d6e
0x005998B0,08003d9b
0x005998B4,08003dc4
0x005998B8,08003ded
0x005998BC,08003e16
0x005998C0,08003e43
0x005998C4,08003e6c
0x005998C8,08003e9d
0x005998CC,08003eca
0x005998D0,08003efb
0x005998D4,08003f28
0x005998D8,08003f4d
0x005998DC,08003f72
0x005998E0,08003f93
0x005998E4,08003fbc
0x005998E8,08003fe5
0x005998EC,0800400e
0x005998F0,0800403d
0x005998F4,0800406c
0x005998F8,0800409b
0x005998FC,080040ca
0x00599900,080040f9
0x00599904,08004126
0x00599908,08004155
0x0059990C,08004184
0x00599910,080041b3
0x00599914,080041de
0x00599918,08004209
0x0059991C,08004234
0x00599920,0800425f
0x00599924,0800428a
0x00599930,080042c6
0x00599938,080042fc
0x00599940,0800431c
0x00599948,08004350
0x00599950,08004397
0x00599958,080043bb
0x00599960,080043e5
0x00599968,0800440f
0x0059996C,0800443b
0x00599970,0800445b
0x00599978,08004487
0x00599980,080044d0
0x00599988,08004515
0x00599990,08004539
0x00599998,08004561
0x005999A0,08004587
0x005999A8,080045b3
0x005999B0,080045d7
0x005999B8,080045ff
0x005999C0,08004637
0x005999C8,08004671
0x005999D0,08004695
0x005999D8,080046b9
0x005999E0,080046ed
0x005999E8,0800471d
0x005999F0,08004753
0x005999F8,0800476f
0x00599A00,08004791
0x00599A08,080047c5
0x00599A10,080047f3
0x00599A18,0800482d
0x00599A20,0800485f
0x00599A28,08004897
0x00599A30,080048b7
0x00599A38,080048e1
0x00599A40,08004915
0x00599A48,08004937
0x00599A50,08004955
0x00599A58,08004971
0x00599A60,0800498b
0x00599A68,080049bb
0x00599A70,080049eb
0x00599AE0,080049fc
0x00599AF0,0800440f
0x00599AF4,0800443b
0x00599AF8,08004587
0x00599B00,080043bb
0x00599B08,08004515
0x00599B18,08004a18
0x00599B24,08004a38
0x00599B64,08004a38
0x00599BA4,08004a50
0x00599BE4,08004aa9
0x00599BE8,08004ad1
0x00599BEC,08004b16
0x00599C24,08004b2c
0x00599C64,08004b4e
0x00599C68,08004b5f
0x00599C6C,08004b89
0x00599C70,08004baf
0x00599C74,08004bc0
0x00599C78,08004be0
0x00599C7C,08004c0a
0x00599C80,08004c1b
0x00599C84,08004c3b
0x00599C88,08004c6f
0x00599C8C,08004c80
0x00599C90,08004cac
0x00599C94,08004cd4
0x00599C98,08004ce5
0x00599C9C,08004d01
0x00599CA4,08004d27
0x00599CDE,08010000
0x00599CE4,08004d45
0x00599CE8,08004d6f
0x00599D24,08004d8b
0x00599D64,08004dc1
0x00599DA4,08004e04
0x00599DE4,08004e3e
0x00599E24,08004e74
0x00599E64,08004e9e
0x00599EA4,08004ed2
0x00599EE1,08002c07
0x00599EE4,08004f08
0x00599F60,0800542e
0x00599F64,08005445
0x00599F68,08005466
0x00599F6C,0800547d
0x00599F70,0800549c
0x00599F74,080054bb
0x00599F78,080054cc
0x00599F7C,080054e7
0x00599F80,080054f8
0x00599F84,08005505
0x00599F88,08005514
0x00599F8C,08005523
0x00599F90,08005532
0x00599F94,08005541
0x00599F98,0800555c
0x00599F9C,08005573
0x00599FA0,0800558a
0x00599FA4,080055a1
0x00599FA8,080055b8
0x00599FAC,080055cf
0x00599FB0,080055f0
0x00599FB4,08005611
0x00599FB8,08005632
0x00599FBC,08005653
0x00599FC0,08005662
0x00599FC4,08005671
0x00599FC8,08005680
0x00599FCC,0800569b
0x00599FD0,080056b4
0x00599FD4,080056d3
0x00599FD8,080056e6
0x00599FDC,080056f9
0x00599FE0,0800570c
0x00599FE4,0800571f
0x00599FE8,08005732
0x00599FEC,08005745
0x00599FF0,08005758
0x00599FF4,08005779
0x00599FFC,08006baa
0x0059A000,08006be3
0x0059A004,08006c1a
0x0059A008,08006c51
0x0059A00C,08006c86
0x0059A010,08006cb7
0x0059A014,08006cf6
0x0059A018,08006d31
0x0059A01C,08006d62
0x0059A028,08006d9d
0x0059A030,08006dd4
0x0059A038,08006e0f
0x0059A044,08006e40
0x0059A04C,08006e73
0x0059A050,08006ea0
0x0059A054,08006ed7
0x0059A058,08006f0c
0x0059A05C,08006f41
0x0059A064,08006f7c
0x0059A068,08006fb3
0x0059A06C,08006fe8
0x0059A074,08007023
0x0059A078,0800705c
0x0059A07C,0800708d
0x0059A080,080070ca
0x0059A084,080070fb
0x0059A088,0800712c
0x0059A08C,0800715b
0x0059A090,08007194
0x0059A09C,080071cd
0x0059A0A0,080071fe
0x0059A0B8,0800722f
0x0059A0BC,08007260
0x0059A0C0,08007291
0x0059A0CC,080072cc
0x0059A0D0,08007303
0x0059A0D4,0800733c
0x0059A0DC,08007373
0x0059A0E4,080073aa
0x0059A0E8,080073e1
0x0059A0EC,08007418
0x0059A0F4,08007449
0x0059A0F8,08007484
0x0059A0FC,080074b5
0x0059A100,080074e6
0x0059A104,0800751d
0x0059A10C,08007554
0x0059A110,08007587
0x0059A114,080075ba
0x0059A118,080075ef
0x0059A11C,08007624
0x0059A120,08007659
0x0059A124,08007688
0x0059A128,080076bf
0x0059A12C,080076e8
0x0059A130,08007721
0x0059A134,08007754
0x0059A138,08007787
0x0059A13C,080077ba
0x0059A140,08007801
0x0059A144,08007838
0x0059A148,08007877
0x0059A14C,080078b6
0x0059A150,080078eb
0x0059A154,08007924
0x0059A158,0800795b
0x0059A15C,08007994
0x0059A160,080079d5
0x0059A164,08007a1e
0x0059A168,08007a67
0x0059A16C,08007ab0
0x0059A170,08007af7
0x0059A174,08007b42
0x0059A178,08007b79
0x0059A17C,08007ba2
0x0059A180,08007bd7
0x0059A184,08007c0a
0x0059A188,08007c3f
0x0059A18C,08007c74
0x0059A190,08007cad
0x0059A194,08007ce6
0x0059A198,08007d3e
0x0059A19C,08007d73
0x0059A1A0,08007daa
0x0059A1A4,08007de1
0x0059A1A8,08007e0a
0x0059A1AC,08007e3f
0x0059A1B0,08007e76
0x0059A1B4,08007ead
0x0059A1B8,08007ee4
0x0059AA60,0859a1bc
0x0059AA64,0859a1b8
0x0059AA68,0859a1e0
0x0059AA6C,0859a204
0x0059AA70,0859a224
0x0059AA74,0859a244
0x0059AA78,0859a264
0x0059AA7C,0859a27c
0x0059AA80,0859a294
0x0059AA84,0859a2ac
0x0059AA88,0859a2cc
0x0059AA8C,0859a2ec
0x0059AA90,0859a30c
0x0059AA94,0859a1b8
0x0059AA98,0859a32c
0x0059AA9C,0859a34c
0x0059AAA0,0859a36c
0x0059AAA4,0859a38c
0x0059AAA8,0859a3ac
0x0059AAAC,0859a3c0
0x0059AAB0,0859a3d4
0x0059AAB4,0859a3e8
0x0059AAB8,0859a1b8
0x0059AABC,0859a3fc
0x0059AAC0,0859a410
0x0059AAC4,0859a1b8
0x0059AAC8,0859a424
0x0059AACC,0859a438
0x0059AAD0,0859a1b8
0x0059AAD4,0859a454
0x0059AAD8,0859a46c
0x0059AADC,0859a1b8
0x0059AAE0,0859a488
0x0059AAE4,0859a4a4
0x0059AAE8,0859a1b8
0x0059AAEC,0859a4b8
0x0059AAF0,0859a4cc
0x0059AAF4,0859a1b8
0x0059AAF8,0859a4e0
0x0059AAFC,0859a4f8
0x0059AB00,0859a1b8
0x0059AB04,0859a514
0x0059AB08,0859a530
0x0059AB0C,0859a1b8
0x0059AB10,0859a554
0x0059AB14,0859a578
0x0059AB18,0859a1b8
0x0059AB1C,0859a590
0x0059AB20,0859a5a8
0x0059AB24,0859a1b8
0x0059AB28,0859a5c0
0x0059AB2C,0859a5d8
0x0059AB30,0859a1b8
0x0059AB34,0859a5f4
0x0059AB38,0859a610
0x0059AB3C,0859a1b8
0x0059AB40,0859a624
0x0059AB44,0859a638
0x0059AB48,0859a1b8
0x0059AB4C,0859a650
0x0059AB50,0859a668
0x0059AB54,0859a1b8
0x0059AB58,0859a680
0x0059AB5C,0859a698
0x0059AB60,0859a1b8
0x0059AB64,0859a6b0
0x0059AB68,0859a6c8
0x0059AB6C,0859a1b8
0x0059AB70,0859a6e4
0x0059AB74,0859a700
0x0059AB78,0859a1b8
0x0059AB7C,0859a718
0x0059AB80,0859a730
0x0059AB84,0859a1b8
0x0059AB88,0859a758
0x0059AB8C,0859a780
0x0059AB90,0859a1b8
0x0059AB94,0859a7a4
0x0059AB98,0859a7c8
0x0059AB9C,0859a1b8
0x0059ABA0,0859a7ec
0x0059ABA4,0859a810
0x0059ABA8,0859a1b8
0x0059ABAC,0859a828
0x0059ABB0,0859a840
0x0059ABB4,0859a1b8
0x0059ABB8,0859a860
0x0059ABBC,0859a880
0x0059ABC0,0859a1b8
0x0059ABC4,0859a89c
0x0059ABC8,0859a8b8
0x0059ABCC,0859a8d4
0x0059ABD0,0859a8e0
0x0059ABD4,0859a8fc
0x0059ABD5,080859a8
0x0059ABD8,0859a908
0x0059ABDC,0859a914
0x0059ABE0,0859a920
0x0059ABE4,0859a92c
0x0059ABE8,0859a938
0x0059ABEC,0859a944
0x0059ABF0,0859a950
0x0059ABF4,0859a1b8
0x0059ABF8,0859a96c
0x0059ABFC,0859a988
0x0059AC00,0859a99c
0x0059AC04,0859a9bc
0x0059AC08,0859a9d4
0x0059AC0C,0859a9f4
0x0059AC10,0859aa14
0x0059AC14,0859aa2c
0x0059AC18,0859a1b8
0x0059AC1C,0859aa44
0x0059D218,0859ac20
0x0059D21C,0859ac1c
0x0059D220,0859accc
0x0059D224,0859ad78
0x0059D228,0859ae0c
0x0059D22C,0859aea0
0x0059D230,0859af34
0x0059D234,0859afe0
0x0059D238,0859b08c
0x0059D23C,0859b138
0x0059D240,0859b1a4
0x0059D244,0859b210
0x0059D248,0859b27c
0x0059D24C,0859ac1c
0x0059D250,0859b2e4
0x0059D254,0859b34c
0x0059D258,0859b3c0
0x0059D25C,0859b434
0x0059D260,0859b4a8
0x0059D264,0859b554
0x0059D268,0859b5a8
0x0059D26C,0859b654
0x0059D270,0859ac1c
0x0059D274,0859b6b8
0x0059D278,0859b714
0x0059D27C,0859ac1c
0x0059D280,0859b79c
0x0059D284,0859b824
0x0059D288,0859ac1c
0x0059D28C,0859b868
0x0059D290,0859b8a8
0x0059D294,0859ac1c
0x0059D298,0859b8e8
0x0059D29C,0859b928
0x0059D2A0,0859ac1c
0x0059D2A4,0859b97c
0x0059D2A8,0859b9d0
0x0059D2AC,0859ac1c
0x0059D2B0,0859ba14
0x0059D2B4,0859ba58
0x0059D2B8,0859ac1c
0x0059D2BC,0859baf0
0x0059D2C0,0859bb88
0x0059D2C4,0859ac1c
0x0059D2C8,0859bbfc
0x0059D2CC,0859bc70
0x0059D2D0,0859ac1c
0x0059D2D4,0859bcc4
0x0059D2D8,0859bd18
0x0059D2DC,0859ac1c
0x0059D2E0,0859bd7c
0x0059D2E4,0859bdd8
0x0059D2E8,0859ac1c
0x0059D2EC,0859be24
0x0059D2F0,0859be70
0x0059D2F4,0859ac1c
0x0059D2F8,0859bec8
0x0059D2FC,0859bf20
0x0059D300,0859ac1c
0x0059D304,0859bfac
0x0059D308,0859c02c
0x0059D30C,0859ac1c
0x0059D310,0859c094
0x0059D314,0859c0fc
0x0059D318,0859ac1c
0x0059D31C,0859c1b0
0x0059D320,0859c264
0x0059D324,0859ac1c
0x0059D328,0859c2ec
0x0059D32C,0859c374
0x0059D330,0859ac1c
0x0059D334,0859c404
0x0059D338,0859c494
0x0059D33C,0859ac1c
0x0059D340,0859c4ec
0x0059D344,0859c544
0x0059D348,0859ac1c
0x0059D34C,0859c59c
0x0059D350,0859c5f4
0x0059D354,0859ac1c
0x0059D358,0859c654
0x0059D35C,0859c6b4
0x0059D360,0859ac1c
0x0059D364,0859c74c
0x0059D368,0859c7e4
0x0059D36C,0859ac1c
0x0059D370,0859c854
0x0059D374,0859c880
0x0059D378,0859ac1c
0x0059D37C,0859c914
0x0059D380,0859c9a8
0x0059D384,0859ca44
0x0059D388,0859ca58
0x0059D38C,0859caf4
0x0059D390,0859cb2c
0x0059D394,0859cb64
0x0059D398,0859cba0
0x0059D39C,0859cc0c
0x0059D3A0,0859cc4c
0x0059D3A4,0859cc94
0x0059D3A8,0859cd04
0x0059D3AC,0859ac1c
0x0059D3B0,0859cd48
0x0059D3B4,0859cd8c
0x0059D3B8,0859ce00
0x0059D3BC,0859ce9c
0x0059D3C0,0859cefc
0x0059D3C4,0859cfac
0x0059D3C8,0859d040
0x0059D3CC,0859d0c4
0x0059D3D0,0859ac1c
0x0059D3D4,0859d16c
0x0059E924,0859d3d8
0x0059E928,0859d3d4
0x0059E92C,0859d428
0x0059E930,0859d478
0x0059E934,0859d4a4
0x0059E938,0859d4d0
0x0059E93C,0859d4fc
0x0059E940,0859d544
0x0059E944,0859d58c
0x0059E948,0859d5d4
0x0059E94C,0859d600
0x0059E950,0859d62c
0x0059E954,0859d658
0x0059E958,0859d3d4
0x0059E95C,0859d680
0x0059E960,0859d6a8
0x0059E964,0859d6f8
0x0059E968,0859d748
0x0059E96C,0859d798
0x0059E970,0859d7d0
0x0059E971,080859d7
0x0059E974,0859d808
0x0059E978,0859d840
0x0059E97C,0859d3d4
0x0059E980,0859d87c
0x0059E984,0859d8b8
0x0059E988,0859d3d4
0x0059E98C,0859d8ec
0x0059E990,0859d920
0x0059E994,0859d3d4
0x0059E998,0859d960
0x0059E99C,0859d99c
0x0059E9A0,0859d3d4
0x0059E9A4,0859d9cc
0x0059E9A8,0859d9fc
0x0059E9AC,0859d3d4
0x0059E9B0,0859da34
0x0059E9B4,0859da6c
0x0059E9B8,0859d3d4
0x0059E9BC,0859da94
0x0059E9C0,0859dabc
0x0059E9C4,0859d3d4
0x0059E9C8,0859db0c
0x0059E9CC,0859db5c
0x0059E9D0,0859d3d4
0x0059E9D4,0859dbac
0x0059E9D8,0859dbfc
0x0059E9DC,0859d3d4
0x0059E9E0,0859dc20
0x0059E9E4,0859dc44
0x0059E9E8,0859d3d4
0x0059E9EC,0859dc84
0x0059E9F0,0859dcbc
0x0059E9F4,0859d3d4
0x0059E9F8,0859dcfc
0x0059E9FC,0859dd3c
0x0059EA00,0859d3d4
0x0059EA04,0859dd7c
0x0059EA08,0859ddbc
0x0059EA0C,0859d3d4
0x0059EA10,0859de20
0x0059EA14,0859de84
0x0059EA18,0859d3d4
0x0059EA1C,0859dec4
0x0059EA20,0859df04
0x0059EA24,0859d3d4
0x0059EA28,0859df44
0x0059EA2C,0859df84
0x0059EA30,0859d3d4
0x0059EA34,0859dfd0
0x0059EA38,0859e01c
0x0059EA3C,0859d3d4
0x0059EA40,0859e050
0x0059EA44,0859e084
0x0059EA48,0859d3d4
0x0059EA4C,0859e0cc
0x0059EA50,0859e114
0x0059EA54,0859d3d4
0x0059EA58,0859e158
0x0059EA5C,0859e19c
0x0059EA60,0859d3d4
0x0059EA64,0859e1e0
0x0059EA68,0859e224
0x0059EA6C,0859d3d4
0x0059EA70,0859e270
0x0059EA74,0859e2bc
0x0059EA78,0859d3d4
0x0059EA7C,0859e310
0x0059EA80,0859e364
0x0059EA84,0859d3d4
0x0059EA88,0859e3a8
0x0059EA8C,0859e3ec
0x0059EA90,0859e464
0x0059EA94,0859e4a0
0x0059EA98,0859e518
0x0059EA9C,0859e554
0x0059EAA0,0859e590
0x0059EAA4,0859e5cc
0x0059EAA5,080859e5
0x0059EAA8,0859e608
0x0059EAAC,0859e644
0x0059EAB0,0859e680
0x0059EAB4,0859e6ec
0x0059EAB8,0859d3d4
0x0059EABC,0859e71c
0x0059EAC0,0859e74c
0x0059EAC4,0859e7a0
0x0059EAC8,0859e7dc
0x0059EACC,0859e80c
0x0059EAD0,0859e844
0x0059EAD4,0859e878
0x0059EAD8,0859e8a8
0x0059EADC,0859d3d4
0x0059EAE0,0859e8e4
0x0059EB15,0800c800
0x0059EB2D,08003200
0x0059EB5D,0800c800
0x0059EBF8,08010301
0x0059EC05,08006400
0x0059EC65,08003200
0x0059ECCC,08012800
0x0059ED25,08004b00
0x0059ED6D,08007d01
0x0059EDBE,08020301
0x0059EDE5,0800c801
0x0059EE2D,0800c801
0x0059EE38,08010501
0x0059EE45,08004b00
0x0059EE8D,08004b00
0x0059EEC4,08014300
0x0059EF05,08009600
0x0059EF1D,08003200
0x0059EFDD,0800c800
0x0059F025,0800c800
0x0059F06D,0800c800
0x0059F078,08010701
0x0059F0BC,08014900
0x0059F15D,08006400
0x0059F228,08010701
0x0059F2AD,0800fa01
0x0059F2F5,08012c01
0x0059F310,0801000f
0x0059F33D,08012c01
0x0059F344,08014300
0x0059F355,08007d01
0x0059F54D,08019001
0x0059F5E4,08599634
0x0059F5E8,085a7e8c
0x0059F5EC,08599280
0x0059F5F0,085a7060
0x0059F5F6,08010101
0x0059F620,08030301
0x0059F632,08040101
0x0059F634,08040804
0x0059F660,08020000
0x0059F691,08000101
0x0059F77B,0801081e
0x0059F7AE,08010302
0x0059F7DB,08040504
0x0059F862,08000500
0x0059F863,08080005
0x0059F864,08080800
0x0059F865,08080808
0x0059F866,08080808
0x0059F88F,08060506
0x0059F8A0,08030400
0x005A1440,0859f988
0x005A1444,0859fa18
0x005A1448,0859fabc
0x005A144C,0859fb60
0x005A1450,0859fc0c
0x005A1454,0859fcb0
0x005A1458,0859fd54
0x005A145C,0859fde8
0x005A1460,0859fe88
0x005A1464,0859ff2c
0x005A1468,0859ffa8
0x005A146C,085a0044
0x005A1470,085a00e8
0x005A1474,085a0174
0x005A1478,085a0204
0x005A147C,085a0288
0x005A1480,085a0320
0x005A1484,085a03bc
0x005A1488,085a0444
0x005A148C,085a04bc
0x005A1490,085a0554
0x005A1494,085a05e0
0x005A1498,085a067c
0x005A149C,085a0710
0x005A14A0,085a0778
0x005A14A2,0800085a
0x005A14A4,085a0800
0x005A14A8,085a0880
0x005A14A9,08085a08
0x005A14AC,085a0908
0x005A14B0,085a097c
0x005A14B4,085a0a2c
0x005A14B8,085a0ae0
0x005A14BC,085a0b9c
0x005A14C0,085a0c28
0x005A14C4,085a0cc0
0x005A14C8,085a0d58
0x005A14CC,085a0e0c
0x005A14D0,085a0e94
0x005A14D4,085a0f2c
0x005A14D8,085a0fc0
0x005A14DC,085a1058
0x005A14E0,085a1100
0x005A14E4,085a11ac
0x005A14E8,085a1228
0x005A14EC,085a12a4
0x005A14F0,085a133c
0x005A14F4,085a13ac
0x005A2038,085a1580
0x005A203C,085a1598
0x005A2040,085a15c0
0x005A2044,085a15f8
0x005A2048,085a1624
0x005A204C,085a1638
0x005A2050,085a1650
0x005A2054,085a1670
0x005A2058,085a1690
0x005A205C,085a16ac
0x005A2060,085a16b8
0x005A2064,085a16d0
0x005A2068,085a16e8
0x005A206C,085a16f4
0x005A2070,085a170c
0x005A2074,085a1730
0x005A2078,085a1744
0x005A207C,085a1764
0x005A2080,085a1784
0x005A2084,085a17a0
0x005A2088,085a17d4
0x005A208C,085a1800
0x005A2090,085a1818
0x005A2094,085a1834
0x005A2098,085a1878
0x005A209C,085a1894
0x005A20A0,085a18c8
0x005A20A4,085a18e8
0x005A20A8,085a1924
0x005A20AC,085a1964
0x005A20B0,085a1980
0x005A20B4,085a1994
0x005A20B8,085a19e8
0x005A20BC,085a1a00
0x005A20C0,085a1a24
0x005A20C4,085a1a38
0x005A20C8,085a1a60
0x005A20CC,085a1a88
0x005A20D0,085a1ab0
0x005A20D4,085a1ae0
0x005A20D8,085a1b18
0x005A20DC,085a1b40
0x005A20E0,085a1b6c
0x005A20E4,085a1b88
0x005A20E8,085a1b9c
0x005A20EC,085a1bc0
0x005A20F0,085a1bcc
0x005A20F4,085a1bec
0x005A20F8,085a1c10
0x005A20FC,085a1c2c
0x005A2100,085a1c40
0x005A2104,085a1c6c
0x005A2108,085a1c90
0x005A210C,085a1cb8
0x005A2110,085a1cd4
0x005A2114,085a1d00
0x005A2118,085a1d24
0x005A211C,085a1d34
0x005A2120,085a1d44
0x005A2124,085a1d50
0x005A2128,085a1d60
0x005A212C,085a1d78
0x005A2130,085a1da0
0x005A2134,085a1db4
0x005A2138,085a1dec
0x005A213C,085a1e14
0x005A2140,085a1e4c
0x005A2144,085a1e74
0x005A2148,085a1eac
0x005A214C,085a1ed4
0x005A2150,085a1ef8
0x005A2154,085a1f1c
0x005A2158,085a1f3c
0x005A215C,085a1f48
0x005A2160,085a1f5c
0x005A2164,085a1f70
0x005A2168,085a1f94
0x005A216C,085a1fcc
0x005A2170,085a200c
0x005A2B0C,085a2170
0x005A2B10,085a219c
0x005A2B14,085a21ac
0x005A2B18,085a21c8
0x005A2B1C,085a21e0
0x005A2B20,085a2214
0x005A2B24,085a224c
0x005A2B28,085a2268
0x005A2B2C,085a2294
0x005A2B30,085a22a4
0x005A2B34,085a22c4
0x005A2B38,085a22ec
0x005A2B3C,085a2314
0x005A2B40,085a2334
0x005A2B44,085a2348
0x005A2B48,085a2368
0x005A2B4C,085a2378
0x005A2B50,085a2390
0x005A2B54,085a23b4
0x005A2B58,085a23e8
0x005A2B5C,085a2404
0x005A2B60,085a2444
0x005A2B64,085a2460
0x005A2B68,085a2484
0x005A2B6C,085a24ac
0x005A2B70,085a24c4
0x005A2B74,085a24ec
0x005A2B78,085a251c
0x005A2B7C,085a2538
0x005A2B80,085a255c
0x005A2B84,085a2574
0x005A2B88,085a2598
0x005A2B8C,085a25cc
0x005A2B90,085a25f8
0x005A2B94,085a260c
0x005A2B98,085a2630
0x005A2B9C,085a2640
0x005A2BA0,085a2650
0x005A2BA4,085a2660
0x005A2BA8,085a2670
0x005A2BAC,085a2680
0x005A2BB0,085a26a4
0x005A2BB4,085a26c0
0x005A2BB8,085a26d0
0x005A2BBC,085a26dc
0x005A2BC0,085a26f8
0x005A2BC4,085a2710
0x005A2BC8,085a2728
0x005A2BCC,085a2740
0x005A2BD0,085a2764
0x005A2BD4,085a2790
0x005A2BD8,085a27bc
0x005A2BDC,085a27d0
0x005A2BE0,085a27f0
0x005A2BE4,085a2804
0x005A2BE8,085a2818
0x005A2BEC,085a2840
0x005A2BF0,085a2864
0x005A2BF4,085a28a0
0x005A2BF8,085a28d8
0x005A2BFC,085a28fc
0x005A2C00,085a2920
0x005A2C04,085a2948
0x005A2C08,085a295c
0x005A2C0C,085a2970
0x005A2C10,085a2980
0x005A2C14,085a2998
0x005A2C18,085a29b4
0x005A2C1C,085a29c4
0x005A2C20,085a29e0
0x005A2C24,085a29fc
0x005A2C28,085a2a14
0x005A2C2C,085a2a28
0x005A2C30,085a2a3c
0x005A2C34,085a2a58
0x005A2C38,085a2a78
0x005A2C3C,085a2aa4
0x005A2C40,085a2ac8
0x005A2C44,085a2af0
0x005A2C48,083e4b10
0x005A2C49,08083e4b
0x005A2C4C,083e4c08
0x005A2C50,083e4d1c
0x005A2C54,083e4e10
0x005A2C58,083e4f00
0x005A2C5C,083e5000
0x005A2C60,083e50fc
0x005A2C64,083e51e8
0x005A2C68,083e52e0
0x005A2C6C,083e53c4
0x005A2C70,083e5438
0x005A2C74,083e5520
0x005A2C78,083e5610
0x005A2C7C,083e56cc
0x005A2C80,083e57dc
0x005A2C84,083e5894
0x005A2C88,083e5974
0x005A2C8C,083e5aa0
0x005A2C90,083e5bd8
0x005A2C94,083e5ce0
0x005A2C98,083e5e00
0x005A2C9C,083e5f1c
0x005A2CA0,083e602c
0x005A2CA4,083e6150
0x005A2CA8,083e6280
0x005A2CAC,083e63a8
0x005A2CB0,083e64d8
0x005A2CB4,083e65d8
0x005A2CB8,083e6710
0x005A2CBC,083e6840
0x005A2CC0,083e6978
0x005A2CC4,083e6aac
0x005A2CC8,083e6bb4
0x005A2CCC,083e6cd0
0x005A2CD0,083e6df4
0x005A2CD4,083e6f04
0x005A2CD8,083e7038
0x005A2CDC,083e715c
0x005A2CE0,083e726c
0x005A2CE4,083e7370
0x005A2CE8,083e74a4
0x005A2CEC,083e759c
0x005A2CF0,083e76cc
0x005A2CF4,083e77e4
0x005A2CF8,083e791c
0x005A2CFC,083e7a60
0x005A2D00,083e7b58
0x005A2D04,083e7c58
0x005A2D08,083e7d74
0x005A2D0C,083e7ea0
0x005A2D10,083e7fc8
0x005A2D14,083e8054
0x005A2D18,083e810c
0x005A2D1C,083e81fc
0x005A2D20,083e82f8
0x005A2D24,083e83ec
0x005A2D28,083e84f4
0x005A2D2C,083e862c
0x005A2D30,083e8740
0x005A2D34,083e8880
0x005A2D38,083e89bc
0x005A2D3C,083e8af4
0x005A2D40,083e8c30
0x005A2D44,083e8d58
0x005A2D48,083e8e80
0x005A2D4C,083e8fb0
0x005A2D50,083e90d0
0x005A2D54,083e918c
0x005A2D58,083e92bc
0x005A2D5C,083e93f0
0x005A2D60,083e9538
0x005A2D64,083e962c
0x005A2D68,083e9774
0x005A2D6C,083e9850
0x005A2D70,083e9948
0x005A2D74,083e9a6c
0x005A2D78,083e9b94
0x005A2D7C,083e9ce0
0x005A2D80,083e9e10
0x005A2D84,083e9f4c
0x005A2D88,083ea084
0x005A2D8C,083ea170
0x005A2D90,083ea27c
0x005A2D94,083ea38c
0x005A2D98,083ea474
0x005A2D9C,083ea574
0x005A2DA0,083ea678
0x005A2DA4,083ea778
0x005A2DA8,083ea890
0x005A2DAC,083ea944
0x005A2DB0,083eaa28
0x005A2DB4,083eab10
0x005A2DB8,083eabf0
0x005A2DBC,083eaca0
0x005A2DC0,083eada0
0x005A2DC4,083eae78
0x005A2DC8,083eaf6c
0x005A2DCC,083eb084
0x005A2DD0,083eb1b0
0x005A2DD4,083eb2d4
0x005A2DD8,083eb3e0
0x005A2DDC,083eb4e0
0x005A2DE0,083eb608
0x005A2DE4,083eb71c
0x005A2DE8,083eb838
0x005A2DEC,083eb96c
0x005A2DF0,083eba70
0x005A2DF4,083ebb54
0x005A2DF8,083ebc74
0x005A2DFC,083ebd84
0x005A2E00,083ebe80
0x005A2E04,083ebfb8
0x005A2E08,083ec0b0
0x005A2E0C,083ec1cc
0x005A2E10,083ec2c4
0x005A2E14,083ec3fc
0x005A2E18,083ec510
0x005A2E1C,083ec640
0x005A2E20,083ec77c
0x005A2E24,083ec858
0x005A2E28,083ec980
0x005A2E2C,083eca84
0x005A2E30,083ecb30
0x005A2E34,083ecc54
0x005A2E38,083ecd6c
0x005A2E3C,083ece64
0x005A2E40,083ecf58
0x005A2E44,083ed07c
0x005A2E48,083ed1b0
0x005A2E4C,083ed2a4
0x005A2E50,083ed3bc
0x005A2E54,083ed4c0
0x005A2E58,083ed5fc
0x005A2E5C,083ed70c
0x005A2E60,083ed820
0x005A2E64,083ed94c
0x005A2E68,083eda5c
0x005A2E6C,083edb7c
0x005A2E70,083edcb4
0x005A2E74,083edde8
0x005A2E78,083edf24
0x005A2E7C,083ee048
0x005A2E80,083ee164
0x005A2E84,083ee260
0x005A2E88,083ee368
0x005A2E8C,083ee464
0x005A2E90,083ee56c
0x005A2E94,083ee678
0x005A2E98,083ee7c0
0x005A2E9C,083ee8ec
0x005A2EA0,083eea28
0x005A2EA4,083eeb44
0x005A2EA8,083eec5c
0x005A2EAC,083eed9c
0x005A2EB0,083eeec4
0x005A2EB4,083eefd8
0x005A2EB8,083ef110
0x005A2EBC,083ef238
0x005A2EC0,083ef364
0x005A2EC4,083ef470
0x005A2EC8,083ef574
0x005A2ECC,083ef5d0
0x005A2ED0,083ef714
0x005A2ED4,083ef830
0x005A2ED8,083ef93c
0x005A2EDC,083efa50
0x005A2EE0,083efb48
0x005A2EE4,083efc28
0x005A2EE8,083efd44
0x005A2EEC,083efe48
0x005A2EF0,083eff28
0x005A2EF1,08083eff
0x005A2EF4,083f0008
0x005A2F14,08060000
0x005A2F59,08000000
0x005A2F63,08001000
0x005A312F,08000000
0x005A3139,08001000
0x005A321C,08349eb4
0x005A3220,0834afc8
0x005A3228,083497bc
0x005A322C,08349d10
0x005A3238,083658c4
0x005A323C,08367630
0x005A3240,08367960
0x005A324C,0836774c
0x005A3260,08349eb4
0x005A3264,0834afc8
0x005A326C,083497bc
0x005A3270,08349d10
0x005A327C,083679e0
0x005A3280,08369930
0x005A3284,08369b98
0x005A32A4,08349eb4
0x005A32A8,0834afc8
0x005A32B0,083497bc
0x005A32B4,08349d10
0x005A32C0,083658c4
0x005A32C4,08367630
0x005A32C8,08367960
0x005A32D0,08369c18
0x005A32D4,0836afac
0x005A32D8,0836b1bc
0x005A32E8,08349eb4
0x005A32EC,0834afc8
0x005A32F4,083497bc
0x005A32F8,08349d10
0x005A3304,0836b1dc
0x005A3308,0836e8e4
0x005A330C,0836eb8c
0x005A3323,08004002
0x005A332C,08349eb4
0x005A3330,0834afc8
0x005A3338,083497bc
0x005A333C,08349d10
0x005A3346,08480a1e
0x005A3348,08370848
0x005A334C,08371c88
0x005A3350,08371e2c
0x005A3358,0836ec0c
0x005A335C,08370504
0x005A3360,083707c8
0x005A3370,08349eb4
0x005A3374,0834afc8
0x005A337C,083497bc
0x005A3380,08349d10
0x005A338C,08371eac
0x005A3390,08374b50
0x005A3394,08374db4
0x005A33B4,0834b248
0x005A33B8,0834c1cc
0x005A33BC,0834c418
0x005A33C0,083497bc
0x005A33C4,08349d10
0x005A33D0,08374e34
0x005A33D4,08376a0c
0x005A33D8,08376c44
0x005A33F8,0834b248
0x005A33FC,0834c1cc
0x005A3400,0834c418
0x005A3404,083497bc
0x005A3408,08349d10
0x005A3414,08376cc4
0x005A3418,08378668
0x005A341C,08378824
0x005A343C,0834b248
0x005A3440,0834c1cc
0x005A3444,0834c418
0x005A3448,083497bc
0x005A344C,08349d10
0x005A3458,083788a4
0x005A345C,0837a2a4
0x005A3460,0837a520
0x005A3468,0837a5a0
0x005A346C,0837ae40
0x005A3470,0837af98
0x005A3478,08060080
0x005A3480,0834b248
0x005A3484,0834c1cc
0x005A3488,0834c418
0x005A348C,083497bc
0x005A3490,08349d10
0x005A349C,0837afb8
0x005A34A0,0837c044
0x005A34A4,0837c164
0x005A34AC,0837c1e4
0x005A34B0,0837c818
0x005A34B4,0837c8f8
0x005A34BC,08060080
0x005A34C4,0834b248
0x005A34C8,0834c1cc
0x005A34CC,0834c418
0x005A34D0,083497bc
0x005A34D4,08349d10
0x005A34E0,0837afb8
0x005A34E4,0837c044
0x005A34E8,0837c164
0x005A34F0,0837c918
0x005A34F4,0837d610
0x005A34F8,0837d7d0
0x005A3500,08060080
0x005A3508,0834b248
0x005A350C,0834c1cc
0x005A3510,0834c418
0x005A3514,083497bc
0x005A3518,08349d10
0x005A3524,0837afb8
0x005A3528,0837c044
0x005A352C,0837c164
0x005A3534,0837d7f0
0x005A3538,0837e398
0x005A353C,0837e510
0x005A354C,0834b248
0x005A3550,0834c1cc
0x005A3554,0834c418
0x005A3558,083497bc
0x005A355C,08349d10
0x005A3568,0837e530
0x005A356C,0837f914
0x005A3570,0837fa84
0x005A35D4,0834c438
0x005A35D8,0834d02c
0x005A35E0,083497bc
0x005A35E4,08349d10
0x005A35F0,0838315c
0x005A35F4,083847f8
0x005A35F8,0838499c
0x005A3618,0834c438
0x005A361C,0834d02c
0x005A3624,083497bc
0x005A3628,08349d10
0x005A3634,08384a1c
0x005A3638,08385a9c
0x005A363C,08385be4
0x005A365C,0834c438
0x005A3660,0834d02c
0x005A3668,083497bc
0x005A366C,08349d10
0x005A3678,08381a34
0x005A367C,08382f30
0x005A3680,083830dc
0x005A3688,0837a5a0
0x005A368C,0837ae40
0x005A3690,0837af98
0x005A36A0,0834d23c
0x005A36A4,0834decc
0x005A36AC,083497bc
0x005A36B0,08349d10
0x005A36BC,08385c64
0x005A36C0,08387ac4
0x005A36C4,08387cec
0x005A36E4,0834e0cc
0x005A36E8,0834ec8c
0x005A36F0,083497bc
0x005A36F4,08349d10
0x005A3700,08387d6c
0x005A3704,083895c0
0x005A3708,08389798
0x005A3728,0834ee64
0x005A372C,0834fe40
0x005A3734,083497bc
0x005A3738,08349d10
0x005A3744,08389818
0x005A3748,0838b0c0
0x005A374C,0838b2ac
0x005A376C,0834ee64
0x005A3770,0834fe40
0x005A3778,083497bc
0x005A377C,08349d10
0x005A3788,0838b32c
0x005A378C,0838d554
0x005A3790,0838d72c
0x005A37B0,0834ee64
0x005A37B4,0834fe40
0x005A37BC,083497bc
0x005A37C0,08349d10
0x005A37CC,0838d7ac
0x005A37D0,0838e488
0x005A37D4,0838e57c
0x005A37F4,08350080
0x005A37F8,08350ffc
0x005A3800,083497bc
0x005A3804,08349d10
0x005A3810,0838e5fc
0x005A3814,0838fa74
0x005A3818,0838fc60
0x005A3838,08350080
0x005A383C,08350ffc
0x005A3844,083497bc
0x005A3848,08349d10
0x005A3854,0838fce0
0x005A3858,083911a0
0x005A385C,08391368
0x005A387C,08350080
0x005A3880,08350ffc
0x005A3888,083497bc
0x005A388C,08349d10
0x005A3898,083913e8
0x005A389C,083937fc
0x005A38A0,08393a64
0x005A38C0,08351258
0x005A38C4,08351eb4
0x005A38CC,083497bc
0x005A38D0,08349d10
0x005A38DC,08393ae4
0x005A38DD,0808393a
0x005A38E0,08395e08
0x005A38E4,08396078
0x005A3904,08351258
0x005A3908,08351eb4
0x005A3910,083497bc
0x005A3914,08349d10
0x005A3920,083960f8
0x005A3924,08397ee4
0x005A3928,0839813c
0x005A3948,08351258
0x005A394C,08351eb4
0x005A3954,083497bc
0x005A3958,08349d10
0x005A3964,083981bc
0x005A3968,08399b54
0x005A396C,08399d3c
0x005A398C,083520ec
0x005A3990,08352da8
0x005A3994,08352fa8
0x005A3998,083497bc
0x005A399C,08349d10
0x005A39A8,08399dbc
0x005A39AC,0839bc8c
0x005A39B0,0839beb0
0x005A39D0,08352fc8
0x005A39D4,08353b20
0x005A39DC,083497bc
0x005A39E0,08349d10
0x005A39EC,0839bf30
0x005A39F0,0839d038
0x005A39F4,0839d1ac
0x005A3A14,08353d54
0x005A3A18,083547bc
0x005A3A1C,08354988
0x005A3A20,083497bc
0x005A3A24,08349d10
0x005A3A30,0839d22c
0x005A3A34,0839e250
0x005A3A38,0839e3c0
0x005A3AE0,083549a8
0x005A3AE4,08355588
0x005A3AE8,08355778
0x005A3AEC,083497bc
0x005A3AF0,08349d10
0x005A3AFC,0839e440
0x005A3B00,0839f7ec
0x005A3B04,0839f980
0x005A3B24,083549a8
0x005A3B28,08355588
0x005A3B2C,08355778
0x005A3B30,083497bc
0x005A3B34,08349d10
0x005A3B40,0839fa00
0x005A3B44,083a0df0
0x005A3B48,083a0fb4
0x005A3B68,083549a8
0x005A3B6C,08355588
0x005A3B70,08355778
0x005A3B74,083497bc
0x005A3B78,08349d10
0x005A3B84,083a1034
0x005A3B88,083a1d70
0x005A3B8C,083a1eb0
0x005A3BAC,083549a8
0x005A3BB0,08355588
0x005A3BB4,08355778
0x005A3BB8,083497bc
0x005A3BBC,08349d10
0x005A3BC8,083a1034
0x005A3BCC,083a1d70
0x005A3BD0,083a1eb0
0x005A3BF0,083549a8
0x005A3BF4,08355588
0x005A3BF8,08355778
0x005A3BFC,083497bc
0x005A3C00,08349d10
0x005A3C0C,083a1f30
0x005A3C10,083a2eb0
0x005A3C14,083a3000
0x005A3C34,083549a8
0x005A3C38,08355588
0x005A3C3C,08355778
0x005A3C40,083497bc
0x005A3C44,08349d10
0x005A3C50,083a1f30
0x005A3C54,083a2eb0
0x005A3C58,083a3000
0x005A3C78,083549a8
0x005A3C7C,08355588
0x005A3C80,08355778
0x005A3C84,083497bc
0x005A3C88,08349d10
0x005A3C94,083a1f30
0x005A3C98,083a2eb0
0x005A3C9C,083a3000
0x005A3CBC,083549a8
0x005A3CC0,08355588
0x005A3CC4,08355778
0x005A3CC8,083497bc
0x005A3CCC,08349d10
0x005A3CD8,083a3080
0x005A3CDC,083a42c4
0x005A3CE0,083a4444
0x005A3D00,083549a8
0x005A3D04,08355588
0x005A3D08,08355778
0x005A3D0C,083497bc
0x005A3D10,08349d10
0x005A3D1C,083a44c4
0x005A3D20,083a57ac
0x005A3D24,083a5930
0x005A3D44,08355798
0x005A3D48,08356384
0x005A3D4C,0835653c
0x005A3D50,083497bc
0x005A3D54,08349d10
0x005A3D60,083a6c1c
0x005A3D64,083a7c84
0x005A3D68,083a7e2c
0x005A3D88,08355798
0x005A3D8C,08356384
0x005A3D90,0835653c
0x005A3D94,083497bc
0x005A3D98,08349d10
0x005A3DA4,083a7eac
0x005A3DA8,083a904c
0x005A3DAC,083a9204
0x005A3DCC,0835655c
0x005A3DD0,08357370
0x005A3DD8,083497bc
0x005A3DDC,08349d10
0x005A3DE8,083a9284
0x005A3DEC,083aac7c
0x005A3DF0,083aae54
0x005A3E10,0835655c
0x005A3E14,08357370
0x005A3E1C,083497bc
0x005A3E20,08349d10
0x005A3E2C,083aaed4
0x005A3E30,083ad0f0
0x005A3E34,083ad334
0x005A3E98,0835655c
0x005A3E9C,08357370
0x005A3EA4,083497bc
0x005A3EA8,08349d10
0x005A3EB4,083ad3b4
0x005A3EB8,083aef68
0x005A3EBC,083af16c
0x005A3EDC,083575a0
0x005A3EE0,08358258
0x005A3EE8,083497bc
0x005A3EEC,08349d10
0x005A3EF8,083af1ec
0x005A3EFC,083b15d0
0x005A3F00,083b184c
0x005A3F20,083584b4
0x005A3F24,0835969c
0x005A3F2C,083497bc
0x005A3F30,08349d10
0x005A3F3C,083b18cc
0x005A3F40,083b3844
0x005A3F44,083b3aa4
0x005A3F64,08359904
0x005A3F68,0835a7a8
0x005A3F70,083497bc
0x005A3F74,08349d10
0x005A3F80,083b3b24
0x005A3F84,083b5934
0x005A3F88,083b5b94
0x005A3FA8,08359904
0x005A3FAC,0835a7a8
0x005A3FB4,083497bc
0x005A3FB8,08349d10
0x005A3FC4,083b5c14
0x005A3FC8,083b7de0
0x005A3FCC,083b8038
0x005A3FEC,0835a9fc
0x005A3FF0,0835b9f8
0x005A3FF8,083497bc
0x005A3FFC,08349d10
0x005A4008,083b80b8
0x005A400C,083ba6a0
0x005A4010,083ba938
0x005A4030,0835bc90
0x005A4034,0835c860
0x005A403C,083497bc
0x005A4040,08349d10
0x005A404C,083ba9b8
0x005A4050,083bbdf4
0x005A4054,083bbfb4
0x005A4074,0835ca58
0x005A4078,0835dabc
0x005A4080,083497bc
0x005A4084,08349d10
0x005A4090,083bc034
0x005A4094,083bcda8
0x005A4098,083bcef0
0x005A40B8,0835ca58
0x005A40BC,0835dabc
0x005A40C4,083497bc
0x005A40C8,08349d10
0x005A40D4,083bcf70
0x005A40D8,083be2f4
0x005A40DC,083be470
0x005A40FC,0835ca58
0x005A4100,0835dabc
0x005A4108,083497bc
0x005A410C,08349d10
0x005A4118,083be4f0
0x005A411C,083c0508
0x005A4120,083c0750
0x005A4140,0835ca58
0x005A4144,0835dabc
0x005A414C,083497bc
0x005A4150,08349d10
0x005A415C,083c25a0
0x005A4160,083c577c
0x005A4164,083c5a24
0x005A4184,0835ca58
0x005A4188,0835dabc
0x005A4190,083497bc
0x005A4194,08349d10
0x005A41A0,083c5aa4
0x005A41A4,083c860c
0x005A41A8,083c88b0
0x005A41C8,0835ca58
0x005A41CC,0835dabc
0x005A41D4,083497bc
0x005A41D8,08349d10
0x005A41E4,083c07d0
0x005A41E8,083c230c
0x005A41EC,083c2520
0x005A4204,08070080
0x005A420C,0835dd10
0x005A4210,0835e644
0x005A4218,083497bc
0x005A421C,08349d10
0x005A4228,083ca13c
0x005A422C,083cab4c
0x005A4230,083cac18
0x005A4238,083cac98
0x005A423C,083cc578
0x005A4250,0835dd10
0x005A4254,0835e644
0x005A425C,083497bc
0x005A4260,08349d10
0x005A426C,083cc80c
0x005A4270,083cd71c
0x005A4274,083cd828
0x005A427C,083cd8a8
0x005A4280,083ceec0
0x005A4294,0835dd10
0x005A4298,0835e644
0x005A42A0,083497bc
0x005A42A4,08349d10
0x005A42B0,083c8930
0x005A42B4,083c9efc
0x005A42B8,083ca0bc
0x005A42D8,0835e818
0x005A42DC,0835f178
0x005A42E4,083497bc
0x005A42E8,08349d10
0x005A42F4,083cf110
0x005A42F8,083d03b8
0x005A42FC,083d0524
0x005A431C,0835e818
0x005A4320,0835f178
0x005A4328,083497bc
0x005A432C,08349d10
0x005A4338,083d05a4
0x005A433C,083d21e0
0x005A4340,083d240c
0x005A4360,0835f348
0x005A4364,0835fff4
0x005A436C,083497bc
0x005A4370,08349d10
0x005A437C,083d248c
0x005A437D,08083d24
0x005A4380,083d3708
0x005A4384,083d3868
0x005A43A4,0835f348
0x005A43A8,0835fff4
0x005A43B0,083497bc
0x005A43B4,08349d10
0x005A43C0,083d38e8
0x005A43C4,083d4fa0
0x005A43C8,083d5140
0x005A43E8,08360224
0x005A43EC,08360a34
0x005A43F4,083497bc
0x005A43F8,08349d10
0x005A4404,083d51c0
0x005A4408,083d6290
0x005A440C,083d63d0
0x005A442C,08360224
0x005A4430,08360a34
0x005A4438,083497bc
0x005A443C,08349d10
0x005A4448,083d6450
0x005A444C,083d81e8
0x005A4450,083d83f8
0x005A4470,08360bfc
0x005A4474,08361924
0x005A447C,083497bc
0x005A4480,08349d10
0x005A448C,083d8478
0x005A4490,083da98c
0x005A4494,083dabf4
0x005A44B4,08361b84
0x005A44B8,0836288c
0x005A44C0,083497bc
0x005A44C4,08349d10
0x005A44D0,083dac74
0x005A44D4,083dd514
0x005A44D8,083dd754
0x005A44F8,08362ab0
0x005A44FC,0836360c
0x005A4504,083497bc
0x005A4508,08349d10
0x005A4514,083dd7d4
0x005A4518,083debcc
0x005A451C,083ded30
0x005A453C,08363804
0x005A4540,08364860
0x005A4548,083497bc
0x005A454C,08349d10
0x005A4558,083dedb0
0x005A455C,083e00c0
0x005A4560,083e0220
0x005A4580,08364ae8
0x005A4584,083656c0
0x005A458C,083497bc
0x005A4590,08349d10
0x005A459C,083e02a0
0x005A45A0,083e1760
0x005A45A4,083e1930
0x005A45BC,08070080
0x005A45C4,08364ae8
0x005A45C8,083656c0
0x005A45D0,083497bc
0x005A45D4,08349d10
0x005A45E0,083e19b0
0x005A45E4,083e2754
0x005A45E8,083e2858
0x005A45F0,083e28d8
0x005A45F4,083e34b4
0x005A4608,08364ae8
0x005A460C,083656c0
0x005A4614,083497bc
0x005A4618,08349d10
0x005A4624,083e36a0
0x005A4628,083e48a4
0x005A462C,083e4a48
0x005A4634,0837a5a0
0x005A4638,0837ae40
0x005A463C,0837af98
0x005A464C,083549a8
0x005A4650,08355588
0x005A4654,08355778
0x005A4658,083497bc
0x005A465C,08349d10
0x005A4668,083a59b0
0x005A466C,083a6a2c
0x005A4670,083a6b9c
0x005A4690,0834b248
0x005A4694,0834c1cc
0x005A4698,0834c418
0x005A469C,083497bc
0x005A46A0,08349d10
0x005A46AC,0837fb04
0x005A46B0,083816fc
0x005A46B4,083819b4
0x005A46D4,08364ae8
0x005A46D8,083656c0
0x005A46E0,083497bc
0x005A46E4,08349d10
0x005A46F0,083e02a0
0x005A46F4,083e1760
0x005A46F8,083e1930
0x005A4CEC,083f2cd0
0x005A4CF0,083f4c3c
0x005A4CF8,084060a8
0x005A4CFC,08406088
0x005A4D00,084060a0
0x005A4D08,083f4f64
0x005A4D0C,083f7248
0x005A4D14,084066b0
0x005A4D18,08406690
0x005A4D1C,084066a8
0x005A4D24,083f7594
0x005A4D28,083f95cc
0x005A4D30,08406c4c
0x005A4D34,08406c2c
0x005A4D38,08406c44
0x005A4D40,083f98ec
0x005A4D44,083fb9fc
0x005A4D4C,08407178
0x005A4D54,08407170
0x005A4D5C,08401a6c
0x005A4D60,08404084
0x005A4D68,084076e8
0x005A4D6C,084076c8
0x005A4D70,084076e0
0x005A4D78,083fdff0
0x005A4D7C,083ff3f8
0x005A4D84,08407c68
0x005A4D88,08407c48
0x005A4D8C,08407c60
0x005A4D94,083ff6b4
0x005A4D98,08401704
0x005A4DA0,08408810
0x005A4DA4,08408800
0x005A4DA8,0840880c
0x005A4DB0,083fbd40
0x005A4DB4,083fdc8c
0x005A4DBC,08408084
0x005A4DC0,08408064
0x005A4DC4,0840807c
0x005A4DCC,084043d0
0x005A4DD0,08405bc8
0x005A4DD8,084084b4
0x005A4DDC,084084a4
0x005A4DE0,084084b0
0x005A4DE8,0840d1a8
0x005A4E18,08408bd8
0x005A4E20,08409944
0x005A4E28,0840a724
0x005A4E30,0840b578
0x005A4E38,0840c2e0
0x005A4E40,0840df00
0x005A4E48,0840ea58
0x005A4E50,0840f61c
0x005A4E54,0841029c
0x005A4E58,0841031c
0x005A4E60,08410fe0
0x005A4E68,08411cd4
0x005A4E70,08412a04
0x005A4E78,084137b8
0x005A4E80,08414730
0x005A4E88,08415614
0x005A4E90,08416438
0x005A4E98,08416438
0x005A4EA0,08416438
0x005A4EA8,08416438
0x005A4EB0,08416438
0x005A4EB8,084171f8
0x005A4EC0,084171f8
0x005A4EC8,084171f8
0x005A4ED0,084171f8
0x005A4ED8,084171f8
0x005A4EE0,08417c34
0x005A4EE1,0808417c
0x005A4EE8,08417c34
0x005A4EE9,0808417c
0x005A4EF0,08417c34
0x005A4EF1,0808417c
0x005A4EF8,08417c34
0x005A4EF9,0808417c
0x005A4F00,08417c34
0x005A4F01,0808417c
0x005A4F08,08418a88
0x005A4F10,08419748
0x005A4F18,0841a3dc
0x005A4F20,08418a88
0x005A4F28,08418a88
0x005A4F30,0841b258
0x005A4F38,0841c00c
0x005A4F3C,0841cce8
0x005A4F40,0841b258
0x005A4F48,0841b258
0x005A4F50,0841b258
0x005A4F58,0841cd68
0x005A4F60,0841cd68
0x005A4F68,0841cd68
0x005A4F70,0841cd68
0x005A4F78,0841cd68
0x005A4F80,0841d984
0x005A4F88,0841d984
0x005A4F90,0841d984
0x005A4F98,0841d984
0x005A4FA0,0841d984
0x005A4FA8,0841e4cc
0x005A4FB0,0841e4cc
0x005A4FB8,0841e4cc
0x005A4FC0,0841e4cc
0x005A4FC8,0841e4cc
0x005A4FD0,0841f034
0x005A4FD8,0841f034
0x005A4FE0,0841f034
0x005A4FE8,0841f034
0x005A4FF0,0841f034
0x005A4FF8,0841fa00
0x005A5000,0841fa00
0x005A5008,0841fa00
0x005A5010,0841fa00
0x005A5018,0841fa00
0x005A5020,08420684
0x005A5028,08420684
0x005A5030,08420684
0x005A5038,08420684
0x005A5040,08420684
0x005A5048,084212ec
0x005A5050,084212ec
0x005A5058,084212ec
0x005A5060,084212ec
0x005A5068,084212ec
0x005A5070,08421e68
0x005A5078,08421e68
0x005A5080,08421e68
0x005A5088,08421e68
0x005A5090,08421e68
0x005A5098,08422dcc
0x005A50A0,08422dcc
0x005A50A8,08422dcc
0x005A50B0,08422dcc
0x005A50B8,08422dcc
0x005A50C0,08423a28
0x005A50C8,08423a28
0x005A50D0,08423a28
0x005A50D8,08423a28
0x005A50E0,08423a28
0x005A50E8,0842499c
0x005A50F0,0842499c
0x005A50F8,0842499c
0x005A5100,0842499c
0x005A5108,0842499c
0x005A5110,084254f8
0x005A5118,08426250
0x005A511C,08426eb4
0x005A5120,084254f8
0x005A5128,08426250
0x005A512C,08426eb4
0x005A5130,084254f8
0x005A5138,08426f34
0x005A5140,08427c14
0x005A5148,08428824
0x005A5150,08426f34
0x005A5158,08426f34
0x005A5160,08429264
0x005A5168,08429264
0x005A5170,08429264
0x005A5178,08429264
0x005A5180,08429264
0x005A5188,08429e6c
0x005A5190,08429e6c
0x005A5198,08429e6c
0x005A51A0,08429e6c
0x005A51A8,08429e6c
0x005A51B0,0842aa64
0x005A51B8,0842aa64
0x005A51C0,0842aa64
0x005A51C8,0842aa64
0x005A51D0,0842aa64
0x005A51D8,0842b574
0x005A51E0,0842b574
0x005A51E8,0842b574
0x005A51F0,0842b574
0x005A51F8,0842b574
0x005A5200,0842c264
0x005A5208,0842c264
0x005A5210,0842c264
0x005A5218,0842c264
0x005A5220,0842c264
0x005A5228,0842cf34
0x005A5230,0842cf34
0x005A5238,0842cf34
0x005A5240,0842cf34
0x005A5248,0842cf34
0x005A5250,0842de28
0x005A5254,0842e800
0x005A5258,0842de28
0x005A525C,0842e800
0x005A5260,0842de28
0x005A5264,0842e800
0x005A5268,0842de28
0x005A526C,0842e800
0x005A5270,0842de28
0x005A5274,0842e800
0x005A5278,0842e880
0x005A5280,0842e880
0x005A5288,0842e880
0x005A5290,0842e880
0x005A5298,0842e880
0x005A52A0,0842f308
0x005A52A5,080842fe
0x005A52A8,0842f308
0x005A52AD,080842fe
0x005A52B0,0842f308
0x005A52B5,080842fe
0x005A52B8,0842f308
0x005A52BD,080842fe
0x005A52C0,0842f308
0x005A52C8,0842fec4
0x005A52D0,0842fec4
0x005A52D8,0842fec4
0x005A52E0,0842fec4
0x005A52E8,0842fec4
0x005A52F0,08430d84
0x005A52F8,08430d84
0x005A5300,08430d84
0x005A5308,08430d84
0x005A5310,08430d84
0x005A5318,08431d44
0x005A5320,08431d44
0x005A5328,08431d44
0x005A5330,08431d44
0x005A5338,08431d44
0x005A5340,08432ce0
0x005A5348,08432ce0
0x005A5350,08432ce0
0x005A5358,08432ce0
0x005A5360,08432ce0
0x005A5368,08433d08
0x005A536D,08084346
0x005A5370,08433d08
0x005A5375,08084346
0x005A5378,08433d08
0x005A537D,08084346
0x005A5380,08433d08
0x005A5385,08084346
0x005A5388,08433d08
0x005A5390,08408bd8
0x005A5398,08408bd8
0x005A53A0,08408bd8
0x005A53A8,08408bd8
0x005A53B0,08408bd8
0x005A53B8,08408bd8
0x005A53C0,08408bd8
0x005A53C8,08408bd8
0x005A53D0,08408bd8
0x005A53D8,08408bd8
0x005A53E0,08408bd8
0x005A53E8,08408bd8
0x005A53F0,08408bd8
0x005A53F8,08408bd8
0x005A5400,08408bd8
0x005A5408,08408bd8
0x005A5410,08408bd8
0x005A5418,08408bd8
0x005A5420,08408bd8
0x005A5428,08408bd8
0x005A5430,08408bd8
0x005A5438,08408bd8
0x005A5440,08408bd8
0x005A5448,08408bd8
0x005A5450,08408bd8
0x005A5458,08434698
0x005A545C,08435278
0x005A5460,08434698
0x005A5464,08435278
0x005A5468,08434698
0x005A546C,08435278
0x005A5470,08434698
0x005A5474,08435278
0x005A5478,08434698
0x005A547C,08435278
0x005A5480,08408bd8
0x005A5488,08408bd8
0x005A5490,08408bd8
0x005A5498,08408bd8
0x005A54A0,08408bd8
0x005A54A8,084352f8
0x005A54AC,084361f8
0x005A54B0,084352f8
0x005A54B4,084361f8
0x005A54B8,084352f8
0x005A54BC,084361f8
0x005A54C0,084352f8
0x005A54C4,084361f8
0x005A54C8,084352f8
0x005A54CC,084361f8
0x005A54D0,08436278
0x005A54D8,08436278
0x005A54E0,08436278
0x005A54E8,08436278
0x005A54F0,08436278
0x005A54F8,084370cc
0x005A5500,084370cc
0x005A5508,084370cc
0x005A5510,084370cc
0x005A5518,084370cc
0x005A5520,08437eac
0x005A5528,08437eac
0x005A5530,08437eac
0x005A5538,08437eac
0x005A5540,08437eac
0x005A5548,08438be4
0x005A5550,08438be4
0x005A5558,08438be4
0x005A5560,08438be4
0x005A5568,08438be4
0x005A5570,084398b8
0x005A5578,084398b8
0x005A5580,084398b8
0x005A5588,084398b8
0x005A5590,084398b8
0x005A5598,0843a564
0x005A55A0,0843a564
0x005A55A8,0843a564
0x005A55B0,0843a564
0x005A55B8,0843a564
0x005A55C0,0843b178
0x005A55C8,0843b178
0x005A55D0,0843b178
0x005A55D8,0843b178
0x005A55E0,0843b178
0x005A55E8,0843c030
0x005A55F0,0843c030
0x005A55F8,0843c030
0x005A5600,0843c030
0x005A5608,0843c030
0x005A5610,0843cd64
0x005A5618,0843cd64
0x005A5620,0843cd64
0x005A5628,0843cd64
0x005A5630,0843cd64
0x005A5638,0843d9b8
0x005A5640,0843d9b8
0x005A5648,0843d9b8
0x005A5650,0843d9b8
0x005A5658,0843d9b8
0x005A5660,0843e550
0x005A5668,0843e550
0x005A5670,0843e550
0x005A5678,0843e550
0x005A5680,0843e550
0x005A5688,08408bd8
0x005A5690,08408bd8
0x005A5698,08408bd8
0x005A56A0,08408bd8
0x005A56A8,08408bd8
0x005A56B0,0843efcc
0x005A56B8,0843efcc
0x005A56C0,0843efcc
0x005A56C8,0843efcc
0x005A56D0,0843efcc
0x005A56D8,0841b258
0x005A56E0,0841b258
0x005A56E8,0841b258
0x005A56F0,0841b258
0x005A56F8,0841b258
0x005A5700,084212ec
0x005A5708,084212ec
0x005A5710,084212ec
0x005A5718,084212ec
0x005A5720,084212ec
0x005A5728,08417c34
0x005A5730,08417c34
0x005A5738,08417c34
0x005A5740,08417c34
0x005A5748,08417c34
0x005A5750,0841f034
0x005A5758,0841f034
0x005A5760,0841f034
0x005A5768,0841f034
0x005A5770,0841f034
0x005A5778,0843fc78
0x005A5780,0843fc78
0x005A5788,0843fc78
0x005A5790,0843fc78
0x005A5798,0843fc78
0x005A57A0,084407b8
0x005A57A8,084407b8
0x005A57B0,084407b8
0x005A57B8,084407b8
0x005A57C0,084407b8
0x005A63EC,085a6344
0x005A63F0,085a639c
0x005A63F4,085a63c0
0x005A65CC,085a63f4
0x005A65D0,085a6424
0x005A65D4,085a646c
0x005A65D8,085a64a8
0x005A65DC,085a64dc
0x005A65E0,085a64f4
0x005A65E4,085a651c
0x005A65E8,085a654c
0x005A65EC,085a6584
0x005A6D08,085a66d8
0x005A6D0C,085a66d8
0x005A6D10,085a66ec
0x005A6D14,085a6700
0x005A6D18,085a6714
0x005A6D1C,085a6724
0x005A6D20,085a6734
0x005A6D24,085a673c
0x005A6D28,085a6754
0x005A6D2C,085a6768
0x005A6D30,085a6788
0x005A6D34,085a6798
0x005A6D38,085a67ac
0x005A6D3C,085a67bc
0x005A6D40,085a67cc
0x005A6D44,085a67dc
0x005A6D48,085a67ec
0x005A6D4C,085a67fc
0x005A6D50,085a681c
0x005A6D54,085a6838
0x005A6D58,085a6848
0x005A6D5C,085a6850
0x005A6D60,085a685c
0x005A6D64,085a6864
0x005A6D68,085a687c
0x005A6D6C,085a6890
0x005A6D70,085a68a0
0x005A6D74,085a68b0
0x005A6D78,085a68c4
0x005A6D7C,085a68cc
0x005A6D80,085a68dc
0x005A6D84,085a68ec
0x005A6D88,085a68fc
0x005A6D89,08085a68
0x005A6D8C,085a6908
0x005A6D90,085a691c
0x005A6D94,085a6930
0x005A6D98,085a693c
0x005A6D9C,085a6954
0x005A6DA0,085a6960
0x005A6DA4,085a696c
0x005A6DA8,085a697c
0x005A6DAC,085a6988
0x005A6DB0,085a6998
0x005A6DB4,085a69a8
0x005A6DB8,085a69c4
0x005A6DBC,085a69e0
0x005A6DC0,085a69fc
0x005A6DC4,085a6a18
0x005A6DC8,085a6a30
0x005A6DCC,085a6a40
0x005A6DD0,085a6a4c
0x005A6DD4,085a6a5c
0x005A6DD8,085a6a68
0x005A6DDC,085a6a74
0x005A6DE0,085a6a84
0x005A6DE4,085a6a94
0x005A6DE8,085a6aa8
0x005A6DEC,085a6abc
0x005A6DF0,085a6ac8
0x005A6DF4,085a6ad4
0x005A6DF8,085a6ae8
0x005A6DFC,085a6af8
0x005A6E00,085a6b0c
0x005A6E04,085a6b20
0x005A6E08,085a6b38
0x005A6E0C,085a6b5c
0x005A6E10,085a6b7c
0x005A6E14,085a6b90
0x005A6E18,085a6ba8
0x005A6E1C,085a6bcc
0x005A6E20,085a6be4
0x005A6E21,08085a6b
0x005A6E24,085a6c08
0x005A6E28,085a6c20
0x005A6E2C,085a6c44
0x005A6E30,085a6c5c
0x005A6E34,085a6c70
0x005A6E38,085a6c84
0x005A6E3C,085a6c8c
0x005A6E40,085a6c94
0x005A6E44,085a6ca4
0x005A6E48,085a6cb8
0x005A6E4C,085a6ccc
0x005A6E50,085a6cd4
0x005A6E54,085a6cdc
0x005A6E58,085a6ce8
0x005A6E5C,085a6cf4
0x005A6E60,085a6cfc
0x005A7064,085a6e60
0x005A7068,085a6e60
0x005A706C,085a6e68
0x005A7070,085a6e70
0x005A7074,085a6e78
0x005A7078,085a6e80
0x005A707C,085a6e8c
0x005A7080,085a6e98
0x005A7084,085a6ea4
0x005A7088,085a6eac
0x005A708C,085a6eb8
0x005A7090,085a6ec4
0x005A7094,085a6ed0
0x005A7098,085a6edc
0x005A709C,085a6ee8
0x005A70A0,085a6ef4
0x005A70A4,085a6efc
0x005A70A8,085a6f08
0x005A70AC,085a6f10
0x005A70B0,085a6f1c
0x005A70B4,085a6f24
0x005A70B8,085a6f30
0x005A70BC,085a6f3c
0x005A70C0,085a6f48
0x005A70C4,085a6f50
0x005A70C8,085a6f60
0x005A70CC,085a6f6c
0x005A70D0,085a6f7c
0x005A70D4,085a6f8c
0x005A70D8,085a6f94
0x005A70DC,085a6fa4
0x005A70E0,085a6fac
0x005A70E4,085a6fb8
0x005A70E8,085a6fc4
0x005A70EC,085a6fd0
0x005A70F0,085a6fdc
0x005A70F4,085a6ff0
0x005A70F8,085a7000
0x005A70FC,085a700c
0x005A7100,085a701c
0x005A7104,085a702c
0x005A7108,085a7034
0x005A710C,085a703c
0x005A7110,085a7048
0x005A7114,085a7054
0x005A73E4,085a7114
0x005A73E8,085a7114
0x005A73EC,085a7120
0x005A73F0,085a712c
0x005A73F4,085a7138
0x005A73F8,085a7140
0x005A73FC,085a714c
0x005A7400,085a7158
0x005A7404,085a7168
0x005A7408,085a7174
0x005A740C,085a7188
0x005A7410,085a719c
0x005A7414,085a71b0
0x005A7418,085a71c4
0x005A741C,085a71d4
0x005A7420,085a71e8
0x005A7424,085a71f4
0x005A7425,08085a71
0x005A7428,085a7208
0x005A742C,085a7210
0x005A7430,085a7220
0x005A7434,085a722c
0x005A7438,085a7238
0x005A743C,085a724c
0x005A7440,085a7260
0x005A7444,085a726c
0x005A7448,085a7280
0x005A744C,085a7294
0x005A7450,085a72a4
0x005A7454,085a72b8
0x005A7458,085a72c0
0x005A745C,085a72d0
0x005A7460,085a72dc
0x005A7464,085a72f0
0x005A7468,085a7300
0x005A746C,085a7314
0x005A7470,085a7328
0x005A7474,085a733c
0x005A7478,085a7354
0x005A747C,085a7368
0x005A7480,085a737c
0x005A7484,085a738c
0x005A7488,085a7398
0x005A748C,085a73a4
0x005A7490,085a73b8
0x005A7494,085a73cc
0x005A7C54,085a7494
0x005A7C58,085a7494
0x005A7C5C,085a74a8
0x005A7C60,085a74bc
0x005A7C64,085a74dc
0x005A7C68,085a74f8
0x005A7C69,08085a74
0x005A7C6C,085a7508
0x005A7C70,085a7524
0x005A7C74,085a753c
0x005A7C78,085a7550
0x005A7C7C,085a7570
0x005A7C80,085a7588
0x005A7C84,085a7598
0x005A7C88,085a75b4
0x005A7C8C,085a75cc
0x005A7C90,085a75e0
0x005A7C94,085a7600
0x005A7C98,085a7618
0x005A7C9C,085a762c
0x005A7CA0,085a7634
0x005A7CA4,085a7644
0x005A7CA8,085a7660
0x005A7CAC,085a7678
0x005A7CB0,085a7684
0x005A7CB4,085a769c
0x005A7CB8,085a76b0
0x005A7CBC,085a76bc
0x005A7CC0,085a76d4
0x005A7CC4,085a76e8
0x005A7CC8,085a76f8
0x005A7CCC,085a7714
0x005A7CD0,085a7728
0x005A7CD4,085a7734
0x005A7CD8,085a774c
0x005A7CDC,085a775c
0x005A7CE0,085a776c
0x005A7CE4,085a7788
0x005A7CE8,085a779c
0x005A7CEC,085a77a8
0x005A7CF0,085a77b8
0x005A7CF4,085a77cc
0x005A7CF8,085a77d8
0x005A7CFC,085a77f0
0x005A7D00,085a7804
0x005A7D04,085a7814
0x005A7D08,085a7830
0x005A7D0C,085a7848
0x005A7D10,085a7858
0x005A7D14,085a7874
0x005A7D18,085a788c
0x005A7D1C,085a789c
0x005A7D20,085a78b8
0x005A7D24,085a78cc
0x005A7D28,085a78dc
0x005A7D2C,085a78f8
0x005A7D30,085a790c
0x005A7D34,085a7918
0x005A7D38,085a7930
0x005A7D3C,085a7944
0x005A7D40,085a7954
0x005A7D44,085a7970
0x005A7D48,085a7988
0x005A7D4C,085a7998
0x005A7D50,085a79b4
0x005A7D54,085a79cc
0x005A7D58,085a79dc
0x005A7D5C,085a79f8
0x005A7D60,085a7a0c
0x005A7D64,085a7a18
0x005A7D68,085a7a30
0x005A7D6C,085a7a44
0x005A7D70,085a7a54
0x005A7D74,085a7a70
0x005A7D78,085a7a88
0x005A7D7C,085a7a98
0x005A7D80,085a7ab4
0x005A7D84,085a7acc
0x005A7D88,085a7adc
0x005A7D8C,085a7af8
0x005A7D90,085a7b0c
0x005A7D94,085a7b1c
0x005A7D98,085a7b38
0x005A7D9C,085a7b50
0x005A7DA0,085a7b60
0x005A7DA4,085a7b7c
0x005A7DA8,085a7b90
0x005A7DAC,085a7ba0
0x005A7DB0,085a7bbc
0x005A7DB4,085a7bd0
0x005A7DB8,085a7be0
0x005A7DBC,085a7bfc
0x005A7DC0,085a7c10
0x005A7DC4,085a7c20
0x005A7DC8,085a7c3c
0x005A7E90,085a7dc8
0x005A7E94,085a7dc8
0x005A7E98,085a7dd4
0x005A7E9C,085a7de0
0x005A7EA0,085a7dec
0x005A7EA4,085a7df4
0x005A7EA8,085a7dfc
0x005A7EAC,085a7e04
0x005A7EB0,085a7e10
0x005A7EB4,085a7e1c
0x005A7EB8,085a7e28
0x005A7EBC,085a7e34
0x005A7EC0,085a7e40
0x005A7EC4,085a7e4c
0x005A7EC8,085a7e58
0x005A7ECC,085a7e68
0x005A7ED0,085a7e78
0x005A7ED4,085a7e84
0x005A7FD0,085a7ed4
0x005A7FD4,085a7ed4
0x005A7FD8,085a7ee0
0x005A7FDC,085a7eec
0x005A7FE0,085a7efc
0x005A7FE4,085a7f08
0x005A7FE8,085a7f14
0x005A7FEC,085a7f1c
0x005A7FF0,085a7f2c
0x005A7FF4,085a7f3c
0x005A7FF8,085a7f4c
0x005A7FFC,085a7f58
0x005A8000,085a7f68
0x005A8004,085a7f7c
0x005A8008,085a7f8c
0x005A800C,085a7f9c
0x005A8010,085a7fac
0x005A8014,085a7fbc
0x005A8018,084414e4
0x005A801C,084491d8
0x005A8024,084497bc
0x005A8028,08450298
0x005A8030,0845087c
0x005A8034,08457898
0x005A83DC,085a8068
0x005A83E0,085a807c
0x005A83E4,085a80a8
0x005A83E8,085a80c4
0x005A83EC,085a80e0
0x005A83F0,085a810c
0x005A83F4,085a812c
0x005A83F8,085a8148
0x005A83FC,085a8174
0x005A8400,085a81a4
0x005A8404,085a81d8
0x005A8408,085a81e8
0x005A840C,085a8200
0x005A8410,085a821c
0x005A8414,085a8238
0x005A8418,085a825c
0x005A841C,085a8294
0x005A8420,085a82ac
0x005A8424,085a82cc
0x005A8428,085a82e4
0x005A842C,085a8300
0x005A8430,085a8330
0x005A8434,085a8368
0x005A8438,085a83a8
0x005A87A0,085a8438
0x005A87A4,085a8454
0x005A87A8,085a8478
0x005A87AC,085a84a0
0x005A87B0,085a84c0
0x005A87B4,085a84dc
0x005A87B8,085a8504
0x005A87BC,085a852c
0x005A87C0,085a854c
0x005A87C4,085a8568
0x005A87C8,085a8584
0x005A87CC,085a8594
0x005A87D0,085a85bc
0x005A87D4,085a85e4
0x005A87D5,08085a85
0x005A87D8,085a8608
0x005A87DC,085a8628
0x005A87E0,085a8650
0x005A87E4,085a8670
0x005A87E8,085a86a0
0x005A87EC,085a86d0
0x005A87F0,085a86f0
0x005A87F4,085a8720
0x005A87F8,085a8750
0x005A87FC,085a8770
0x005A8990,085a87fc
0x005A8994,085a8844
0x005A8998,085a8884
0x005A899C,085a88d0
0x005A899D,08085a88
0x005A89A0,085a8908
0x005A89A4,085a893c
0x005A89B7,08070605
0x005A8A3C,085a89c8
0x005A8A40,085a87fc
0x005A8A48,085a89e0
0x005A8A4C,085a8844
0x005A8A54,085a89f0
0x005A8A58,085a8884
0x005A8A60,085a8a00
0x005A8A64,085a88d0
0x005A8A6C,085a8a14
0x005A8A6D,08085a8a
0x005A8A70,085a8908
0x005A8A78,085a8a24
0x005A8A7C,085a893c
0x005AA184,085a8aa0
0x005AA188,085a8aa8
0x005AA18C,085a8ae4
0x005AA190,085a8b2c
0x005AA194,085a8b74
0x005AA198,085a8bd4
0x005AA199,08085a8b
0x005AA19C,085a8c08
0x005AA1A0,085a8c4c
0x005AA1A4,085a8c88
0x005AA1A8,085a8ccc
0x005AA1AC,085a8d20
0x005AA1B0,085a8d38
0x005AA1B4,085a8d50
0x005AA1B8,085a8d90
0x005AA1BC,085a8da8
0x005AA1C0,085a8df8
0x005AA1C4,085a8e4c
0x005AA1C8,085a8ea4
0x005AA1CC,085a8ebc
0x005AA1D0,085a8ed4
0x005AA1D4,085a8f0c
0x005AA1D8,085a8f60
0x005AA1DC,085a8fb4
0x005AA1E0,085a8ff0
0x005AA1E4,085a9038
0x005AA1E8,085a9088
0x005AA1EC,085a90d8
0x005AA1F0,085a912c
0x005AA1F4,085a918c
0x005AA1F8,085a91d0
0x005AA1FC,085a9220
0x005AA200,085a9274
0x005AA204,085a92d0
0x005AA208,085a9324
0x005AA20C,085a9374
0x005AA210,085a93bc
0x005AA214,085a940c
0x005AA218,085a944c
0x005AA21C,085a9498
0x005AA220,085a94e4
0x005AA224,085a9540
0x005AA228,085a95a4
0x005AA22C,085a95dc
0x005AA230,085a960c
0x005AA234,085a9660
0x005AA238,085a96b8
0x005AA23C,085a970c
0x005AA240,085a9764
0x005AA244,085a97b4
0x005AA248,085a9814
0x005AA24C,085a9874
0x005AA250,085a98c0
0x005AA251,08085a98
0x005AA254,085a9908
0x005AA258,085a994c
0x005AA25C,085a99a8
0x005AA260,085a99fc
0x005AA264,085a9a3c
0x005AA268,085a9a8c
0x005AA26C,085a9ad4
0x005AA270,085a9b2c
0x005AA274,085a9b6c
0x005AA278,085a9bb8
0x005AA27C,085a9bf0
0x005AA280,085a9c30
0x005AA284,085a9c80
0x005AA288,085a9cb4
0x005AA28C,085a9cfc
0x005AA290,085a9d3c
0x005AA294,085a9d8c
0x005AA298,085a9dc8
0x005AA29C,085a9e04
0x005AA2A0,085a9e40
0x005AA2A4,085a9e7c
0x005AA2A8,085a9eb8
0x005AA2AC,085a9ef4
0x005AA2B0,085a9f3c
0x005AA2B4,085a9f84
0x005AA2B8,085a9fc4
0x005AA2BC,085aa004
0x005AA2C0,085aa034
0x005AA2C4,085aa06c
0x005AA2C8,085aa0ac
0x005AA2CC,085aa0d4
0x005AA2D0,085aa0fc
0x005AA2D4,085aa114
0x005AA2D8,085aa13c
0x005AA2DC,085aa168
0x005AAEE0,085aa2dc
0x005AAEE4,085aa2e4
0x005AAEE8,085aa328
0x005AAEEC,085aa36c
0x005AAEF0,085aa3ac
0x005AAEF4,085aa3e4
0x005AAEF8,085aa41c
0x005AAEFC,085aa468
0x005AAF00,085aa4a8
0x005AAF04,085aa4fc
0x005AAF08,085aa53c
0x005AAF0C,085aa570
0x005AAF10,085aa5a0
0x005AAF14,085aa5dc
0x005AAF18,085aa620
0x005AAF1C,085aa658
0x005AAF20,085aa69c
0x005AAF24,085aa6e8
0x005AAF28,085aa730
0x005AAF2C,085aa778
0x005AAF30,085aa7c4
0x005AAF34,085aa80c
0x005AAF38,085aa84c
0x005AAF3C,085aa890
0x005AAF40,085aa8ec
0x005AAF44,085aa948
0x005AAF48,085aa9a8
0x005AAF4C,085aa9f4
0x005AAF50,085aaa30
0x005AAF54,085aaa74
0x005AAF58,085aaabc
0x005AAF5C,085aab10
0x005AAF60,085aab4c
0x005AAF64,085aab7c
0x005AAF68,085aabc4
0x005AAF6C,085aac0c
0x005AAF70,085aac54
0x005AAF74,085aac98
0x005AAF78,085aacd4
0x005AAF7C,085aad2c
0x005AAF80,085aad7c
0x005AAF84,085aadb4
0x005AAF88,085aadf8
0x005AAF8C,085aae44
0x005AAF90,085aae8c
0x005AC894,085aaf90
0x005AC898,085aaf98
0x005AC89C,085aafc4
0x005AC8A0,085aaffc
0x005AC8A4,085ab028
0x005AC8A8,085ab05c
0x005AC8AC,085ab098
0x005AC8B0,085ab0d0
0x005AC8B4,085ab104
0x005AC8B8,085ab150
0x005AC8BC,085ab188
0x005AC8C0,085ab1b8
0x005AC8C4,085ab204
0x005AC8C8,085ab24c
0x005AC8CC,085ab2a8
0x005AC8CD,08085ab2
0x005AC8D0,085ab308
0x005AC8D4,085ab358
0x005AC8D8,085ab3a0
0x005AC8DC,085ab3ec
0x005AC8E0,085ab41c
0x005AC8E4,085ab458
0x005AC8E8,085ab484
0x005AC8EC,085ab4b8
0x005AC8F0,085ab4ec
0x005AC8F4,085ab528
0x005AC8F8,085ab554
0x005AC8FC,085ab590
0x005AC900,085ab5d8
0x005AC904,085ab618
0x005AC908,085ab678
0x005AC90C,085ab6c4
0x005AC910,085ab724
0x005AC914,085ab758
0x005AC918,085ab788
0x005AC91C,085ab7cc
0x005AC920,085ab810
0x005AC924,085ab854
0x005AC928,085ab894
0x005AC92C,085ab8d4
0x005AC930,085ab924
0x005AC934,085ab980
0x005AC938,085ab9d0
0x005AC93C,085aba10
0x005AC940,085aba60
0x005AC944,085abaac
0x005AC948,085abb0c
0x005AC94C,085abb6c
0x005AC950,085abbc8
0x005AC954,085abc14
0x005AC958,085abc68
0x005AC95C,085abc9c
0x005AC960,085abce4
0x005AC964,085abd28
0x005AC968,085abd74
0x005AC96C,085abdac
0x005AC970,085abdec
0x005AC974,085abe30
0x005AC978,085abe6c
0x005AC97C,085abeac
0x005AC980,085abef8
0x005AC984,085abf34
0x005AC988,085abf74
0x005AC98C,085abfc4
0x005AC990,085ac000
0x005AC994,085ac03c
0x005AC998,085ac084
0x005AC99C,085ac0bc
0x005AC9A0,085ac0f8
0x005AC9A4,085ac154
0x005AC9A8,085ac198
0x005AC9AC,085ac1e4
0x005AC9B0,085ac234
0x005AC9B4,085ac28c
0x005AC9B8,085ac2e8
0x005AC9BC,085ac334
0x005AC9C0,085ac368
0x005AC9C4,085ac3a0
0x005AC9C8,085ac3f0
0x005AC9CC,085ac42c
0x005AC9D0,085ac470
0x005AC9D4,085ac4bc
0x005AC9D8,085ac4fc
0x005AC9DC,085ac540
0x005AC9E0,085ac59c
0x005AC9E4,085ac5dc
0x005AC9E8,085ac620
0x005AC9EC,085ac670
0x005AC9F0,085ac6b0
0x005AC9F4,085ac6f4
0x005AC9F8,085ac73c
0x005AC9FC,085ac778
0x005ACA00,085ac7bc
0x005ACA04,085ac814
0x005ACA08,085ac850
0x005ACFA9,080000e8
0x005ACFAC,085aca08
0x005ACFB0,085aca10
0x005ACFB4,085aca74
0x005ACFB8,085acaac
0x005ACFBC,085acaf8
0x005ACFC0,085acb58
0x005ACFC4,085acbb0
0x005ACFC8,085acc04
0x005ACFCC,085acc58
0x005ACFD0,085accb0
0x005ACFD4,085acd0c
0x005ACFD8,085acd54
0x005ACFDC,085acda4
0x005ACFE0,085ace04
0x005ACFE4,085ace64
0x005ACFE8,085acebc
0x005ACFEC,085acf14
0x005ACFF0,085acf6c
0x005ADA3C,085acff0
0x005ADA40,085acff8
0x005ADA44,085ad024
0x005ADA48,085ad050
0x005ADA4C,085ad07c
0x005ADA50,085ad0a8
0x005ADA54,085ad0c0
0x005ADA58,085ad0ec
0x005ADA5C,085ad104
0x005ADA60,085ad130
0x005ADA64,085ad15c
0x005ADA68,085ad174
0x005ADA6C,085ad18c
0x005ADA70,085ad1b8
0x005ADA74,085ad1d0
0x005ADA78,085ad1fc
0x005ADA7C,085ad228
0x005ADA80,085ad240
0x005ADA84,085ad258
0x005ADA88,085ad270
0x005ADA8C,085ad2a0
0x005ADA90,085ad2a8
0x005ADA94,085ad2d4
0x005ADA98,085ad300
0x005ADA9C,085ad32c
0x005ADAA0,085ad358
0x005ADAA4,085ad384
0x005ADAA8,085ad3b0
0x005ADAAC,085ad3dc
0x005ADAAD,08085ad3
0x005ADAB0,085ad408
0x005ADAB4,085ad434
0x005ADAB8,085ad460
0x005ADABC,085ad48c
0x005ADAC0,085ad4b8
0x005ADAC4,085ad4e4
0x005ADAC8,085ad510
0x005ADACC,085ad53c
0x005ADAD0,085ad568
0x005ADAD4,085ad594
0x005ADAD8,085ad5c0
0x005ADADC,085ad5c8
0x005ADAE0,085ad5d0
0x005ADAE4,085ad5fc
0x005ADAE8,085ad628
0x005ADAEC,085ad654
0x005ADAF0,085ad680
0x005ADAF4,085ad6ac
0x005ADAF8,085ad6d8
0x005ADAFC,085ad704
0x005ADB00,085ad730
0x005ADB04,085ad75c
0x005ADB08,085ad788
0x005ADB0C,085ad7a0
0x005ADB10,085ad7b8
0x005ADB14,085ad7e4
0x005ADB18,085ad810
0x005ADB1C,085ad83c
0x005ADB20,085ad868
0x005ADB24,085ad894
0x005ADB28,085ad8c0
0x005ADB2C,085ad8ec
0x005ADB30,085ad918
0x005ADB34,085ad930
0x005ADB38,085ad95c
0x005ADB3C,085ad988
0x005ADB40,085ad9b4
0x005ADB44,085ad9e0
0x005ADB48,085ada0c
0x005AE2B8,085adb48
0x005AE2BC,085adb50
0x005AE2C0,085adb7c
0x005AE2C4,085adba8
0x005AE2C8,085adbd4
0x005AE2CC,085adc00
0x005AE2D0,085adc2c
0x005AE2D4,085adc58
0x005AE2D8,085adc84
0x005AE2DC,085adcb0
0x005AE2E0,085adcdc
0x005AE2E1,08085adc
0x005AE2E4,085add08
0x005AE2E8,085add34
0x005AE2EC,085add60
0x005AE2F0,085add8c
0x005AE2F4,085addb8
0x005AE2F8,085adde4
0x005AE2FC,085ade10
0x005AE300,085ade3c
0x005AE304,085ade68
0x005AE308,085ade94
0x005AE30C,085adec0
0x005AE310,085adeec
0x005AE314,085adf18
0x005AE318,085adf44
0x005AE31C,085adf74
0x005AE320,085adfa4
0x005AE324,085adfbc
0x005AE328,085adfe4
0x005AE32C,085ae010
0x005AE330,085ae03c
0x005AE334,085ae068
0x005AE338,085ae090
0x005AE33C,085ae0b8
0x005AE340,085ae0e4
0x005AE344,085ae10c
0x005AE348,085ae134
0x005AE34C,085ae160
0x005AE350,085ae18c
0x005AE354,085ae1bc
0x005AE358,085ae1e8
0x005AE35C,085ae210
0x005AE360,085ae238
0x005AE364,085ae260
0x005AE368,085ae28c
0x005AE372,0804081a
0x005AE374,08090804
0x005AE3FA,080d0000
0x005AE40C,08030a0a
0x005AE42C,0809412d
0x005AE430,08094179
0x005AE434,080941d1
0x005AE438,08094229
0x005AE43C,08094281
0x005AE440,080942d9
0x005AE444,08094331
0x005AE448,08094389
0x005AE44C,080943e1
0x005AE494,0853d5b0
